date,date_quality,hydrological_year,canton,municipality,latitude,longitude,coordinates_quality,elevation,aspect,inclination,danger_level,danger_level_sub,danger_level_2,danger_level_2_sub,in_core_zone,dead,caught,fully_buried,activity,month,fatal
1970-10-05,0.0,1970/71,BE,Guttannen,46.57536539,8.33961337,,,,,,,,,,0.0,3.0,0.0,transportation.corridor,10,0
1970-10-23,0.0,1970/71,UR,Realp,46.57494541,8.41349712,0.0,2600.0,SE,,,,,,,1.0,5.0,1.0,transportation.corridor,10,1
1970-12-27,0.0,1970/71,SG,Mels,46.95853095,9.38751935,0.0,2770.0,NE,,,,,,,0.0,1.0,1.0,tour,12,0
1970-12-28,0.0,1970/71,SG,Grabs,47.15748043,9.33046148,100.0,1980.0,NW,,,,,,,1.0,1.0,1.0,tour,12,1
1971-01-03,0.0,1970/71,GR,Davos,46.69935397,9.92359508,0.0,2470.0,NW,,,,,,,1.0,1.0,1.0,tour,1,1
1971-01-03,0.0,1970/71,TI,Quinto,46.53204225,8.66783332,0.0,2170.0,S,,,,,,,1.0,1.0,1.0,tour,1,1
1971-01-23,0.0,1970/71,GR,Langwies,46.81699976,9.79760357,250.0,2400.0,NW,,,,,,,0.0,2.0,0.0,transportation.corridor,1,0
1971-01-24,0.0,1970/71,UR,Bürglen,46.853289,8.69877481,0.0,1400.0,N,,,,,,,1.0,1.0,0.0,transportation.corridor,1,1
1971-01-29,0.0,1970/71,BE,Adelboden,46.46441228,7.4952663,100.0,2230.0,SE,,,,,,,0.0,1.0,0.0,transportation.corridor,1,0
1971-01-30,0.0,1970/71,GL,Matt,47.01216215,9.23864704,0.0,2120.0,SW,,,,,,,0.0,1.0,0.0,tour,1,0
1971-01-30,0.0,1970/71,GL,Matt,47.0049007,9.23695663,0.0,2000.0,SW,,,,,,,1.0,1.0,1.0,tour,1,1
1971-01-30,0.0,1970/71,SG,Amden,47.17172578,9.15350771,0.0,1720.0,N,,,,,,,1.0,2.0,1.0,tour,1,1
1971-01-31,0.0,1970/71,NW,Wolfenschiessen,46.85786748,8.46576757,0.0,2500.0,W,,,,,,,1.0,8.0,2.0,tour,1,1
1971-01-31,0.0,1970/71,NW,Wolfenschiessen,46.78545649,8.38678938,100.0,1960.0,NW,,,,,,,0.0,2.0,1.0,offpiste,1,0
1971-02-01,0.0,1970/71,GR,Tavetsch/Tujetsch,46.66953686,8.70252489,100.0,2240.0,E,,,,,,,0.0,1.0,1.0,offpiste,2,0
1971-02-02,0.0,1970/71,GR,Langwies,46.81430251,9.79093099,0.0,2180.0,N,35_40,,,,,,1.0,3.0,2.0,tour,2,1
1971-02-02,0.0,1970/71,VS,Nendaz,46.11657541,7.30294666,100.0,2100.0,E,,,,,,,1.0,1.0,1.0,offpiste,2,1
1971-02-06,0.0,1970/71,GR,Parpan,46.7506336,9.57578873,100.0,1920.0,W,,,,,,,0.0,1.0,1.0,,2,0
1971-02-13,0.0,1970/71,AI,Schwende,47.25472101,9.40163237,100.0,1890.0,NW,,,,,,,1.0,2.0,2.0,tour,2,1
1971-02-17,0.0,1970/71,GL,Haslen,46.9516949,9.06436265,0.0,1795.0,N,35_40,,,,,,1.0,8.0,1.0,tour,2,1
1971-02-17,0.0,1970/71,Gl,Haslen,46.95145143,9.06566918,0.0,1780.0,N,,,,,,,0.0,1.0,0.0,tour,2,0
1971-02-17,0.0,1970/71,SG,Quarten,47.08082239,9.26084262,0.0,1650.0,N,,,,,,,1.0,2.0,2.0,transportation.corridor,2,1
1971-02-19,0.0,1970/71,SZ,Oberiberg,47.00513066,8.7796686,100.0,1560.0,NW,,,,,,,1.0,1.0,1.0,offpiste,2,1
1971-02-19,0.0,1970/71,SG,Flums,47.08405185,9.29236864,100.0,1500.0,NW,,,,,,,0.0,7.0,2.0,offpiste,2,0
1971-02-19,0.0,1970/71,LI,Vaduz,47.09825418,9.60146213,,1790.0,NW,40_45,,,,,,2.0,5.0,0.0,offpiste,2,1
1971-02-20,0.0,1970/71,BE,Grindelwald,46.61510491,7.94423958,500.0,2160.0,E,,,,,,,0.0,1.0,0.0,offpiste,2,0
1971-02-20,0.0,1970/71,VD,Rougemont,46.45857791,7.21194975,100.0,1940.0,NE,,,,,,,0.0,3.0,0.0,offpiste,2,0
1971-02-21,0.0,1970/71,SZ,Riemenstalden,46.94420246,8.71463419,0.0,1580.0,N,,,,,,,1.0,3.0,1.0,tour,2,1
1971-02-21,0.0,1970/71,VS,Monthey,46.20630342,6.94596254,500.0,1995.0,NW,,,,,,,1.0,11.0,1.0,tour,2,1
1971-02-21,0.0,1970/71,Gl,Niederurnen,47.11863675,8.99595252,0.0,1580.0,NW,,,,,,,0.0,1.0,0.0,tour,2,0
1971-02-21,0.0,1970/71,Gl,Mühlehorn,47.0793993,9.1755777,250.0,1820.0,N,,,,,,,1.0,1.0,1.0,tour,2,1
1971-02-22,0.0,1970/71,NW,Wolfenschiessen,46.79894871,8.35951696,250.0,1900.0,NE,,,,,,,0.0,3.0,0.0,transportation.corridor,2,0
1971-02-24,0.0,1970/71,NW,Beckenried,46.934148,8.47641845,100.0,1680.0,NW,,,,,,,0.0,1.0,0.0,transportation.corridor,2,0
1971-02-28,0.0,1970/71,BE,Diemtigen,46.54043331,7.54631834,0.0,2290.0,W,,,,,,,4.0,6.0,6.0,tour,2,1
1971-02-28,0.0,1970/71,GR,Davos,46.7927009,9.83650469,0.0,1780.0,N,,,,,,,0.0,1.0,1.0,transportation.corridor,2,0
1971-03-02,0.0,1970/71,SG,Pfäfers,46.97661235,9.50090907,0.0,1400.0,NW,,,,,,,2.0,2.0,2.0,transportation.corridor,3,1
1971-03-21,0.0,1970/71,VS,Bourg-Saint-Pierre,45.91995121,7.25110485,0.0,2500.0,N,,,,,,,5.0,5.0,4.0,tour,3,1
1971-03-21,0.0,1970/71,BE,Frutigen,46.52726848,7.60872169,100.0,1360.0,NE,,,,,,,0.0,1.0,1.0,offpiste,3,0
1971-03-24,0.0,1970/71,GR,Davos,46.82772103,9.83380408,500.0,2180.0,SE,,,,,,,0.0,1.0,0.0,offpiste,3,0
1971-04-04,0.0,1970/71,VS,Saas-Fee,46.06896046,7.91592154,100.0,2990.0,,,,,,,,0.0,2.0,2.0,transportation.corridor,4,0
1971-04-08,0.0,1970/71,GR,Flims,46.85746332,9.24055436,250.0,1950.0,E,45_90,,,,,,0.0,2.0,0.0,transportation.corridor,4,0
1971-04-09,0.0,1970/71,GR,Davos,46.83513876,9.83413436,100.0,2100.0,E,30_35,,,,,,0.0,2.0,1.0,offpiste,4,0
1971-04-09,0.0,1970/71,GR,Laax,46.84783678,9.21170832,250.0,1890.0,NE,,,,,,,0.0,1.0,1.0,offpiste,4,0
1971-04-11,0.0,1970/71,GR,Davos,46.83200664,9.84186284,0.0,1900.0,N,30_35,,,,,,0.0,5.0,2.0,transportation.corridor,4,0
1971-04-12,0.0,1970/71,GR,Furna,46.91391724,9.65378842,100.0,1840.0,N,,,,,,,1.0,1.0,1.0,tour,4,1
1971-05-08,0.0,1970/71,VS,Saas-Fee,46.04794749,7.8849904,100.0,3820.0,NE,,,,,,,0.0,1.0,1.0,tour,5,0
1971-07-05,0.0,1970/71,BE,Guttannen,46.59021217,8.24439266,250.0,3000.0,E,,,,,,,1.0,2.0,0.0,tour,7,1
1971-11-13,0.0,1971/72,GR,Scuol,46.6814188,10.33087304,100.0,2850.0,N,,,,,,,0.0,1.0,1.0,tour,11,0
1971-11-21,0.0,1971/72,UR,Schattdorf,46.83046538,8.69627442,0.0,2240.0,NW,,,,,,,1.0,3.0,3.0,tour,11,1
1971-12-31,0.0,1971/72,BE,Grindelwald,46.59147894,7.95693731,0.0,2140.0,NE,40_45,,,,,,1.0,1.0,1.0,tour,12,1
1972-02-02,0.0,1971/72,VS,Nendaz,46.09732687,7.30448151,250.0,2600.0,N,,,,,,,0.0,1.0,1.0,tour,2,0
1972-02-04,0.0,1971/72,UR,Realp,46.54328824,8.47348948,100.0,2700.0,SE,,,,,,,0.0,1.0,1.0,tour,2,0
1972-02-12,0.0,1971/72,VS,Chandolin,46.24795624,7.60726575,250.0,2060.0,SW,,,,,,,1.0,1.0,1.0,offpiste,2,1
1972-02-15,0.0,1971/72,GR,Laax,46.87671151,9.20347535,100.0,2600.0,SW,,,,,,,0.0,1.0,1.0,offpiste,2,0
1972-02-17,0.0,1971/72,VS,Nendaz,46.11317998,7.32352085,0.0,2170.0,NW,,,,,,,0.0,1.0,1.0,tour,2,0
1972-02-18,0.0,1971/72,GR,Tschiertschen,46.77107112,9.59676916,0.0,2560.0,E,,,,,,,1.0,1.0,1.0,tour,2,1
1972-02-19,0.0,1971/72,SZ,Innerthal,47.04981169,8.94538282,100.0,2180.0,NW,40_45,,,,,,1.0,1.0,1.0,tour,2,1
1972-02-19,0.0,1971/72,GR,Klosters,46.85931427,10.04546691,0.0,2440.0,W,,,,,,,2.0,2.0,2.0,tour,2,1
1972-02-21,0.0,1971/72,BE,Kandersteg,46.44532374,7.65798167,0.0,2260.0,NW,,,,,,,2.0,3.0,2.0,tour,2,1
1972-02-21,0.0,1971/72,GR,Klosters,46.85618624,9.85179896,0.0,2200.0,NE,35_40,,,,,,1.0,1.0,1.0,offpiste,2,1
1972-02-25,0.0,1971/72,GR,Pontresina,46.49708781,9.92310572,250.0,2600.0,SW,,,,,,,0.0,2.0,1.0,transportation.corridor,2,0
1972-03-02,0.0,1971/72,GR,Tavetsch/Tujetsch,46.66853221,8.70792504,0.0,2120.0,NE,,,,,,,1.0,1.0,1.0,offpiste,3,1
1972-03-04,0.0,1971/72,VD,Rougemont,46.46329838,7.21082349,0.0,2260.0,N,,,,,,,1.0,1.0,0.0,tour,3,1
1972-03-08,0.0,1971/72,GR,Celerina/Schlarigna,46.51445385,9.8267822,0.0,2330.0,N,,,,,,,0.0,3.0,1.0,transportation.corridor,3,0
1972-03-13,0.0,1971/72,GR,Samedan,46.3987907,9.82754254,0.0,2880.0,E,,,,,,,3.0,3.0,3.0,tour,3,1
1972-03-15,0.0,1971/72,GR,Langwies,46.8201446,9.80219889,0.0,2480.0,W,30_35,,,,,,0.0,1.0,0.0,transportation.corridor,3,0
1972-03-29,0.0,1971/72,BE,Saanen,46.42806551,7.25195133,250.0,2000.0,N,,,,,,,0.0,1.0,1.0,tour,3,0
1972-03-31,0.0,1971/72,VS,Chalais,46.21858105,7.53414831,100.0,2560.0,N,,,,,,,3.0,3.0,3.0,tour,3,1
1972-04-03,0.0,1971/72,VS,Oberems,46.13879677,7.68049536,100.0,3080.0,NE,,,,,,,3.0,5.0,4.0,tour,4,1
1972-04-05,0.0,1971/72,TI,Airolo,46.51017649,8.60413847,250.0,1850.0,NE,,,,,,,0.0,5.0,0.0,transportation.corridor,4,0
1972-04-17,0.0,1971/72,GR,Poschiavo,46.41893238,10.11447455,100.0,2950.0,E,,,,,,,0.0,3.0,0.0,tour,4,0
1972-05-22,0.0,1971/72,UR,Spiringen,46.87304102,8.856009,250.0,2150.0,SE,,,,,,,0.0,1.0,0.0,transportation.corridor,5,0
1972-07-08,0.0,1971/72,UR,Göschenen,46.66929024,8.47753718,250.0,3050.0,E,,,,,,,1.0,2.0,0.0,tour,7,1
1972-07-09,0.0,1971/72,UR,Göschenen,46.64594085,8.42222376,250.0,3500.0,E,,,,,,,0.0,2.0,0.0,tour,7,0
1972-07-12,0.0,1971/72,GR,Scuol,46.73075347,10.35538474,,2500.0,N,,,,,,,0.0,1.0,0.0,building,7,0
1972-11-29,0.0,1972/73,VS,Oberwald,46.5740121,8.39091158,0.0,2200.0,S,,,,,,,1.0,3.0,2.0,transportation.corridor,11,1
1972-12-05,0.0,1972/73,GR,Pontresina,46.43082036,10.01704207,100.0,2700.0,N,,,,,,,0.0,1.0,1.0,offpiste,12,0
1972-12-12,0.0,1972/73,GR,Silvaplana,46.42742608,9.83531218,0.0,2750.0,N,,,,,,,0.0,1.0,1.0,offpiste,12,0
1972-12-28,0.0,1972/73,SZ,Morschach,46.97375077,8.64442818,100.0,1700.0,NE,,,,,,,0.0,1.0,1.0,transportation.corridor,12,0
1973-01-04,0.0,1972/73,VS,Visperterminen,46.25755874,7.93599062,100.0,2160.0,NW,,,,,,,0.0,4.0,1.0,offpiste,1,0
1973-01-27,0.0,1972/73,OW,Sarnen,46.89072007,8.07292907,0.0,1900.0,N,,,,,,,2.0,3.0,3.0,tour,1,1
1973-01-28,0.0,1972/73,NW,Wolfenschiessen,46.80041917,8.37231484,0.0,1640.0,NW,,,,,,,3.0,8.0,5.0,transportation.corridor,1,1
1973-01-28,0.0,1972/73,SG,Quarten,47.07429338,9.24126085,100.0,1800.0,NW,,,,,,,1.0,1.0,1.0,tour,1,1
1973-01-29,0.0,1972/73,BE,Zweisimmen,46.51261254,7.3555725,0.0,1890.0,N,,,,,,,0.0,1.0,0.0,offpiste,1,0
1973-02-03,0.0,1972/73,VD,Ormont-Dessous,46.38056548,7.11160457,0.0,2600.0,NE,,,,,,,0.0,1.0,1.0,offpiste,2,0
1973-02-03,0.0,1972/73,GR,Davos,46.82789652,9.80594858,250.0,2580.0,E,45_90,,,,,,1.0,1.0,1.0,offpiste,2,1
1973-02-04,0.0,1972/73,GR,Davos,46.73319055,9.80309763,100.0,2200.0,N,35_40,,,,,,0.0,1.0,0.0,offpiste,2,0
1973-02-04,0.0,1972/73,GR,Davos,46.80319324,9.8015856,100.0,2170.0,NE,30_35,,,,,,0.0,2.0,2.0,offpiste,2,0
1973-02-04,0.0,1972/73,VD,Ormont-Dessous,46.38086521,7.12213136,0.0,2060.0,N,,,,,,,1.0,1.0,1.0,offpiste,2,1
1973-02-11,0.0,1972/73,BE,Oberried,46.75201948,7.95429182,500.0,1550.0,SE,,,,,,,0.0,4.0,0.0,transportation.corridor,2,0
1973-02-13,0.0,1972/73,SG,Quarten,47.07721959,9.24399341,0.0,1680.0,NE,,,,,,,0.0,2.0,2.0,building,2,0
1973-02-14,0.0,1972/73,GR,Davos,46.81078165,9.82616847,100.0,1900.0,NE,,,,,,,0.0,2.0,1.0,offpiste,2,0
1973-02-17,0.0,1972/73,GR,Klosters,46.92033954,9.86945831,100.0,2450.0,E,,,,,,,1.0,1.0,1.0,tour,2,1
1973-02-17,0.0,1972/73,VS,Orsières,46.025821,7.09577592,0.0,1950.0,N,,,,,,,1.0,3.0,1.0,offpiste,2,1
1973-02-17,0.0,1972/73,BE,Adelboden,46.49891982,7.61683942,0.0,1980.0,NW,,,,,,,2.0,2.0,2.0,tour,2,1
1973-02-25,0.0,1972/73,VS,Zermatt,45.97866682,7.66378849,0.0,3940.0,E,,,,,,,2.0,2.0,2.0,tour,2,1
1973-02-25,0.0,1972/73,GR,Samnaun,46.97469567,10.38706591,0.0,2240.0,NE,45_90,,,,,,1.0,2.0,2.0,tour,2,1
1973-02-25,0.0,1972/73,UR,Gurtnellen,46.71542417,8.63538581,250.0,2000.0,W,,,,,,,0.0,1.0,0.0,building,2,0
1973-03-01,0.0,1972/73,GR,Arosa,46.78692902,9.6405075,0.0,2485.0,S,,,,,,,0.0,2.0,1.0,offpiste,3,0
1973-03-04,0.0,1972/73,GR,Davos,46.73223716,9.80567356,100.0,2300.0,N,,,,,,,0.0,1.0,0.0,offpiste,3,0
1973-03-04,0.0,1972/73,VS,Nax,46.20768319,7.4826905,100.0,2440.0,NW,,,,,,,1.0,2.0,1.0,tour,3,1
1973-03-05,0.0,1972/73,GR,Samnaun,46.94684473,10.33558655,0.0,2560.0,S,,,,,,,1.0,2.0,2.0,transportation.corridor,3,1
1973-03-06,0.0,1972/73,GR,Samedan,46.53519848,9.84171729,100.0,2560.0,E,,,,,,,2.0,2.0,2.0,tour,3,1
1973-03-11,0.0,1972/73,GR,Ramosch,46.86573063,10.37833031,100.0,2580.0,SE,,,,,,,0.0,3.0,1.0,tour,3,0
1973-03-11,0.0,1972/73,GR,Davos,46.73362656,9.80377122,0.0,2180.0,NW,,,,,,,0.0,1.0,1.0,offpiste,3,0
1973-03-19,0.0,1972/73,UR,Andermatt,46.61913421,8.59440994,0.0,2160.0,W,,,,,,,0.0,1.0,1.0,offpiste,3,0
1973-03-24,0.0,1972/73,Gr,Davos,46.73793207,9.81312329,0.0,2450.0,W,,,,,,,0.0,1.0,0.0,offpiste,3,0
1973-03-25,0.0,1972/73,GR,Davos,46.74831295,9.81161687,0.0,2180.0,W,,,,,,,0.0,1.0,0.0,offpiste,3,0
1973-04-11,0.0,1972/73,GR,Bever,46.54122651,9.69923709,0.0,3140.0,E,40_45,,,,,,1.0,13.0,2.0,tour,4,1
1973-04-27,0.0,1972/73,GR,Pontresina,46.41998572,9.89907504,0.0,3200.0,NE,40_45,,,,,,1.0,6.0,5.0,tour,4,1
1973-05-05,0.0,1972/73,VS,Fully,46.17879831,7.11359176,0.0,2880.0,E,40_45,,,,,,5.0,5.0,5.0,tour,5,1
1973-08-06,0.0,1972/73,GR,Pontresina,46.40575406,9.90168181,0.0,3680.0,NE,,,,,,,2.0,3.0,2.0,tour,8,1
1973-08-12,0.0,1972/73,UR,Göschenen,46.64503573,8.42286042,100.0,3400.0,E,,,,,,,3.0,3.0,0.0,tour,8,1
1973-12-11,0.0,1973/74,GR,Arosa,46.7900014,9.63984701,0.0,2610.0,NE,,,,,,,2.0,3.0,3.0,offpiste,12,1
1973-12-14,0.0,1973/74,GR,Tschlin,46.9275283,10.44754681,500.0,2840.0,SE,,,,,,,2.0,2.0,2.0,transportation.corridor,12,1
1973-12-15,0.0,1973/74,VS,Nendaz,46.16063536,7.2885968,0.0,2220.0,NE,,,,,,,1.0,1.0,1.0,offpiste,12,1
1973-12-25,0.0,1973/74,VS,Bourg-Saint-Pierre,45.88263207,7.20872818,0.0,2700.0,NW,,,,,,,0.0,8.0,3.0,transportation.corridor,12,0
1974-01-19,0.0,1973/74,GR,Davos,46.8410254,9.81078887,250.0,2600.0,SW,,,,,,,0.0,5.0,1.0,transportation.corridor,1,0
1974-02-06,0.0,1973/74,GR,Churwalden,46.76832258,9.52927818,0.0,1900.0,N,,,,,,,1.0,2.0,1.0,transportation.corridor,2,1
1974-02-13,0.0,1973/74,VS,Zermatt,46.0221808,7.79503438,500.0,3000.0,W,,,,,,,0.0,2.0,1.0,offpiste,2,0
1974-02-16,0.0,1973/74,GR,Silvaplana,46.45017746,9.83403998,100.0,2720.0,SW,,,,,,,0.0,1.0,1.0,offpiste,2,0
1974-03-02,0.0,1973/74,UR,Hospental,46.60243825,8.55456855,500.0,2160.0,N,,,,,,,0.0,3.0,0.0,tour,3,0
1974-03-10,0.0,1973/74,VS,Zermatt,46.0075142,7.87304185,100.0,3300.0,SW,,,,,,,0.0,2.0,1.0,tour,3,0
1974-03-17,0.0,1973/74,VS,Bagnes,45.97001984,7.38735734,250.0,3100.0,,,,,,,,0.0,1.0,0.0,tour,3,0
1974-03-17,0.0,1973/74,VS,Bagnes,45.96785554,7.37658779,0.0,2840.0,SW,0_30,,,,,,3.0,4.0,3.0,tour,3,1
1974-03-20,0.0,1973/74,VS,Hérémence,46.05624054,7.38695344,,2500.0,NE,,,,,,,0.0,1.0,0.0,tour,3,0
1974-03-20,0.0,1973/74,VS,Hérémence,46.03227606,7.41054648,0.0,2420.0,N,,,,,,,1.0,1.0,1.0,tour,3,1
1974-03-21,0.0,1973/74,VS,Saas-Fee,46.09558161,7.93807134,,2400.0,NW,,,,,,,0.0,2.0,0.0,transportation.corridor,3,0
1974-03-31,0.0,1973/74,SZ,Schwyz,47.04190421,8.68583495,0.0,1660.0,E,,,,,,,0.0,1.0,0.0,tour,3,0
1974-04-01,0.0,1973/74,VS,Ayent,46.33092556,7.40227582,0.0,2460.0,SE,,,,,,,0.0,2.0,1.0,,4,0
1974-04-17,0.0,1973/74,GR,Avers,46.44103554,9.56572905,0.0,2400.0,N,,,,,,,1.0,3.0,1.0,tour,4,1
1974-05-03,0.0,1973/74,BE,Gadmen,46.7031466,8.4129355,0.0,2640.0,N,,,,,,,2.0,2.0,0.0,tour,5,1
1974-05-11,0.0,1973/74,VS,Bourg-Saint-Pierre,45.9341202,7.28135296,0.0,3420.0,S,,,,,,,0.0,2.0,0.0,tour,5,0
1974-05-11,0.0,1973/74,VS,Bourg-Saint-Pierre,45.93412164,7.28238433,0.0,3460.0,SW,,,,,,,0.0,1.0,0.0,tour,5,0
1974-05-13,0.0,1973/74,VS,Ulrichen,46.4864839,8.36853469,250.0,2100.0,SW,,,,,,,0.0,2.0,1.0,transportation.corridor,5,0
1974-06-03,0.0,1973/74,VS,Zermatt,45.91669474,7.86394463,0.0,4341.0,SE,,,,,,,1.0,3.0,0.0,tour,6,1
1974-10-17,0.0,1974/75,VS,Bagnes,46.1044909,7.27956907,0.0,2700.0,,,,,,,,0.0,1.0,0.0,transportation.corridor,10,0
1974-10-20,0.0,1974/75,VS,Bourg-Saint-Pierre,45.8848835,7.2100068,0.0,2600.0,NW,,,,,,,1.0,3.0,1.0,transportation.corridor,10,1
1974-11-30,0.0,1974/75,GR,Samnaun,46.94808231,10.39283299,100.0,2200.0,N,,,,,,,0.0,2.0,0.0,,11,0
1974-12-03,0.0,1974/75,VS,Grengiols,46.34521104,8.15632373,0.0,2050.0,SW,,,,,,,0.0,1.0,1.0,transportation.corridor,12,0
1974-12-19,0.0,1974/75,VS,Ayent,46.31688912,7.3931972,,2400.0,SE,,,,,,,0.0,1.0,0.0,transportation.corridor,12,0
1974-12-31,0.0,1974/75,VS,Zermatt,46.01900975,7.80211547,100.0,2950.0,SE,,,,,,,0.0,2.0,0.0,transportation.corridor,12,0
1975-01-26,0.0,1974/75,UR,Andermatt,46.65780465,8.63933582,250.0,2200.0,S,,,,,,,0.0,1.0,0.0,transportation.corridor,1,0
1975-02-06,0.0,1974/75,VS,Bourg-Saint-Pierre,45.9391138,7.22718654,100.0,2060.0,SW,45_90,,,,,,2.0,2.0,2.0,tour,2,1
1975-02-13,0.0,1974/75,TI,Minusio,46.20076098,8.79187114,100.0,1640.0,NE,,,,,,,0.0,1.0,0.0,offpiste,2,0
1975-02-13,0.0,1974/75,TI,Minusio,46.20139988,8.79110958,0.0,1640.0,NE,,,,,,,0.0,1.0,0.0,offpiste,2,0
1975-03-10,0.0,1974/75,VS,Saas-Grund,46.11324911,7.9695996,100.0,2950.0,W,,,,,,,0.0,2.0,0.0,transportation.corridor,3,0
1975-03-10,0.0,1974/75,VS,Eisten,46.17419652,7.91904389,100.0,2050.0,SW,,,,,,,0.0,1.0,0.0,transportation.corridor,3,0
1975-03-11,0.0,1974/75,VS,Zermatt,46.00651772,7.76911371,0.0,2240.0,N,,,,,,,2.0,7.0,7.0,transportation.corridor,3,1
1975-03-19,0.0,1974/75,GR,Silvaplana,46.43146678,9.82507794,0.0,2730.0,NE,,,,,,,0.0,2.0,1.0,transportation.corridor,3,0
1975-03-19,0.0,1974/75,GR,Pontresina/Puntraschigna,46.44003312,9.9595459,250.0,2450.0,N,,,,,,,0.0,1.0,0.0,transportation.corridor,3,0
1975-03-20,0.0,1974/75,GR,Laax,46.87751889,9.21235886,100.0,2720.0,NE,,,,,,,0.0,1.0,0.0,transportation.corridor,3,0
1975-03-20,0.0,1974/75,GR,Scuol,46.8262233,10.25466379,0.0,2540.0,NE,,,,,,,0.0,1.0,0.0,offpiste,3,0
1975-03-26,0.0,1974/75,GR,Pontresina/Puntraschigna,46.42831891,10.02017713,100.0,2850.0,S,,,,,,,0.0,1.0,0.0,transportation.corridor,3,0
1975-03-29,0.0,1974/75,GR,Parsonz,46.58808021,9.53894908,0.0,2290.0,NW,,,,,,,1.0,3.0,3.0,offpiste,3,1
1975-04-02,0.0,1974/75,GR,Samnaun,46.93542628,10.35632511,0.0,2300.0,E,,,,,,,1.0,1.0,1.0,transportation.corridor,4,1
1975-04-05,0.0,1974/75,GR,Vals,46.63234373,9.15271535,500.0,2500.0,E,,,,,,,1.0,1.0,1.0,building,4,1
1975-04-05,0.0,1974/75,GR,Tavetsch/Tujetsch,46.68365565,8.78174985,0.0,1530.0,S,,,,,,,0.0,2.0,0.0,,4,0
1975-04-05,1.0,1974/75,GR,Somvix,46.69849323,8.92727088,250.0,1900.0,NW,,,,,,,0.0,1.0,0.0,building,4,0
1975-04-05,0.0,1974/75,UR,Hospental,46.60737892,8.55532321,0.0,1920.0,N,,,,,,,0.0,2.0,2.0,building,4,0
1975-04-06,0.0,1974/75,GR,Somvix,46.73037123,8.94908625,0.0,990.0,SE,,,,,,,0.0,4.0,0.0,,4,0
1975-04-06,0.0,1974/75,GR,Silvaplana,46.45595477,9.82680777,0.0,2400.0,NW,,,,,,,0.0,2.0,2.0,building,4,0
1975-04-06,0.0,1974/75,TI,Prato-Sornico,46.40762707,8.66696638,100.0,1800.0,W,,,,,,,1.0,2.0,1.0,building,4,1
1975-04-06,0.0,1974/75,GR,Disentis/Mustér,46.6988314,8.82920352,100.0,1450.0,S,,,,,,,0.0,1.0,0.0,,4,0
1975-04-06,0.0,1974/75,UR,Gurtnellen,46.714075,8.63535589,100.0,2100.0,NW,,,,,,,0.0,1.0,0.0,transportation.corridor,4,0
1975-04-06,0.0,1974/75,UR,Andermatt,46.64606147,8.60053784,0.0,1910.0,SW,,,,,,,1.0,1.0,1.0,transportation.corridor,4,1
1975-04-14,0.0,1974/75,GR,Marmorera,46.50909783,9.64667129,250.0,2000.0,W,,,,,,,0.0,1.0,0.0,,4,0
1975-04-15,0.0,1974/75,VS,Zermatt,45.99495639,7.72025708,100.0,2200.0,E,,,,,,,0.0,1.0,1.0,transportation.corridor,4,0
1975-04-16,0.0,1974/75,FR,Grandvillard,46.51120336,7.11876413,0.0,1650.0,NW,,,,,,,2.0,3.0,3.0,tour,4,1
1975-04-18,0.0,1974/75,GR,Disentis/Mustér,46.71865969,8.88073293,0.0,1380.0,SE,,,,,,,0.0,2.0,0.0,,4,0
1975-04-19,0.0,1974/75,VS,Bagnes,46.01906547,7.30370505,100.0,2500.0,W,,,,,,,1.0,2.0,1.0,tour,4,1
1975-04-20,0.0,1974/75,BE,Wimmis,46.64955565,7.64111042,0.0,1770.0,N,,,,,,,0.0,1.0,1.0,tour,4,0
1975-04-21,0.0,1974/75,UR,Andermatt,46.61594564,8.59832388,0.0,2310.0,NE,0_30,,,,,,0.0,28.0,0.0,offpiste,4,0
1975-05-15,0.0,1974/75,VS,Zermatt,45.93536732,7.79737045,0.0,3400.0,N,,,,,,,2.0,3.0,3.0,tour,5,1
1975-05-18,0.0,1974/75,UR,Silenen,46.76636333,8.78708381,500.0,2550.0,N,,,,,,,1.0,1.0,0.0,tour,5,1
1975-05-20,0.0,1974/75,TI,Olivone,46.55512074,8.79812269,0.0,1960.0,SE,40_45,,,,,,0.0,7.0,0.0,tour,5,0
1975-11-09,0.0,1975/76,GR,Davos,46.69401057,9.95179822,100.0,3000.0,NW,,,,,,,0.0,1.0,0.0,tour,11,0
1975-11-23,0.0,1975/76,NW,Wolfenschiessen,46.85467815,8.45521578,0.0,2540.0,N,,,,,,,1.0,2.0,1.0,tour,11,1
1976-01-03,0.0,1975/76,VS,Leukerbad,46.39795936,7.57282046,100.0,2400.0,SE,,,,,,,0.0,5.0,0.0,tour,1,0
1976-01-03,0.0,1975/76,VS,Saas-Fee,46.09031084,7.91927575,0.0,2340.0,NW,,,,,,,1.0,3.0,0.0,,1,1
1976-01-05,0.0,1975/76,GR,Scuol,46.81287683,10.27566377,0.0,2060.0,E,,,,,,,1.0,1.0,1.0,offpiste,1,1
1976-01-08,0.0,1975/76,GR,Bergün/Bravuogn,46.62379532,9.82704554,,2500.0,E,,,,,,,0.0,1.0,0.0,tour,1,0
1976-01-09,0.0,1975/76,GR,Ardez,46.83006168,10.20253605,0.0,2060.0,W,,,,,,,1.0,1.0,1.0,tour,1,1
1976-01-18,0.0,1975/76,GR,Davos,46.73293917,9.81519389,0.0,2420.0,NW,,,,,,,0.0,1.0,0.0,offpiste,1,0
1976-01-18,0.0,1975/76,GR,Langwies,46.8317,9.80480464,0.0,2645.0,SW,30_35,,,,,,0.0,2.0,0.0,transportation.corridor,1,0
1976-01-18,0.0,1975/76,SZ,Oberiberg,47.00490134,8.83285984,0.0,2060.0,NW,,,,,,,1.0,2.0,2.0,tour,1,1
1976-01-18,0.0,1975/76,GR,Klosters-Serneus,46.86300451,9.83570393,100.0,2100.0,NE,40_45,,,,,,1.0,1.0,1.0,offpiste,1,1
1976-01-18,0.0,1975/76,GR,Ftan,46.81858214,10.25426372,100.0,2460.0,S,,,,,,,0.0,1.0,1.0,offpiste,1,0
1976-01-18,0.0,1975/76,GR,Davos,46.78580631,9.84766188,250.0,2260.0,NE,,,,,,,0.0,2.0,0.0,offpiste,1,0
1976-01-25,0.0,1975/76,UR,Andermatt,46.65041579,8.61892168,0.0,2180.0,SE,,,,,,,0.0,1.0,1.0,offpiste,1,0
1976-02-01,0.0,1975/76,VS,Saint-Jean,46.19505231,7.54026016,100.0,2740.0,NE,,,,,,,1.0,1.0,1.0,offpiste,2,1
1976-02-12,0.0,1975/76,VS,Bagnes,46.12033779,7.20966767,100.0,2320.0,N,,,,,,,1.0,1.0,1.0,offpiste,2,1
1976-02-14,0.0,1975/76,VS,Zermatt,45.99992197,7.71292523,250.0,2340.0,N,,,,,,,0.0,2.0,0.0,offpiste,2,0
1976-02-14,0.0,1975/76,GR,Davos,46.78488647,9.84860336,500.0,2280.0,NE,,,,,,,0.0,1.0,0.0,offpiste,2,0
1976-02-19,0.0,1975/76,BE,Saanen,46.42448839,7.23797934,0.0,2170.0,NE,,,,,,,1.0,2.0,2.0,tour,2,1
1976-02-23,0.0,1975/76,VS,Bagnes,45.93096742,7.36451164,100.0,2450.0,N,,,,,,,2.0,2.0,2.0,tour,2,1
1976-02-26,0.0,1975/76,GR,Langwies,46.82008583,9.80068864,0.0,2400.0,NW,30_35,,,,,,0.0,2.0,0.0,transportation.corridor,2,0
1976-02-28,0.0,1975/76,GR,Langwies,46.84028074,9.79239492,250.0,2560.0,NW,,,,,,,0.0,1.0,0.0,offpiste,2,0
1976-03-28,0.0,1975/76,BE,Rüschegg,46.68886171,7.40726375,0.0,2020.0,N,,,,,,,1.0,1.0,1.0,tour,3,1
1976-03-28,0.0,1975/76,UR,Spiringen,46.91069421,8.79267307,0.0,2270.0,N,,,,,,,0.0,1.0,1.0,tour,3,0
1976-04-11,0.0,1975/76,GR,Susch,46.70547898,9.95822017,100.0,2680.0,E,,,,,,,0.0,1.0,0.0,tour,4,0
1976-04-17,0.0,1975/76,SZ,Muotathal,46.93082544,8.72423194,100.0,2300.0,N,,,,,,,0.0,3.0,1.0,tour,4,0
1976-04-18,0.0,1975/76,VS,Evolène,45.95817022,7.5240852,100.0,3400.0,N,,,,,,,0.0,2.0,0.0,tour,4,0
1976-04-19,0.0,1975/76,UR,Silenen,46.7970778,8.73741599,0.0,2500.0,E,,,,,,,0.0,2.0,1.0,tour,4,0
1976-04-21,0.0,1975/76,VS,Bourg-Saint-Pierre,45.90360605,7.24020851,100.0,3060.0,NE,,,,,,,0.0,2.0,0.0,tour,4,0
1976-05-01,0.0,1975/76,GR,Susch,46.69192774,9.99486466,100.0,3000.0,NW,,,,,,,0.0,3.0,1.0,tour,5,0
1976-07-20,0.0,1975/76,BE,Lauterbrunnen,46.57783635,7.9979008,0.0,3500.0,W,,,,,,,1.0,2.0,0.0,tour,7,1
1976-10-18,0.0,1976/77,GR,Samedan,46.41422658,9.8210661,0.0,3350.0,NE,,,,,,,0.0,1.0,0.0,tour,10,0
1976-11-11,0.0,1976/77,GR,Sent,46.89479742,10.29338497,0.0,2700.0,N,,,,,,,0.0,1.0,0.0,tour,11,0
1976-12-12,0.0,1976/77,GR,Davos,46.80508875,9.90560543,0.0,2160.0,NW,30_35,,,,,,0.0,1.0,0.0,offpiste,12,0
1976-12-12,0.0,1976/77,AR,Urnäsch,47.27486499,9.26257407,0.0,1380.0,NE,,,,,,,4.0,8.0,7.0,tour,12,1
1976-12-18,0.0,1976/77,GR,Davos,46.77996894,9.84707321,250.0,2400.0,SW,,,,,,,0.0,1.0,0.0,offpiste,12,0
1977-01-12,0.0,1976/77,TI,Prugiasco,46.471581,8.87155443,100.0,2030.0,E,,,,,,,0.0,1.0,0.0,transportation.corridor,1,0
1977-01-12,0.0,1976/77,GR,Arvigo,46.30244368,9.11349243,0.0,870.0,E,,,,,,,0.0,3.0,1.0,transportation.corridor,1,0
1977-01-13,0.0,1976/77,VS,Zermatt,45.9880263,7.78597207,0.0,2960.0,N,,,,,,,1.0,1.0,1.0,offpiste,1,1
1977-01-14,0.0,1976/77,VS,Orsières,46.02626485,7.09383604,0.0,1900.0,N,,,,,,,1.0,1.0,0.0,offpiste,1,1
1977-01-15,0.0,1976/77,FR,Jaun,46.653803,7.31191831,0.0,1800.0,NW,,,,,,,1.0,2.0,1.0,transportation.corridor,1,1
1977-01-16,0.0,1976/77,FR,Gruyères,46.54956455,7.02009463,250.0,1800.0,NE,,,,,,,0.0,4.0,0.0,transportation.corridor,1,0
1977-01-17,0.0,1976/77,VD,Leysin,46.35428409,7.00081151,0.0,1860.0,SE,,,,,,,1.0,1.0,1.0,tour,1,1
1977-01-17,0.0,1976/77,BE,Zweisimmen,46.51148737,7.35459702,0.0,1820.0,W,,,,,,,1.0,3.0,1.0,offpiste,1,1
1977-01-18,0.0,1976/77,GR,Laax,46.83904684,9.24157677,0.0,1630.0,NE,35_40,,,,,,1.0,2.0,1.0,offpiste,1,1
1977-01-18,0.0,1976/77,VD,Veytaux,46.43071691,6.97046631,0.0,1640.0,NW,40_45,,,,,,1.0,1.0,1.0,offpiste,1,1
1977-01-20,0.0,1976/77,VS,Fiesch,46.4225304,8.08937621,0.0,2680.0,E,,,,,,,1.0,1.0,1.0,offpiste,1,1
1977-01-20,0.0,1976/77,GR,Molinis,46.80146816,9.65184811,0.0,2180.0,NW,,,,,,,1.0,2.0,1.0,offpiste,1,1
1977-01-30,0.0,1976/77,VS,Chandolin,46.2409714,7.61593054,250.0,2440.0,NW,,,,,,,0.0,2.0,1.0,offpiste,1,0
1977-02-06,0.0,1976/77,GR,Klosters-Serneus,46.86197287,9.82909767,100.0,2350.0,N,30_35,,,,,,0.0,2.0,0.0,transportation.corridor,2,0
1977-02-19,0.0,1976/77,BE,Gsteig,46.3507355,7.24455227,0.0,1860.0,N,,,,,,,0.0,1.0,0.0,offpiste,2,0
1977-02-19,0.0,1976/77,FR,Charmey,46.53651006,7.16423926,0.0,1800.0,E,35_40,,,,,,2.0,2.0,2.0,tour,2,1
1977-02-19,0.0,1976/77,SG,Flums,47.03881353,9.2488861,0.0,1940.0,NE,,,,,,,0.0,1.0,0.0,tour,2,0
1977-02-19,0.0,1976/77,SG,Flums,47.04001094,9.24997945,0.0,1860.0,NE,,,,,,,1.0,1.0,1.0,tour,2,1
1977-02-20,0.0,1976/77,GL,Ennenda,47.05459704,9.11915348,100.0,2060.0,N,,,,,,,0.0,1.0,1.0,tour,2,0
1977-02-20,0.0,1976/77,GR,Klosters-Serneus,46.86042554,9.84280506,100.0,2160.0,N,30_35,,,,,,0.0,1.0,1.0,offpiste,2,0
1977-02-25,0.0,1976/77,GR,Silvaplana,46.47600604,9.77141662,0.0,2720.0,SW,,,,,,,2.0,6.0,4.0,transportation.corridor,2,1
1977-03-05,0.0,1976/77,GR,Klosters-Serneus,46.86008569,10.06289002,100.0,2660.0,SE,,,,,,,0.0,1.0,1.0,tour,3,0
1977-03-13,0.0,1976/77,VS,Orsières,45.96124263,7.01878825,100.0,3750.0,N,,,,,,,1.0,2.0,1.0,tour,3,1
1977-03-29,0.0,1976/77,GR,Disentis/Mustér,46.8138972,8.88747665,100.0,2700.0,SE,,,,,,,0.0,2.0,1.0,tour,3,0
1977-04-12,0.0,1976/77,GR,Susch,46.73938617,9.97551539,100.0,2400.0,N,,,,,,,1.0,8.0,1.0,transportation.corridor,4,1
1977-04-14,0.0,1976/77,VS,Zermatt,46.01816572,7.88661963,0.0,3740.0,NW,,,,,,,1.0,4.0,1.0,tour,4,1
1977-04-14,0.0,1976/77,VS,Bagnes,45.96157516,7.45153583,,3200.0,SE,,,,,,,0.0,7.0,1.0,tour,4,0
1977-04-16,0.0,1976/77,GR,Celerina/Schlarigna,46.52059104,9.80228175,0.0,2640.0,NE,,,,,,,0.0,2.0,2.0,offpiste,4,0
1977-04-30,0.0,1976/77,GR,Nufenen,46.52682664,9.22694058,0.0,2150.0,N,,,,,,,1.0,4.0,4.0,transportation.corridor,4,1
1977-05-10,0.0,1976/77,VS,Blatten,46.46996739,7.96202532,250.0,3400.0,NW,,,,,,,1.0,3.0,1.0,tour,5,1
1977-05-19,0.0,1976/77,VS,Fieschertal,46.51748833,8.08041752,250.0,3500.0,S,,,,,,,0.0,4.0,1.0,tour,5,0
1977-05-19,0.0,1976/77,GR,Pontresina/Puntraschigna,46.41855159,9.92562244,0.0,2420.0,E,,,,,,,1.0,1.0,1.0,tour,5,1
1977-05-20,0.0,1976/77,VS,Naters,46.45024836,7.946217,100.0,3700.0,S,,,,,,,3.0,8.0,3.0,tour,5,1
1977-06-18,0.0,1976/77,VS,Fieschertal,46.47949122,8.00209511,0.0,3260.0,N,,,,,,,2.0,2.0,0.0,tour,6,1
1977-08-24,0.0,1976/77,VS,Randa,46.1011621,7.84792325,,4000.0,,,,,,,,0.0,4.0,0.0,tour,8,0
1977-08-25,0.0,1976/77,VS,Randa,46.09945594,7.73127022,100.0,3850.0,SE,,,,,,,1.0,2.0,0.0,tour,8,1
1977-12-10,0.0,1977/78,GR,Pontresina,46.42927123,10.01787952,0.0,2820.0,NW,30_35,,,,,,1.0,8.0,3.0,offpiste,12,1
1977-12-28,0.0,1977/78,VS,Grimentz,46.16735709,7.52706707,500.0,2800.0,NE,,,,,,,0.0,3.0,1.0,offpiste,12,0
1978-01-01,0.0,1977/78,GR,Vaz/Obervaz,46.75196864,9.53289873,500.0,1900.0,NW,,,,,,,0.0,4.0,0.0,,1,0
1978-01-01,0.0,1977/78,GR,Langwies,46.83293906,9.79928599,100.0,2680.0,SE,40_45,,,,,,0.0,1.0,0.0,offpiste,1,0
1978-01-01,0.0,1977/78,GR,Davos,46.83631756,9.831564,100.0,2180.0,E,0_30,,,,,,0.0,1.0,1.0,offpiste,1,0
1978-01-02,0.0,1977/78,UR,Andermatt,46.67190342,8.66709572,500.0,2400.0,SE,,,,,,,0.0,2.0,0.0,tour,1,0
1978-01-12,0.0,1977/78,VS,Eisten,46.17712277,7.91842218,250.0,1900.0,W,,,,,,,0.0,14.0,0.0,transportation.corridor,1,0
1978-01-14,0.0,1977/78,GR,Vaz/Obervaz,46.76131517,9.59873545,0.0,2540.0,W,,,,,,,0.0,1.0,1.0,transportation.corridor,1,0
1978-01-14,0.0,1977/78,GR,Celerina/Schlarigna,46.53084615,9.81544379,0.0,2860.0,SW,0_30,,,,,,0.0,2.0,1.0,transportation.corridor,1,0
1978-01-28,0.0,1977/78,BE,Frutigen,46.51960874,7.61749389,0.0,1820.0,NW,35_40,,,,,,1.0,1.0,1.0,tour,1,1
1978-01-28,0.0,1977/78,SG,Amden,47.17078866,9.200644,0.0,1505.0,N,,,,,,,2.0,3.0,3.0,tour,1,1
1978-01-29,0.0,1977/78,VS,Zermatt,45.99810442,7.72040235,100.0,2260.0,NE,,,,,,,1.0,3.0,1.0,offpiste,1,1
1978-01-29,0.0,1977/78,VS,Nendaz,46.14547695,7.32655881,100.0,1820.0,W,35_40,,,,,,1.0,2.0,1.0,offpiste,1,1
1978-01-31,0.0,1977/78,NW,Wolfenschiessen,46.90733345,8.43665272,0.0,1750.0,NW,,,,,,,1.0,2.0,1.0,offpiste,1,1
1978-02-02,0.0,1977/78,GR,Klosters-Serneus,46.85511122,9.80419493,0.0,2240.0,N,,,,,,,0.0,1.0,1.0,transportation.corridor,2,0
1978-02-02,0.0,1977/78,UR,Wassen,46.73221116,8.55463615,100.0,1720.0,S,,,,,,,0.0,2.0,0.0,building,2,0
1978-02-02,0.0,1977/78,UR,Wassen,46.73221116,8.55463615,0.0,1720.0,S,,,,,,,0.0,1.0,1.0,building,2,0
1978-02-02,0.0,1977/78,BE,Kandersteg,46.4702291,7.68600952,250.0,2550.0,NW,,,,,,,0.0,2.0,0.0,building,2,0
1978-02-02,0.0,1977/78,VS,Niedergesteln,46.34357436,7.78707459,0.0,2400.0,SE,,,,,,,0.0,12.0,0.0,transportation.corridor,2,0
1978-02-02,0.0,1977/78,UR,Realp,46.59953016,8.48174414,0.0,2250.0,SE,,,,,,,0.0,1.0,1.0,building,2,0
1978-02-03,0.0,1977/78,VD,Leysin,46.35181033,7.00083144,0.0,1900.0,SE,,,,,,,0.0,2.0,0.0,building,2,0
1978-02-03,0.0,1977/78,BE,Lauterbrunnen,46.61039851,7.94054057,0.0,2150.0,W,,,,,,,0.0,3.0,1.0,building,2,0
1978-02-04,0.0,1977/78,GR,Davos,46.78315051,9.8498358,0.0,2340.0,NE,,,,,,,0.0,1.0,1.0,offpiste,2,0
1978-02-04,0.0,1977/78,GR,Ladir,46.84707585,9.17332476,100.0,2380.0,SW,,,,,,,0.0,2.0,0.0,offpiste,2,0
1978-02-09,0.0,1977/78,GR,Scuol,46.83586289,10.25615241,100.0,2550.0,SE,,,,,,,0.0,2.0,0.0,transportation.corridor,2,0
1978-02-09,0.0,1977/78,GR,Tschlin,46.93129476,10.47535464,0.0,1750.0,E,,,,,,,0.0,3.0,0.0,transportation.corridor,2,0
1978-02-16,0.0,1977/78,VS,Saas-Almagell,46.09651895,7.93969626,100.0,2300.0,NE,,,,,,,0.0,3.0,0.0,transportation.corridor,2,0
1978-02-16,0.0,1977/78,VS,Leytron,46.20588295,7.1495789,0.0,1620.0,NE,,,,,,,2.0,2.0,2.0,offpiste,2,1
1978-02-18,0.0,1977/78,GR,Samedan,46.52206852,9.90841123,0.0,2520.0,SW,,,,,,,1.0,1.0,1.0,tour,2,1
1978-02-28,0.0,1977/78,GR,Langwies,46.84043126,9.79600815,0.0,2680.0,N,40_45,,,,,,1.0,3.0,1.0,offpiste,2,1
1978-03-12,0.0,1977/78,VD,Ormont-Dessous,46.39568574,7.07003769,0.0,2120.0,S,,,,,,,0.0,4.0,0.0,transportation.corridor,3,0
1978-03-16,0.0,1977/78,VS,Bourg-Saint-Pierre,45.86637031,7.17660562,0.0,2580.0,N,,,,,,,2.0,6.0,5.0,tour,3,1
1978-03-20,0.0,1977/78,VS,Bourg-Saint-Pierre,45.93605909,7.28489286,0.0,3700.0,SW,,,,,,,4.0,5.0,5.0,tour,3,1
1978-03-21,0.0,1977/78,TI,Aquila,46.49962408,8.99672263,100.0,2050.0,SW,,,,,,,1.0,6.0,1.0,tour,3,1
1978-03-21,0.0,1977/78,GR,Scuol,46.81438122,10.26944965,0.0,2200.0,NE,,,,,,,0.0,2.0,0.0,offpiste,3,0
1978-03-25,0.0,1977/78,VS,Saint-Luc,46.23764789,7.63990314,100.0,2620.0,SW,,,,,,,1.0,3.0,1.0,offpiste,3,1
1978-03-27,0.0,1977/78,GL,Linthal,46.92021934,8.96525459,100.0,1820.0,S,,,,,,,4.0,5.0,5.0,transportation.corridor,3,1
1978-03-28,0.0,1977/78,GR,Pontresina,46.44345481,10.00761801,0.0,2440.0,S,,,,,,,0.0,7.0,1.0,tour,3,0
1978-03-28,0.0,1977/78,GR,Samnaun,46.95100636,10.34895659,100.0,2540.0,S,,,,,,,0.0,2.0,0.0,building,3,0
1978-03-28,0.0,1977/78,VS,Ayent,46.32687279,7.38968284,0.0,2630.0,SE,45_90,,,,,,3.0,9.0,5.0,transportation.corridor,3,1
1978-03-29,0.0,1977/78,GR,Langwies,46.84407641,9.79380704,0.0,2420.0,NW,,,,,,,3.0,4.0,4.0,offpiste,3,1
1978-04-22,0.0,1977/78,VD,Ormont-Dessous,46.3416794,7.21198264,0.0,2260.0,NW,,,,,,,1.0,1.0,0.0,offpiste,4,1
1978-04-30,0.0,1977/78,VS,Orsières,45.95989815,7.02008839,0.0,3885.0,NE,,,,,,,3.0,3.0,3.0,tour,4,1
1978-05-02,0.0,1977/78,GR,Pontresina,46.42001234,9.89992214,250.0,3160.0,NE,,,,,,,0.0,12.0,0.0,tour,5,0
1978-05-02,0.0,1977/78,GR,Avers,46.42483042,9.522475,0.0,2800.0,N,,,,,,,1.0,2.0,2.0,tour,5,1
1978-05-05,0.0,1977/78,BE,Meiringen,46.69837117,8.10806393,100.0,2320.0,N,,,,,,,0.0,10.0,0.0,tour,5,0
1978-05-07,0.0,1977/78,VS,Evolène,45.96557411,7.54441356,500.0,3160.0,W,,,,,,,2.0,10.0,8.0,tour,5,1
1978-05-14,0.0,1977/78,VS,Naters,46.42028405,7.90626287,0.0,3350.0,NE,,,,,,,2.0,7.0,1.0,tour,5,1
1978-05-27,0.0,1977/78,VS,Zermatt,45.98176059,7.77573857,100.0,2900.0,S,,,,,,,1.0,1.0,0.0,tour,5,1
1978-07-01,0.0,1977/78,GR,Stampa,46.34219013,9.72246093,0.0,3020.0,NE,,,,,,,1.0,2.0,1.0,tour,7,1
1978-07-29,0.0,1977/78,BE,Grindelwald,46.58302045,8.02248284,0.0,3340.0,S,,,,,,,2.0,2.0,0.0,tour,7,1
1978-08-20,0.0,1977/78,GR,Flims,46.91483702,9.24825556,100.0,2960.0,S,,,,,,,2.0,2.0,0.0,tour,8,1
1978-12-10,0.0,1978/79,BE,Adelboden,46.42564792,7.58726375,0.0,2800.0,W,,,,,,,1.0,12.0,4.0,tour,12,1
1978-12-10,0.0,1978/79,GR,Samnaun,46.94490233,10.3939723,100.0,2460.0,NW,,,,,,,0.0,1.0,0.0,tour,12,0
1978-12-17,0.0,1978/79,VD,Ormont-Dessous,46.37806564,7.11824839,0.0,2220.0,N,,,,,,,1.0,1.0,1.0,transportation.corridor,12,1
1978-12-23,0.0,1978/79,GR,Klosters-Serneus,46.85089538,9.81220806,0.0,2440.0,W,30_35,,,,,,0.0,1.0,0.0,offpiste,12,0
1978-12-30,0.0,1978/79,GR,Klosters-Serneus,46.8503569,9.8056255,0.0,2340.0,N,,,,,,,0.0,1.0,1.0,offpiste,12,0
1978-12-30,0.0,1978/79,UR,Andermatt,46.60571055,8.609461,0.0,2700.0,N,,,,,,,0.0,6.0,1.0,transportation.corridor,12,0
1978-12-31,0.0,1978/79,VS,Zermatt,45.97898513,7.70353032,100.0,2780.0,N,0_30,,,,,,2.0,2.0,2.0,offpiste,12,1
1978-12-31,0.0,1978/79,GR,Sur,46.51003339,9.69070019,0.0,2760.0,W,30_35,,,,,,2.0,3.0,2.0,tour,12,1
1978-12-31,0.0,1978/79,GR,Pontresina,46.40285186,9.94376654,0.0,2800.0,NW,30_35,,,,,,2.0,2.0,2.0,offpiste,12,1
1979-01-01,0.0,1978/79,GR,Tavetsch/Tujetsch,46.64729733,8.66294371,100.0,2560.0,E,,,,,,,0.0,3.0,1.0,tour,1,0
1979-01-01,0.0,1978/79,GR,Tavetsch/Tujetsch,46.64389816,8.65692304,0.0,2680.0,E,,,,,,,4.0,6.0,5.0,tour,1,1
1979-01-05,0.0,1978/79,GR,Klosters-Serneus,46.8598306,9.84113845,0.0,2200.0,NE,,,,,,,1.0,1.0,1.0,offpiste,1,1
1979-01-13,0.0,1978/79,VS,Bagnes,46.10334592,7.26560572,100.0,2640.0,SW,,,,,,,0.0,2.0,1.0,offpiste,1,0
1979-01-23,0.0,1978/79,GR,Zuoz,46.61271815,9.89087639,100.0,2740.0,SE,,,,,,,0.0,2.0,1.0,tour,1,0
1979-01-28,0.0,1978/79,VD,Rougemont,46.4549133,7.20148722,100.0,2150.0,NW,,,,,,,1.0,6.0,2.0,tour,1,1
1979-01-29,0.0,1978/79,GR,Vaz/Obervaz,46.7579679,9.59729186,0.0,2560.0,NW,,,,,,,0.0,1.0,1.0,transportation.corridor,1,0
1979-01-30,0.0,1978/79,VS,Zermatt,45.98887346,7.80256058,,3280.0,SW,,,,,,,0.0,6.0,0.0,offpiste,1,0
1979-01-31,0.0,1978/79,GR,Celerina/Schlarigna,46.52335723,9.79692657,0.0,2750.0,NE,,,,,,,2.0,9.0,4.0,transportation.corridor,1,1
1979-02-01,0.0,1978/79,GR,Klosters-Serneus,46.84644871,9.80965082,0.0,2460.0,NW,40_45,,,,,,0.0,1.0,0.0,transportation.corridor,2,0
1979-02-03,0.0,1978/79,GR,Flims,46.87010359,9.24064982,0.0,2080.0,SE,,,,,,,0.0,1.0,0.0,offpiste,2,0
1979-02-04,0.0,1978/79,VS,Geschinen,46.466577,8.31513868,100.0,2700.0,N,,,,,,,0.0,4.0,2.0,tour,2,0
1979-02-09,0.0,1978/79,GR,Bergün/Bravuogn,46.6388007,9.81529651,0.0,2020.0,N,,,,,,,1.0,1.0,1.0,offpiste,2,1
1979-02-11,0.0,1978/79,BE,Adelboden,46.42322374,7.58367982,0.0,2700.0,NW,,,,,,,0.0,5.0,0.0,transportation.corridor,2,0
1979-02-20,0.0,1978/79,VS,Zermatt,45.98384806,7.7844616,0.0,3100.0,N,,,,,,,1.0,1.0,1.0,offpiste,2,1
1979-03-04,0.0,1978/79,GR,Pontresina,46.49203405,9.91961597,100.0,2250.0,SW,,,,,,,0.0,1.0,0.0,transportation.corridor,3,0
1979-03-11,0.0,1978/79,VD,Bex,46.26100765,7.16011586,250.0,2400.0,N,,,,,,,3.0,3.0,3.0,tour,3,1
1979-03-14,0.0,1978/79,GR,Vals,46.55408407,9.12121602,0.0,2840.0,NE,,,,,,,1.0,1.0,1.0,tour,3,1
1979-03-18,0.0,1978/79,UR,Sisikon,46.92815453,8.69330734,0.0,1900.0,SW,,,,,,,2.0,2.0,2.0,tour,3,1
1979-03-31,0.0,1978/79,GR,Guarda,46.82500731,10.14674098,0.0,2580.0,S,35_40,,,,,,1.0,9.0,2.0,tour,3,1
1979-04-01,0.0,1978/79,VS,Isérables,46.1394108,7.29234324,500.0,2420.0,NW,,,,,,,1.0,3.0,2.0,offpiste,4,1
1979-04-07,0.0,1978/79,VS,Randogne,46.36365778,7.50191819,0.0,2730.0,SW,30_35,,,,,,4.0,8.0,6.0,offpiste,4,1
1979-04-07,0.0,1978/79,GR,Arosa,46.79131232,9.64186595,100.0,2500.0,E,35_40,,,,,,1.0,2.0,1.0,offpiste,4,1
1979-04-08,0.0,1978/79,GR,Guarda,46.84500168,10.12905482,250.0,2700.0,SW,,,,,,,0.0,4.0,0.0,tour,4,0
1979-04-10,0.0,1978/79,BE,Gsteig,46.3364878,7.22531657,0.0,2700.0,SE,35_40,,,,,,3.0,5.0,5.0,offpiste,4,1
1979-04-22,0.0,1978/79,GR,Davos,46.77405573,9.75223457,250.0,2500.0,NE,,,,,,,0.0,2.0,0.0,tour,4,0
1979-05-13,0.0,1978/79,BE,Kandersteg,46.46898954,7.73417546,100.0,3600.0,W,,,,,,,1.0,2.0,1.0,tour,5,1
1979-05-13,0.0,1978/79,OW,Engelberg,46.76490151,8.44959555,0.0,2880.0,NW,,,,,,,3.0,5.0,3.0,tour,5,1
1979-10-13,0.0,1979/80,VS,Saas-Fee,46.06377059,7.92001155,100.0,3260.0,NE,,,,,,,2.0,2.0,2.0,transportation.corridor,10,1
1979-12-22,0.0,1979/80,VS,Täsch,46.04491835,7.8016418,0.0,3060.0,NW,,,,,,,1.0,1.0,1.0,transportation.corridor,12,1
1979-12-23,0.0,1979/80,VS,Saas-Fee,46.09540171,7.9380697,100.0,2400.0,NW,,,,,,,0.0,1.0,0.0,transportation.corridor,12,0
1980-01-26,0.0,1979/80,GR,Ruschein,46.86336772,9.16696319,0.0,2640.0,W,,,,,,,2.0,2.0,2.0,offpiste,1,1
1980-02-01,0.0,1979/80,GR,Celerina/Schlarigna,46.51576657,9.83922477,0.0,2200.0,N,,,,,,,1.0,2.0,1.0,transportation.corridor,2,1
1980-02-05,0.0,1979/80,GL,Diesbach,46.92532384,9.08392054,0.0,2360.0,SW,,,,,,,1.0,4.0,3.0,tour,2,1
1980-02-06,0.0,1979/80,VS,Chalais,46.21880911,7.53032565,100.0,2440.0,NW,30_35,,,,,,0.0,5.0,0.0,tour,2,0
1980-02-10,0.0,1979/80,GR,Haldenstein,46.89648018,9.46829821,0.0,2700.0,E,,,,,,,2.0,2.0,2.0,tour,2,1
1980-03-15,0.0,1979/80,VS,Orsières,46.02495242,7.10611229,100.0,1820.0,N,,,,,,,1.0,2.0,1.0,offpiste,3,1
1980-03-19,0.0,1979/80,VS,Evolène,46.04612484,7.48023497,0.0,2010.0,N,,,,,,,1.0,1.0,1.0,tour,3,1
1980-03-29,0.0,1979/80,BE,Adelboden,46.46324298,7.49500472,0.0,2210.0,E,35_40,,,,,,1.0,4.0,2.0,transportation.corridor,3,1
1980-04-05,0.0,1979/80,VS,Albinen,46.37621456,7.66933502,0.0,2840.0,SW,40_45,,,,,,1.0,1.0,1.0,offpiste,4,1
1980-04-05,0.0,1979/80,VS,Fieschertal,46.55790329,7.99939019,0.0,4060.0,S,,,,,,,2.0,2.0,2.0,tour,4,1
1980-04-05,0.0,1979/80,VS,Fiesch,46.42763153,8.09399081,0.0,2860.0,SE,,,,,,,1.0,2.0,1.0,offpiste,4,1
1980-04-06,0.0,1979/80,GR,Ladir,46.83784511,9.17682964,100.0,2260.0,SW,,,,,,,1.0,1.0,1.0,offpiste,4,1
1980-04-22,0.0,1979/80,VS,Evolène,45.98968364,7.46347979,,3500.0,E,,,,,,,0.0,1.0,1.0,tour,4,0
1980-04-24,0.0,1979/80,TI,Airolo,46.53593519,8.5701456,0.0,1940.0,S,,,,,,,0.0,2.0,2.0,transportation.corridor,4,0
1980-04-26,0.0,1979/80,GR,Mulegns,46.4858685,9.56234383,0.0,3250.0,S,,,,,,,1.0,2.0,1.0,tour,4,1
1980-04-27,0.0,1979/80,GR,Scuol,46.76744385,10.34623749,0.0,3000.0,W,,,,,,,0.0,3.0,0.0,tour,4,0
1980-05-10,0.0,1979/80,BE,Lauterbrunnen,46.58028968,7.93439046,100.0,1800.0,W,,,,,,,0.0,1.0,1.0,transportation.corridor,5,0
1980-06-01,0.0,1979/80,GR,Pontresina,46.404661,9.90228266,0.0,3660.0,NE,30_35,,,,,,2.0,4.0,2.0,tour,6,1
1980-07-14,0.0,1979/80,GR,Samedan,46.50638961,9.91753682,0.0,2720.0,N,0_30,,,,,,2.0,4.0,0.0,tour,7,1
1980-08-03,0.0,1979/80,BE,Guttannen,46.57782995,8.13005538,100.0,3400.0,SW,,,,,,,4.0,4.0,0.0,tour,8,1
1980-11-15,0.0,1980/81,VS,Evionnaz,46.1380541,6.88414041,100.0,1840.0,W,,,,,,,0.0,2.0,1.0,tour,11,0
1980-12-05,0.0,1980/81,UR,Andermatt,46.61460044,8.59790335,100.0,2350.0,NW,,,,,,,0.0,1.0,0.0,transportation.corridor,12,0
1980-12-06,0.0,1980/81,GL,Ennenda,47.0671433,9.09782033,0.0,1600.0,N,,,,,,,1.0,3.0,2.0,transportation.corridor,12,1
1980-12-07,0.0,1980/81,NW,Wolfenschiessen,46.78746399,8.38878927,0.0,1950.0,NW,,,,,,,1.0,22.0,7.0,transportation.corridor,12,1
1980-12-07,0.0,1980/81,GR,Celerina/Schlarigna,46.51885125,9.8015539,100.0,2660.0,E,,,,,,,0.0,2.0,1.0,offpiste,12,0
1980-12-09,0.0,1980/81,GR,Tschiertschen,46.77081373,9.59610399,0.0,2600.0,NE,,,,,,,3.0,11.0,5.0,offpiste,12,1
1980-12-14,0.0,1980/81,GR,Versam,46.77983354,9.32833413,0.0,1400.0,NE,,,,,,,0.0,1.0,0.0,transportation.corridor,12,0
1980-12-17,0.0,1980/81,GR,Celerina/Schlarigna,46.52753141,9.82116582,250.0,2700.0,S,,,,,,,0.0,4.0,1.0,offpiste,12,0
1980-12-21,0.0,1980/81,NW,Beckenried,46.91809596,8.47079129,0.0,1860.0,N,,,,,,,1.0,1.0,1.0,offpiste,12,1
1980-12-30,0.0,1980/81,VS,Saint-Jean,46.19797557,7.54058948,0.0,2640.0,NE,,,,,,,2.0,5.0,2.0,offpiste,12,1
1980-12-31,0.0,1980/81,VS,Orsières,45.93140729,7.10861377,250.0,2000.0,NW,,,,,,,0.0,1.0,0.0,offpiste,12,0
1981-01-02,0.0,1980/81,GR,Bever,46.52695828,9.73312806,0.0,2550.0,S,,,,,,,0.0,2.0,2.0,tour,1,0
1981-01-04,0.0,1980/81,VS,Wiler,46.41353147,7.78199602,100.0,2000.0,SE,,,,,,,0.0,1.0,1.0,building,1,0
1981-01-04,0.0,1980/81,VS,Evolène,46.07778732,7.48413689,0.0,2060.0,E,,,,,,,1.0,2.0,2.0,tour,1,1
1981-01-04,0.0,1980/81,VS,Hérémence,46.0798578,7.39707842,0.0,2300.0,E,,,,,,,1.0,2.0,1.0,tour,1,1
1981-01-05,0.0,1980/81,OW,Lungern,46.80651854,8.1424884,100.0,1460.0,E,,,,,,,1.0,1.0,1.0,tour,1,1
1981-01-05,0.0,1980/81,BE,Zweisimmen,46.50260726,7.33148722,0.0,1820.0,E,,,,,,,0.0,1.0,1.0,transportation.corridor,1,0
1981-01-07,1.0,1980/81,VS,Evolène,46.12705116,7.53437627,500.0,2900.0,SW,,,,,,,0.0,2.0,0.0,building,1,0
1981-01-10,0.0,1980/81,GR,Scuol,46.82690559,10.25437166,100.0,2540.0,SE,,,,,,,0.0,1.0,0.0,transportation.corridor,1,0
1981-01-11,0.0,1980/81,VS,Simplon,46.23992813,8.00285762,0.0,2120.0,SE,,,,,,,3.0,3.0,3.0,tour,1,1
1981-01-11,0.0,1980/81,GR,Pontresina,46.46820824,9.98756021,0.0,2900.0,S,,,,,,,0.0,2.0,0.0,tour,1,0
1981-01-15,0.0,1980/81,SZ,Einsiedeln,47.08288281,8.762122,250.0,1400.0,NW,,,,,,,0.0,2.0,2.0,transportation.corridor,1,0
1981-01-17,0.0,1980/81,VS,Randa,46.10960826,7.73611008,2000.0,3350.0,,,,,,,,0.0,1.0,0.0,building,1,0
1981-01-17,0.0,1980/81,GR,Avers,46.43866836,9.57676541,0.0,2330.0,E,,,,,,,0.0,2.0,2.0,tour,1,0
1981-01-20,0.0,1980/81,VS,Bagnes,46.02086455,7.30370061,100.0,2420.0,NW,,,,,,,0.0,3.0,2.0,transportation.corridor,1,0
1981-01-20,0.0,1980/81,BE,Frutigen,46.54161717,7.63614398,100.0,1900.0,N,,,,,,,0.0,1.0,0.0,tour,1,0
1981-02-08,0.0,1980/81,GR,Pontresina,46.44183849,9.92669131,0.0,2420.0,SE,,,,,,,1.0,2.0,1.0,tour,2,1
1981-02-08,0.0,1980/81,GR,Tschlin,46.89754273,10.47344569,100.0,1100.0,E,,,,,,,0.0,1.0,0.0,transportation.corridor,2,0
1981-02-08,0.0,1980/81,GR,Tschlin,46.89605989,10.47165463,100.0,1250.0,SE,,,,,,,0.0,1.0,0.0,,2,0
1981-02-09,0.0,1980/81,VS,Champéry,46.16924687,6.84433174,0.0,1740.0,S,,,,,,,0.0,1.0,1.0,transportation.corridor,2,0
1981-03-06,0.0,1980/81,VD,Ormont-Dessous,46.39794797,7.03433076,0.0,1720.0,NE,,,,,,,1.0,1.0,1.0,tour,3,1
1981-03-07,0.0,1980/81,VD,Ormont-Dessous,46.34321892,7.21717191,0.0,2280.0,NW,,,,,,,0.0,1.0,0.0,offpiste,3,0
1981-03-15,0.0,1980/81,OW,Engelberg,46.77417282,8.41801642,100.0,2720.0,NE,,,,,,,0.0,1.0,0.0,offpiste,3,0
1981-03-21,0.0,1980/81,GR,Silvaplana,46.42282359,9.82951264,0.0,2980.0,N,30_35,,,,,,0.0,4.0,1.0,transportation.corridor,3,0
1981-04-09,0.0,1980/81,GR,Samedan,46.4100287,9.83662493,0.0,2800.0,NE,35_40,,,,,,1.0,3.0,1.0,offpiste,4,1
1981-04-11,0.0,1980/81,VS,Grimentz,46.13520899,7.56318131,0.0,2440.0,E,40_45,,,,,,1.0,4.0,0.0,tour,4,1
1981-04-11,0.0,1980/81,GR,Stampa,46.35432511,9.69171361,0.0,2740.0,NE,,,,,,,2.0,2.0,2.0,tour,4,1
1981-04-12,0.0,1980/81,GR,Davos,46.6942267,9.9522007,0.0,3020.0,N,,,,,,,5.0,8.0,7.0,tour,4,1
1981-04-26,0.0,1980/81,GR,Samedan,46.37926033,9.82544722,,3000.0,NE,,,,,,,0.0,2.0,0.0,tour,4,0
1981-05-02,0.0,1980/81,GR,Poschiavo,46.38590683,9.98525297,0.0,3380.0,NE,,,,,,,1.0,3.0,1.0,tour,5,1
1981-09-29,0.0,1980/81,GR,Zuoz,46.6016,9.89102458,0.0,2540.0,NE,40_45,,,,,,1.0,1.0,0.0,tour,9,1
1981-12-15,0.0,1981/82,VS,Saas-Balen,46.1333747,7.89280571,1000.0,3050.0,NE,,,,,,,1.0,1.0,1.0,transportation.corridor,12,1
1981-12-16,0.0,1981/82,VS,Saas-Fee,46.10640935,7.88740821,500.0,3200.0,E,,,,,,,0.0,4.0,1.0,building,12,0
1981-12-16,0.0,1981/82,VS,Naters,46.36057535,7.98176133,,1400.0,SE,,,,,,,0.0,1.0,1.0,,12,0
1981-12-16,0.0,1981/82,VS,Randa,46.09472922,7.74960569,500.0,3000.0,E,,,,,,,0.0,14.0,0.0,transportation.corridor,12,0
1981-12-16,0.0,1981/82,VS,Wiler,46.43518368,7.76066443,0.0,3000.0,SE,,,,,,,0.0,1.0,1.0,transportation.corridor,12,0
1981-12-18,0.0,1981/82,GR,Tavetsch/Tujetsch,46.69704988,8.71212614,250.0,2850.0,E,,,,,,,0.0,1.0,0.0,transportation.corridor,12,0
1981-12-20,0.0,1981/82,GR,Davos,46.77434668,9.84695276,0.0,2440.0,NW,,,,,,,0.0,1.0,0.0,offpiste,12,0
1981-12-29,0.0,1981/82,GR,Vicosoprano,46.33437865,9.65359877,0.0,2230.0,NW,0_30,,,,,,1.0,2.0,2.0,tour,12,1
1982-01-04,0.0,1981/82,GR,Avers,46.40578567,9.5523136,0.0,2350.0,N,,,,,,,2.0,2.0,2.0,tour,1,1
1982-01-29,0.0,1981/82,GR,Grüsch,46.96240973,9.61208541,100.0,1000.0,SE,,,,,,,0.0,2.0,0.0,transportation.corridor,1,0
1982-01-30,0.0,1981/82,GL,Elm,46.92195663,9.1297794,0.0,2050.0,SE,,,,,,,0.0,1.0,0.0,tour,1,0
1982-02-28,0.0,1981/82,BE,Lauterbrunnen,46.55636602,7.84204026,100.0,2760.0,SE,,,,,,,0.0,1.0,0.0,offpiste,2,0
1982-03-04,0.0,1981/82,VS,Zermatt,46.00058632,7.71712362,100.0,2200.0,N,,,,,,,0.0,1.0,0.0,offpiste,3,0
1982-03-08,0.0,1981/82,VS,Zermatt,45.98742771,7.83126423,250.0,3400.0,N,,,,,,,0.0,4.0,0.0,offpiste,3,0
1982-03-11,0.0,1981/82,GR,Stampa,46.33074297,9.71217102,0.0,2580.0,S,30_35,,,,,,1.0,1.0,1.0,tour,3,1
1982-03-12,0.0,1981/82,GR,Splügen,46.54528616,9.33709633,250.0,1860.0,NW,,,,,,,0.0,2.0,0.0,tour,3,0
1982-03-14,0.0,1981/82,TI,Campello,46.50752358,8.82077386,500.0,2080.0,S,,,,,,,0.0,1.0,1.0,offpiste,3,0
1982-03-14,0.0,1981/82,BE,Lauterbrunnen,46.55759258,7.87530336,0.0,2080.0,NE,,,,,,,0.0,1.0,1.0,offpiste,3,0
1982-03-14,0.0,1981/82,GR,Arosa,46.73995424,9.60998732,0.0,2860.0,NE,,,,,,,0.0,1.0,0.0,offpiste,3,0
1982-03-14,0.0,1981/82,GR,Davos,46.8050486,9.79236147,0.0,2380.0,NE,,,,,,,0.0,1.0,1.0,offpiste,3,0
1982-03-14,0.0,1981/82,UR,Andermatt,46.62188854,8.61536086,0.0,2060.0,NE,45_90,,,,,,1.0,1.0,1.0,offpiste,3,1
1982-03-15,0.0,1981/82,GR,Davos,46.83826672,9.82010977,0.0,2470.0,N,,,,,,,0.0,1.0,1.0,offpiste,3,0
1982-03-16,0.0,1981/82,GR,Davos,46.78531254,9.85399422,0.0,2160.0,NE,35_40,,,,,,1.0,2.0,1.0,offpiste,3,1
1982-03-19,0.0,1981/82,GR,Pontresina,46.43547734,10.01212154,0.0,2460.0,NW,30_35,,,,,,1.0,1.0,1.0,offpiste,3,1
1982-03-20,0.0,1981/82,SG,Sevelen,47.11906858,9.4129381,0.0,1900.0,NE,,,,,,,0.0,5.0,2.0,tour,3,0
1982-03-25,0.0,1981/82,VS,Bagnes,46.11806883,7.19997546,,2470.0,NW,35_40,,,,,,0.0,1.0,0.0,offpiste,3,0
1982-03-28,0.0,1981/82,VS,Liddes,46.01463242,7.20559123,0.0,2480.0,N,,,,,,,2.0,2.0,2.0,tour,3,1
1982-03-28,0.0,1981/82,VS,Orsières,46.01769533,7.08614288,250.0,2140.0,N,0_30,,,,,,0.0,2.0,0.0,tour,3,0
1982-04-02,0.0,1981/82,VS,Liddes,45.98155913,7.24508729,100.0,2700.0,NW,,,,,,,0.0,4.0,1.0,tour,4,0
1982-04-04,0.0,1981/82,TI,Brissago,46.12453287,8.65994634,100.0,1900.0,E,,,,,,,1.0,2.0,1.0,tour,4,1
1982-04-04,0.0,1981/82,VS,Zermatt,45.99701819,7.78712625,0.0,2760.0,N,,,,,,,1.0,1.0,1.0,offpiste,4,1
1982-04-05,0.0,1981/82,VS,Blatten,46.44260657,7.83162975,250.0,2550.0,E,,,,,,,0.0,1.0,1.0,tour,4,0
1982-04-06,0.0,1981/82,GR,Tschlin,46.93487411,10.4676719,250.0,2050.0,NE,,,,,,,0.0,1.0,0.0,transportation.corridor,4,0
1982-04-07,0.0,1981/82,BE,Adelboden,46.41804382,7.55049794,100.0,2860.0,NE,,,,,,,0.0,5.0,0.0,tour,4,0
1982-04-22,0.0,1981/82,VS,Zermatt,45.98574168,7.79737799,0.0,3120.0,N,,,,,,,0.0,1.0,0.0,offpiste,4,0
1982-05-09,0.0,1981/82,GR,Davos,46.68383255,9.89018619,0.0,2760.0,N,40_45,,,,,,1.0,15.0,9.0,tour,5,1
1982-05-10,0.0,1981/82,UR,Spiringen,46.87095628,8.87169652,0.0,1760.0,E,,,,,,,0.0,2.0,2.0,transportation.corridor,5,0
1982-05-30,0.0,1981/82,BE,Gadmen,46.73603771,8.40646378,100.0,1850.0,S,,,,,,,0.0,1.0,0.0,,5,0
1982-06-03,0.0,1981/82,BE,Gadmen,46.73577008,8.40619728,0.0,1775.0,S,,,,,,,0.0,1.0,0.0,transportation.corridor,6,0
1982-06-05,0.0,1981/82,VD,Bex,46.27693112,7.1428446,0.0,2250.0,N,,,,,,,2.0,3.0,1.0,tour,6,1
1982-08-01,0.0,1981/82,VS,Randa,46.09934177,7.85372869,0.0,4070.0,W,,,,,,,4.0,12.0,8.0,tour,8,1
1982-08-18,0.0,1981/82,VS,Fieschertal,46.55750813,7.99742997,100.0,4000.0,S,,,,,,,0.0,1.0,1.0,tour,8,0
1982-12-14,0.0,1982/83,GR,Laax,46.86415185,9.23290739,100.0,2200.0,S,,,,,,,0.0,1.0,0.0,offpiste,12,0
1982-12-19,0.0,1982/83,GR,Pontresina,46.40509204,9.97255808,0.0,3000.0,E,,,,,,,1.0,3.0,3.0,offpiste,12,1
1982-12-19,186.0,1982/83,GR,Davos,46.84678125,9.81530567,100.0,2380.0,NE,,,,,,,0.0,1.0,1.0,offpiste,12,0
1982-12-21,0.0,1982/83,GR,Davos,46.77403623,9.85099962,0.0,2540.0,SE,35_40,,,,,,1.0,1.0,1.0,offpiste,12,1
1982-12-26,0.0,1982/83,GR,Nufenen,46.56333915,9.21379783,0.0,2760.0,S,30_35,,,,,,1.0,1.0,1.0,tour,12,1
1982-12-29,0.0,1982/83,VS,Simplon,46.24507027,8.05192271,100.0,2370.0,N,,,,,,,0.0,2.0,1.0,tour,12,0
1982-12-30,0.0,1982/83,GR,Says,46.89251245,9.61562551,0.0,1960.0,E,,,,,,,0.0,1.0,1.0,tour,12,0
1982-12-31,0.0,1982/83,GR,Celerina/Schlarigna,46.52805041,9.82216663,0.0,2700.0,SE,,,,,,,0.0,2.0,1.0,offpiste,12,0
1983-01-05,0.0,1982/83,VS,Ayer,46.06014979,7.64861784,100.0,2750.0,SW,,,,,,,1.0,1.0,1.0,tour,1,1
1983-01-09,0.0,1982/83,GR,Susch,46.74418512,9.95184754,0.0,2510.0,N,35_40,,,,,,0.0,10.0,1.0,tour,1,0
1983-01-16,0.0,1982/83,BE,Lauterbrunnen,46.5580466,7.87419854,0.0,2040.0,N,,,,,,,0.0,1.0,1.0,transportation.corridor,1,0
1983-01-21,0.0,1982/83,GR,Davos,46.79471354,9.88376969,0.0,2400.0,SW,35_40,,,,,,0.0,2.0,0.0,tour,1,0
1983-01-22,0.0,1982/83,GR,Davos,46.7273904,9.81370591,0.0,2510.0,SW,40_45,,,,,,1.0,2.0,1.0,offpiste,1,1
1983-01-24,0.0,1982/83,VD,Rougemont,46.4603582,7.20270006,100.0,2160.0,SW,,,,,,,0.0,1.0,0.0,offpiste,1,0
1983-02-06,0.0,1982/83,VS,Troistorrents,46.23111665,6.86634156,0.0,1620.0,NE,,,,,,,0.0,6.0,0.0,offpiste,2,0
1983-02-12,0.0,1982/83,VS,Bourg-Saint-Pierre,45.89205271,7.19709461,250.0,2260.0,NE,,,,,,,0.0,2.0,0.0,offpiste,2,0
1983-02-13,0.0,1982/83,VS,Saint-Gingolph,46.34895255,6.78163423,0.0,2040.0,E,,,,,,,0.0,2.0,0.0,tour,2,0
1983-02-27,0.0,1982/83,GR,Luzein,46.95532098,9.78002489,0.0,2080.0,N,40_45,,,,,,5.0,9.0,8.0,tour,2,1
1983-03-06,0.0,1982/83,GR,Sur,46.54328399,9.6930627,0.0,3220.0,S,,,,,,,0.0,3.0,1.0,tour,3,0
1983-03-06,0.0,1982/83,FR,Jaun,46.5745724,7.23337904,0.0,2060.0,N,,,,,,,1.0,1.0,1.0,tour,3,1
1983-03-19,0.0,1982/83,GR,Tschierv,46.62978041,10.27779897,250.0,2340.0,NE,,,,,,,0.0,1.0,0.0,tour,3,0
1983-03-27,0.0,1982/83,GR,Arosa,46.79077141,9.66280744,100.0,2120.0,E,,,,,,,0.0,3.0,1.0,offpiste,3,0
1983-03-27,0.0,1982/83,VS,Saas-Grund,46.16351715,7.99209823,0.0,3500.0,SW,,,,,,,3.0,8.0,2.0,tour,3,1
1983-03-27,0.0,1982/83,SG,Sevelen,47.13057468,9.3978049,0.0,2320.0,NW,,,,,,,0.0,3.0,1.0,tour,3,0
1983-03-27,0.0,1982/83,VS,Saint-Luc,46.20246183,7.64722271,0.0,2740.0,S,,,,,,,0.0,5.0,0.0,tour,3,0
1983-04-03,0.0,1982/83,GR,Langwies,46.79245156,9.74372185,0.0,2420.0,N,,,,,,,0.0,2.0,1.0,tour,4,0
1983-04-06,1.0,1982/83,VS,Münster,46.49744498,8.24053823,100.0,2200.0,NE,,,,,,,2.0,2.0,0.0,tour,4,1
1983-04-07,0.0,1982/83,VS,Zermatt,46.01790803,7.79500654,250.0,2780.0,S,,,,,,,0.0,3.0,0.0,transportation.corridor,4,0
1983-04-08,0.0,1982/83,GR,Fuldera,46.6005538,10.3267375,0.0,2540.0,N,,,,,,,2.0,4.0,2.0,tour,4,1
1983-04-25,0.0,1982/83,VS,Saas-Almagell,46.06411267,7.92414994,500.0,3140.0,NE,,,,,,,0.0,1.0,0.0,tour,4,0
1983-05-01,0.0,1982/83,VS,Fieschertal,46.46958649,7.96657854,100.0,3600.0,N,,,,,,,1.0,3.0,2.0,tour,5,1
1983-05-12,0.0,1982/83,BE,Adelboden,46.43194442,7.58760625,100.0,2500.0,NW,,,,,,,0.0,3.0,0.0,tour,5,0
1983-06-12,0.0,1982/83,UR,Wassen,46.76726845,8.4565789,0.0,2800.0,S,,,,,,,1.0,2.0,1.0,tour,6,1
1983-06-26,0.0,1982/83,BE,Gadmen,46.69919441,8.401619,250.0,2800.0,N,40_45,,,,,,0.0,10.0,0.0,tour,6,0
1983-09-18,0.0,1982/83,UR,Erstfeld,46.78296683,8.5712719,0.0,2960.0,E,,,,,,,1.0,19.0,12.0,tour,9,1
1983-12-17,0.0,1983/84,TI,Airolo,46.5132509,8.61137185,,2100.0,,,,,,,,0.0,1.0,0.0,,12,0
1983-12-27,0.0,1983/84,GR,Scuol,46.83826681,10.26086939,100.0,2560.0,S,,,,,,,0.0,1.0,0.0,offpiste,12,0
1983-12-29,0.0,1983/84,VS,Zermatt,46.0192941,7.79759804,0.0,2970.0,S,,,,,,,0.0,3.0,0.0,transportation.corridor,12,0
1984-01-16,0.0,1983/84,VS,Zermatt,46.00221218,7.69538149,0.0,2320.0,N,,,,,,,1.0,1.0,1.0,offpiste,1,1
1984-01-23,0.0,1983/84,GR,Klosters-Serneus,46.86223794,9.85075851,0.0,2060.0,NE,35_40,,,,,,0.0,1.0,0.0,offpiste,1,0
1984-01-25,0.0,1983/84,FR,Gruyères,46.54776065,7.01880473,100.0,1900.0,E,,,,,,,0.0,1.0,0.0,transportation.corridor,1,0
1984-01-27,0.0,1983/84,GR,Davos,46.83656839,9.8303293,0.0,2220.0,E,30_35,,,,,,1.0,1.0,1.0,offpiste,1,1
1984-01-28,0.0,1983/84,VS,Evolène,46.03375831,7.47383232,0.0,2360.0,NE,,,,,,,1.0,1.0,1.0,offpiste,1,1
1984-02-04,0.0,1983/84,SG,Flums,47.02665992,9.22926501,0.0,2420.0,NE,,,,,,,0.0,3.0,3.0,tour,2,0
1984-02-05,0.0,1983/84,GR,Scuol,46.68601403,10.36944575,250.0,2360.0,W,,,,,,,0.0,4.0,0.0,tour,2,0
1984-02-09,0.0,1983/84,GR,Samnaun,46.96102161,10.37974021,0.0,2040.0,SE,,,,,,,4.0,5.0,5.0,building,2,1
1984-02-09,0.0,1983/84,UR,Wassen,46.74182259,8.56072392,250.0,2450.0,S,,,,,,,0.0,1.0,0.0,building,2,0
1984-02-09,0.0,1983/84,GR,Churwalden,46.76893903,9.51522353,0.0,1900.0,NE,,,,,,,0.0,4.0,0.0,transportation.corridor,2,0
1984-02-09,0.0,1983/84,VS,Täsch,46.06906887,7.75786031,250.0,2500.0,E,,,,,,,0.0,1.0,0.0,transportation.corridor,2,0
1984-02-09,0.0,1983/84,GR,Flims,46.86529511,9.27426942,0.0,2200.0,SW,,,,,,,0.0,11.0,2.0,transportation.corridor,2,0
1984-02-09,0.0,1983/84,UR,Wassen,46.73724141,8.5691341,500.0,2250.0,SW,,,,,,,1.0,1.0,1.0,building,2,1
1984-02-09,0.0,1983/84,VS,Blitzingen,46.4620702,8.17023746,250.0,2500.0,SE,,,,,,,2.0,2.0,2.0,transportation.corridor,2,1
1984-02-10,0.0,1983/84,GR,Bever,46.52716466,9.73404953,0.0,2520.0,E,,,,,,,2.0,2.0,2.0,tour,2,1
1984-02-10,0.0,1983/84,GR,Bergün/Bravuogn,46.62396606,9.77545635,100.0,2160.0,W,,,,,,,0.0,2.0,1.0,transportation.corridor,2,0
1984-02-18,0.0,1983/84,BE,Diemtigen,46.55064342,7.54620826,0.0,2600.0,S,,,,,,,1.0,4.0,1.0,tour,2,1
1984-03-01,0.0,1983/84,VS,Bagnes,46.0402062,7.30494459,0.0,1960.0,S,,,,,,,0.0,1.0,1.0,transportation.corridor,3,0
1984-03-04,0.0,1983/84,SG,Amden,47.17831555,9.20557629,0.0,1340.0,NW,,,,,,,2.0,4.0,3.0,tour,3,1
1984-03-04,0.0,1983/84,BE,Därstetten,46.63587722,7.47285303,100.0,1300.0,SE,,,,,,,0.0,3.0,1.0,tour,3,0
1984-03-05,0.0,1983/84,SZ,Muotathal,46.9589802,8.74842606,0.0,1230.0,NW,,,,,,,1.0,1.0,1.0,tour,3,1
1984-03-09,0.0,1983/84,NW,Stans,46.93761196,8.36622687,0.0,1310.0,N,,,,,,,1.0,1.0,1.0,tour,3,1
1984-03-28,0.0,1983/84,GR,Splügen,46.545653,9.34206496,0.0,2000.0,NW,,,,,,,1.0,8.0,0.0,tour,3,1
1984-03-29,0.0,1983/84,GR,Vicosoprano,46.33330469,9.65329513,0.0,2250.0,W,,,,,,,0.0,3.0,1.0,tour,3,0
1984-03-30,0.0,1983/84,VS,Evolène,45.99754365,7.4941377,0.0,2170.0,N,,,,,,,5.0,8.0,6.0,tour,3,1
1984-03-31,0.0,1983/84,SZ,Innerthal,47.04585692,8.93132024,0.0,1920.0,N,,,,,,,1.0,1.0,1.0,tour,3,1
1984-03-31,0.0,1983/84,GR,Davos,46.77325314,9.84546297,0.0,2500.0,N,,,,,,,0.0,1.0,1.0,offpiste,3,0
1984-03-31,0.0,1983/84,GR,Churwalden,46.77091466,9.51791905,0.0,1890.0,NE,,,,,,,1.0,1.0,1.0,offpiste,3,1
1984-03-31,0.0,1983/84,GR,Davos,46.8187226,9.87207828,0.0,2040.0,NW,,,,,,,0.0,2.0,0.0,offpiste,3,0
1984-04-01,0.0,1983/84,VS,Saas-Grund,46.15266834,8.00299064,0.0,3740.0,W,,,,,,,4.0,16.0,4.0,transportation.corridor,4,1
1984-04-04,0.0,1983/84,GR,Davos,46.71681502,9.79204231,0.0,2280.0,W,30_35,,,,,,1.0,1.0,1.0,tour,4,1
1984-04-04,0.0,1983/84,GR,Pontresina,46.40808466,9.97959392,,2600.0,NE,,,,,,,0.0,3.0,1.0,offpiste,4,0
1984-04-04,0.0,1983/84,GR,Pontresina,46.42983214,10.00306721,100.0,2300.0,SW,,,,,,,0.0,2.0,2.0,transportation.corridor,4,0
1984-04-07,0.0,1983/84,GR,Klosters-Serneus,46.85997513,9.81916885,0.0,2320.0,N,,,,,,,0.0,1.0,1.0,offpiste,4,0
1984-04-17,0.0,1983/84,VS,Simplon,46.25521829,8.00340513,250.0,2500.0,S,,,,,,,0.0,1.0,0.0,tour,4,0
1984-04-19,0.0,1983/84,VS,Hérémence,46.07922622,7.39223151,0.0,2570.0,NW,,,,,,,3.0,3.0,1.0,tour,4,1
1984-04-21,0.0,1983/84,VS,Saas-Almagell,46.05846752,7.94968478,0.0,2240.0,E,30_35,,,,,,1.0,15.0,0.0,offpiste,4,1
1984-05-20,0.0,1983/84,VS,Saas-Almagell,46.0639593,7.92841316,100.0,3020.0,NE,,,,,,,0.0,3.0,2.0,tour,5,0
1984-05-31,0.0,1983/84,VS,Naters,46.45043117,7.94556795,0.0,3720.0,S,,,,,,,3.0,7.0,4.0,tour,5,1
1984-12-02,0.0,1984/85,VS,Bourg-Saint-Pierre,45.86001305,7.18951077,100.0,2600.0,NW,,,,,,,1.0,5.0,1.0,tour,12,1
1984-12-04,0.0,1984/85,GR,Samedan,46.50873307,9.78169064,0.0,2900.0,NW,,,,,,,0.0,1.0,0.0,offpiste,12,0
1984-12-09,0.0,1984/85,VS,Zermatt,46.02378142,7.80085584,0.0,2980.0,N,,,,,,,1.0,1.0,1.0,offpiste,12,1
1984-12-12,0.0,1984/85,GR,Pontresina,46.4160841,9.9740479,0.0,2840.0,E,40_45,,,,,,1.0,5.0,0.0,offpiste,12,1
1984-12-21,0.0,1984/85,OW,Giswil,46.79258512,8.06339154,100.0,1930.0,N,30_35,,,,,,0.0,3.0,0.0,transportation.corridor,12,0
1984-12-23,0.0,1984/85,GR,Samnaun,46.97034446,10.3353437,0.0,2840.0,NE,,,,,,,1.0,1.0,1.0,offpiste,12,1
1984-12-29,0.0,1984/85,BE,Grindelwald,46.68306083,8.07173194,100.0,2640.0,SW,,,,,,,0.0,1.0,1.0,tour,12,0
1985-01-02,0.0,1984/85,VD,Ollon,46.32052393,7.12929907,0.0,1770.0,W,,,,,,,0.0,3.0,3.0,tour,1,0
1985-01-05,0.0,1984/85,GR,Tavetsch/Tujetsch,46.6614869,8.68188618,500.0,2220.0,N,,,,,,,0.0,4.0,0.0,offpiste,1,0
1985-01-15,0.0,1984/85,GR,Davos,46.80687591,9.90411445,0.0,2160.0,NW,,,,,,,1.0,1.0,1.0,offpiste,1,1
1985-01-16,0.0,1984/85,TI,Cerentino,46.31576452,8.56816017,,,S,,,,,,,0.0,2.0,2.0,transportation.corridor,1,0
1985-01-20,0.0,1984/85,GR,Celerina/Schlarigna,46.51857879,9.80167237,100.0,2660.0,NE,,,,,,,0.0,3.0,0.0,offpiste,1,0
1985-01-21,0.0,1984/85,GR,Langwies,46.83957265,9.79400329,100.0,2660.0,NW,,,,,,,0.0,10.0,0.0,offpiste,1,0
1985-01-21,0.0,1984/85,GR,Langwies,46.84327259,9.79350953,0.0,2460.0,NW,,,,,,,1.0,3.0,1.0,offpiste,1,1
1985-01-23,0.0,1984/85,VS,Leytron,46.19933629,7.14002695,0.0,2060.0,E,,,,,,,1.0,1.0,1.0,transportation.corridor,1,1
1985-01-24,0.0,1984/85,GR,Stampa,46.39661283,9.69216939,0.0,1700.0,NW,,,,,,,0.0,3.0,3.0,transportation.corridor,1,0
1985-01-24,0.0,1984/85,GR,Celerina/Schlarigna,46.51347593,9.82406669,0.0,2380.0,N,,,,,,,2.0,2.0,2.0,offpiste,1,1
1985-01-26,0.0,1984/85,VS,Bagnes,46.11608042,7.21744662,0.0,2160.0,E,35_40,,,,,,1.0,3.0,1.0,offpiste,1,1
1985-01-27,0.0,1984/85,GR,Salouf,46.60778493,9.51209889,0.0,2460.0,NE,,,,,,,1.0,2.0,1.0,tour,1,1
1985-01-28,0.0,1984/85,GR,Langwies,46.84122033,9.79046875,0.0,2470.0,N,,,,,,,0.0,2.0,0.0,offpiste,1,0
1985-02-01,0.0,1984/85,GR,Susch,46.71413488,9.9777946,250.0,2300.0,N,,,,,,,0.0,1.0,1.0,tour,2,0
1985-02-03,0.0,1984/85,VS,Zermatt,46.01827075,7.8828114,250.0,3560.0,SW,,,,,,,0.0,2.0,1.0,tour,2,0
1985-02-04,0.0,1984/85,GR,Susch,46.74159005,9.95729051,100.0,2500.0,NE,,,,,,,0.0,1.0,1.0,transportation.corridor,2,0
1985-02-07,0.0,1984/85,LI,Triesenberg,47.09129361,9.62552754,,2040.0,W,30_35,,,,,,1.0,1.0,1.0,offpiste,2,1
1985-02-10,0.0,1984/85,GR,Safien,46.65226849,9.3293583,0.0,2280.0,NE,,,,,,,1.0,1.0,1.0,tour,2,1
1985-02-16,0.0,1984/85,NW,Kerns,46.75682719,8.28052198,100.0,2140.0,NE,,,,,,,0.0,2.0,0.0,transportation.corridor,2,0
1985-02-16,0.0,1984/85,VS,Saas-Fee,46.08313569,7.91423553,250.0,2520.0,N,,,,,,,0.0,1.0,1.0,transportation.corridor,2,0
1985-02-16,0.0,1984/85,GL,Schwanden,46.93200372,9.11958802,0.0,2380.0,NW,,,,,,,1.0,1.0,1.0,tour,2,1
1985-02-17,0.0,1984/85,VS,Zermatt,45.99886362,7.80094904,0.0,2700.0,NE,,,,,,,0.0,2.0,2.0,offpiste,2,0
1985-02-18,0.0,1984/85,BE,Grindelwald,46.58226133,7.99442388,100.0,2260.0,N,,,,,,,2.0,5.0,2.0,transportation.corridor,2,1
1985-02-18,0.0,1984/85,VS,Zermatt,46.00218016,7.70906408,0.0,2260.0,NE,40_45,,,,,,1.0,3.0,1.0,offpiste,2,1
1985-02-19,0.0,1984/85,VS,Saas-Fee,46.12155436,7.92310842,0.0,2080.0,E,,,,,,,0.0,5.0,0.0,transportation.corridor,2,0
1985-02-20,0.0,1984/85,VS,Grimentz,46.16753526,7.52926841,0.0,2770.0,NE,,,,,,,0.0,1.0,0.0,transportation.corridor,2,0
1985-02-21,0.0,1984/85,VS,Bourg-Saint-Pierre,45.91914163,7.25110762,100.0,2500.0,NW,,,,,,,0.0,1.0,1.0,tour,2,0
1985-02-23,0.0,1984/85,VS,Nax,46.20813111,7.4872258,0.0,2620.0,NW,40_45,,,,,,1.0,1.0,1.0,tour,2,1
1985-02-25,0.0,1984/85,GR,Samedan,46.52838104,9.93256255,100.0,2900.0,SW,,,,,,,0.0,2.0,0.0,tour,2,0
1985-03-02,0.0,1984/85,VS,Täsch,46.04554595,7.80229189,0.0,3100.0,NW,,,,,,,11.0,11.0,11.0,transportation.corridor,3,1
1985-03-03,0.0,1984/85,VS,Oberwald,46.51759484,8.46452776,0.0,3140.0,SW,,,,,,,0.0,2.0,0.0,tour,3,0
1985-03-04,0.0,1984/85,BE,Gsteig,46.36576385,7.2767901,0.0,2000.0,N,30_35,,,,,,1.0,5.0,2.0,tour,3,1
1985-03-06,0.0,1984/85,GR,Pontresina/Puntraschigna,46.49447587,9.9190763,0.0,2480.0,SW,,,,,,,1.0,2.0,2.0,transportation.corridor,3,1
1985-03-07,0.0,1984/85,VS,Zermatt,45.96163434,7.81108621,0.0,2640.0,W,30_35,,,,,,2.0,2.0,2.0,tour,3,1
1985-03-08,0.0,1984/85,VS,Zermatt,45.97709699,7.72164897,0.0,2760.0,NE,30_35,,,,,,1.0,2.0,2.0,offpiste,3,1
1985-03-10,0.0,1984/85,VS,Zermatt,45.99232347,7.69262485,500.0,2700.0,N,,,,,,,0.0,1.0,1.0,offpiste,3,0
1985-03-10,0.0,1984/85,GR,Nufenen,46.56631914,9.23033359,0.0,2730.0,E,,,,,,,3.0,6.0,4.0,tour,3,1
1985-03-14,0.0,1984/85,VS,Zermatt,45.98791081,7.82158898,500.0,3300.0,N,,,,,,,0.0,2.0,0.0,offpiste,3,0
1985-03-16,0.0,1984/85,GR,Davos,46.72163871,9.93345609,250.0,2400.0,W,,,,,,,0.0,1.0,0.0,tour,3,0
1985-03-17,0.0,1984/85,FR,Gruyères,46.55213781,7.01055593,0.0,1600.0,NW,,,,,,,1.0,2.0,2.0,offpiste,3,1
1985-03-19,0.0,1984/85,GR,Celerina/Schlarigna,46.5275653,9.82384036,0.0,2700.0,S,,,,,,,0.0,2.0,1.0,offpiste,3,0
1985-03-19,0.0,1984/85,VS,Bourg-Saint-Pierre,45.91958598,7.24788391,250.0,2440.0,NW,,,,,,,0.0,1.0,1.0,offpiste,3,0
1985-03-19,0.0,1984/85,GR,Disentis/Mustér,46.71023156,8.82393851,,1600.0,NE,,,,,,,0.0,1.0,0.0,offpiste,3,0
1985-03-22,0.0,1984/85,GR,Klosters-Serneus,46.81639079,9.94250356,250.0,2800.0,SW,,,,,,,0.0,1.0,1.0,tour,3,0
1985-03-23,0.0,1984/85,VS,Liddes,45.99897312,7.20210836,0.0,2140.0,W,35_40,,,,,,1.0,2.0,1.0,offpiste,3,1
1985-03-24,0.0,1984/85,OW,Engelberg,46.81545842,8.47983212,0.0,2580.0,NW,,,,,,,0.0,1.0,0.0,tour,3,0
1985-03-26,0.0,1984/85,VS,Albinen,46.36346864,7.65518237,100.0,2340.0,W,,,,,,,1.0,1.0,1.0,offpiste,3,1
1985-03-26,0.0,1984/85,VS,Unterbäch,46.24674991,7.75144617,250.0,2800.0,NE,,,,,,,0.0,2.0,0.0,tour,3,0
1985-03-29,0.0,1984/85,GR,Klosters-Serneus,46.85921911,9.81441226,0.0,2340.0,N,,,,,,,0.0,1.0,0.0,offpiste,3,0
1985-03-29,0.0,1984/85,GR,Scuol,46.67340432,10.38890005,250.0,2760.0,W,,,,,,,0.0,1.0,1.0,tour,3,0
1985-03-30,0.0,1984/85,GR,Davos,46.83495345,9.83438839,0.0,2100.0,NE,40_45,,,,,,1.0,1.0,1.0,offpiste,3,1
1985-03-31,0.0,1984/85,VS,Saillon,46.1940973,7.11583221,0.0,2260.0,NE,40_45,,,,,,4.0,4.0,4.0,tour,3,1
1985-04-03,0.0,1984/85,GR,Stierva,46.62612041,9.50091662,0.0,2680.0,NE,,,,,,,1.0,4.0,2.0,tour,4,1
1985-04-05,0.0,1984/85,VS,Wiler,46.41862948,7.76141169,0.0,2380.0,SE,,,,,,,0.0,4.0,1.0,offpiste,4,0
1985-04-11,0.0,1984/85,GR,Scuol,46.69461149,10.33066515,0.0,2780.0,NW,,,,,,,1.0,2.0,2.0,tour,4,1
1985-04-18,0.0,1984/85,GR,Samnaun,46.93068921,10.33372899,0.0,2480.0,NW,,,,,,,6.0,9.0,8.0,tour,4,1
1985-04-19,0.0,1984/85,VS,Orsières,45.98484871,7.08196698,0.0,1980.0,E,35_40,,,,,,1.0,1.0,0.0,tour,4,1
1985-04-20,0.0,1984/85,VS,Orsières,45.98552253,7.0817045,0.0,2000.0,E,40_45,,,,,,1.0,1.0,0.0,offpiste,4,1
1985-05-26,0.0,1984/85,BE,Lenk,46.38211467,7.41848962,0.0,2380.0,N,,,,,,,0.0,2.0,0.0,tour,5,0
1985-07-14,0.0,1984/85,UR,Silenen,46.80689782,8.73621145,250.0,2900.0,NE,,,,,,,0.0,3.0,0.0,tour,7,0
1985-12-01,0.0,1985/86,AR,Hundwil,47.25607098,9.3399006,0.0,2060.0,NW,,,,,,,2.0,2.0,0.0,tour,12,1
1985-12-26,0.0,1985/86,NW,Hergiswil,46.98283822,8.25061207,100.0,1880.0,S,,,,,,,0.0,1.0,1.0,tour,12,0
1985-12-31,0.0,1985/86,BE,Diemtigen,46.62778106,7.61739471,250.0,2300.0,W,,,,,,,0.0,1.0,0.0,tour,12,0
1986-01-01,0.0,1985/86,VS,Nendaz,46.091735,7.33300447,0.0,2665.0,NE,35_40,,,,,,1.0,1.0,1.0,offpiste,1,1
1986-01-01,0.0,1985/86,BE,Adelboden,46.46081096,7.50112033,100.0,1980.0,E,,,,,,,0.0,1.0,1.0,offpiste,1,0
1986-01-02,0.0,1985/86,UR,Isenthal,46.89780057,8.46180547,0.0,2280.0,N,,,,,,,1.0,8.0,3.0,tour,1,1
1986-01-02,0.0,1985/86,VD,Château-d’Œx,46.38399494,7.14876106,0.0,2360.0,NE,,,,,,,3.0,3.0,3.0,tour,1,1
1986-01-03,0.0,1985/86,VS,Grimentz,46.17293206,7.52992481,0.0,2700.0,SE,,,,,,,0.0,1.0,1.0,offpiste,1,0
1986-01-04,0.0,1985/86,VS,Riddes,46.10841815,7.25905832,0.0,2400.0,NW,40_45,,,,,,2.0,5.0,2.0,transportation.corridor,1,1
1986-01-09,0.0,1985/86,BE,Lauterbrunnen,46.56261515,7.85532443,0.0,2590.0,NW,,,,,,,0.0,2.0,1.0,transportation.corridor,1,0
1986-01-13,0.0,1985/86,UR,Realp,46.6026394,8.4860462,100.0,2190.0,SE,,,,,,,0.0,1.0,0.0,transportation.corridor,1,0
1986-01-15,0.0,1985/86,GR,Davos,46.78927123,9.83268315,0.0,1830.0,SW,,,,,,,2.0,2.0,2.0,tour,1,1
1986-01-27,0.0,1985/86,GR,Celerina/Schlarigna,46.52765522,9.82384432,0.0,2690.0,S,30_35,,,,,,1.0,1.0,1.0,offpiste,1,1
1986-01-31,0.0,1985/86,VS,Zermatt,46.0043329,7.74651014,0.0,2000.0,NW,,,,,,,1.0,2.0,2.0,tour,1,1
1986-02-01,0.0,1985/86,GR,Avers,46.47648387,9.51508365,0.0,2200.0,SW,,,,,,,0.0,1.0,0.0,building,2,0
1986-02-15,0.0,1985/86,GR,Haldenstein,46.88927025,9.4790514,0.0,2200.0,E,0_30,,,,,,0.0,3.0,1.0,tour,2,0
1986-02-15,0.0,1985/86,GR,Vrin,46.65756092,9.07772325,250.0,1900.0,SE,,,,,,,0.0,1.0,1.0,tour,2,0
1986-03-02,0.0,1985/86,VD,Château-d’Œx,46.38285843,7.14408759,0.0,2260.0,NW,,,,,,,1.0,5.0,1.0,tour,3,1
1986-03-22,0.0,1985/86,UR,Isenthal,46.86978894,8.4705862,100.0,2240.0,NE,,,,,,,0.0,4.0,1.0,tour,3,0
1986-03-22,0.0,1985/86,BE,Brienz,46.67863751,8.05815242,100.0,2560.0,NW,,,,,,,0.0,1.0,0.0,offpiste,3,0
1986-03-25,0.0,1985/86,GR,Sufers,46.50972678,9.36745417,0.0,2860.0,NE,30_35,,,,,,1.0,1.0,1.0,tour,3,1
1986-03-25,0.0,1985/86,GR,Fideris,46.86622316,9.7603994,0.0,2300.0,N,,,,,,,0.0,1.0,1.0,tour,3,0
1986-03-26,0.0,1985/86,GR,Bever,46.54122651,9.69923709,0.0,3160.0,E,35_40,,,,,,1.0,6.0,1.0,tour,3,1
1986-03-28,0.0,1985/86,GR,Ardez,46.73892276,10.18404711,0.0,2480.0,E,,,,,,,0.0,1.0,1.0,tour,3,0
1986-03-30,0.0,1985/86,GR,Avers,46.43497131,9.57954814,0.0,2440.0,N,,,,,,,0.0,3.0,2.0,tour,3,0
1986-03-31,0.0,1985/86,VS,Ayer,46.15036971,7.5965448,0.0,2660.0,NE,,,,,,,1.0,3.0,2.0,offpiste,3,1
1986-04-01,0.0,1985/86,VS,Salvan,46.12659139,6.97546872,0.0,2460.0,SE,30_35,,,,,,0.0,2.0,2.0,tour,4,0
1986-04-02,0.0,1985/86,GR,Davos,46.80635542,9.93017435,0.0,2640.0,W,40_45,,,,,,1.0,4.0,1.0,offpiste,4,1
1986-04-06,0.0,1985/86,BE,Lenk,46.38417633,7.39314091,100.0,2320.0,SE,,,,,,,2.0,2.0,2.0,tour,4,1
1986-04-07,0.0,1985/86,VS,Fieschertal,46.51187014,8.05526824,100.0,3240.0,W,,,,,,,1.0,14.0,3.0,tour,4,1
1986-04-07,0.0,1985/86,VS,Fieschertal,46.47172717,7.97050545,100.0,3400.0,N,,,,,,,1.0,2.0,1.0,tour,4,1
1986-04-09,0.0,1985/86,VS,Bagnes,46.01471586,7.250199,0.0,2740.0,N,,,,,,,1.0,6.0,3.0,tour,4,1
1986-04-14,0.0,1985/86,GR,Klosters-Serneus,46.84265977,10.08479782,0.0,3160.0,SW,,,,,,,0.0,2.0,0.0,tour,4,0
1986-04-19,1.0,1985/86,SG,Pfäfers,46.92604052,9.40899717,250.0,2150.0,SW,,,,,,,1.0,1.0,1.0,tour,4,1
1986-04-25,0.0,1985/86,UR,Göschenen,46.6600945,8.52309311,0.0,1960.0,E,,,,,,,1.0,2.0,2.0,tour,4,1
1986-04-28,0.0,1985/86,VS,Naters,46.42716461,7.97754918,100.0,2760.0,N,,,,,,,1.0,4.0,2.0,tour,4,1
1986-04-28,0.0,1985/86,VS,Saas-Almagell,46.05900488,7.929984,0.0,3040.0,S,,,,,,,1.0,4.0,2.0,tour,4,1
1986-04-28,0.0,1985/86,GR,Klosters-Serneus,46.85483059,10.0916946,0.0,3060.0,W,,,,,,,3.0,9.0,3.0,tour,4,1
1986-12-20,0.0,1986/87,VS,Champéry,46.17479644,6.80607052,100.0,2100.0,E,,,,,,,0.0,2.0,0.0,,12,0
1986-12-30,0.0,1986/87,GR,Bivio,46.4181948,9.61466839,100.0,2700.0,NE,,,,,,,0.0,3.0,2.0,tour,12,0
1987-01-28,0.0,1986/87,GL,Braunwald,46.94898331,8.9773051,0.0,1760.0,E,35_40,,,,,,1.0,1.0,1.0,offpiste,1,1
1987-02-12,0.0,1986/87,BE,Lauterbrunnen,46.56575035,7.96686435,0.0,2300.0,NW,,,,,,,0.0,1.0,0.0,tour,2,0
1987-02-13,0.0,1986/87,GR,Splügen,46.52209224,9.31412215,100.0,2140.0,N,,,,,,,0.0,3.0,2.0,transportation.corridor,2,0
1987-02-15,0.0,1986/87,SZ,Muotathal,46.94615868,8.7207235,0.0,1620.0,NW,30_35,,,,,,0.0,2.0,1.0,tour,2,0
1987-02-24,0.0,1986/87,UR,Hospental,46.62014071,8.57935057,0.0,1660.0,N,,,,,,,1.0,1.0,1.0,offpiste,2,1
1987-02-28,0.0,1986/87,AI,Schwende,47.24581853,9.34779359,0.0,2360.0,E,30_35,,,,,,2.0,3.0,2.0,offpiste,2,1
1987-02-28,0.0,1986/87,GR,Guarda,46.83873262,10.14677641,250.0,2620.0,SW,,,,,,,1.0,1.0,1.0,tour,2,1
1987-03-02,0.0,1986/87,GR,Scharans,46.72179115,9.51000577,0.0,2300.0,W,40_45,,,,,,1.0,1.0,1.0,offpiste,3,1
1987-03-04,0.0,1986/87,VS,Riddes,46.11060563,7.2779992,0.0,2700.0,W,,,,,,,1.0,3.0,2.0,offpiste,3,1
1987-03-07,0.0,1986/87,GR,Davos,46.77837136,9.85027681,0.0,2470.0,SW,35_40,,,,,,1.0,1.0,1.0,offpiste,3,1
1987-03-08,0.0,1986/87,SG,Wartau,47.10170312,9.42336689,0.0,2280.0,E,35_40,,,,,,0.0,6.0,2.0,tour,3,0
1987-03-17,0.0,1986/87,SG,Pfäfers,46.91020232,9.38806456,0.0,1380.0,N,,,,,,,0.0,1.0,1.0,tour,3,0
1987-03-19,0.0,1986/87,NW,Hergiswil,46.98595603,8.25493144,0.0,1500.0,NE,30_35,,,,,,0.0,1.0,1.0,offpiste,3,0
1987-03-20,0.0,1986/87,GR,Bever,46.5340661,9.73766765,100.0,2660.0,SE,,,,,,,0.0,1.0,0.0,tour,3,0
1987-03-20,0.0,1986/87,VS,Monthey,46.20638839,6.82539835,0.0,1700.0,N,,,,,,,0.0,1.0,1.0,transportation.corridor,3,0
1987-03-20,0.0,1986/87,BE,Diemtigen,46.5619284,7.48721729,100.0,1500.0,N,,,,,,,0.0,1.0,0.0,offpiste,3,0
1987-03-21,0.0,1986/87,OW,Engelberg,46.84435274,8.41680196,0.0,2100.0,NE,,,,,,,0.0,1.0,1.0,offpiste,3,0
1987-03-21,0.0,1986/87,BE,Lauterbrunnen,46.59439868,7.84741322,250.0,2160.0,NE,,,,,,,0.0,1.0,1.0,tour,3,0
1987-03-21,0.0,1986/87,VS,Fiesch,46.42033216,8.11152858,0.0,2120.0,E,,,,,,,1.0,1.0,1.0,offpiste,3,1
1987-03-21,0.0,1986/87,FR,Estavannens,46.54849754,7.15537754,100.0,1600.0,NW,,,,,,,1.0,1.0,1.0,tour,3,1
1987-03-21,0.0,1986/87,SZ,Gersau,47.01037697,8.55897352,0.0,1620.0,NW,,,,,,,0.0,1.0,0.0,tour,3,0
1987-04-05,0.0,1986/87,GR,Vaz/Obervaz,46.7470342,9.59253377,0.0,2400.0,NW,35_40,,,,,,0.0,1.0,1.0,offpiste,4,0
1987-04-18,0.0,1986/87,VS,Salvan,46.12979469,6.98902702,0.0,2320.0,S,,,,,,,1.0,4.0,2.0,transportation.corridor,4,1
1987-04-19,0.0,1986/87,VS,Riddes,46.12583727,7.26728098,0.0,2400.0,NW,,,,,,,4.0,6.0,5.0,tour,4,1
1987-04-19,0.0,1986/87,GR,Vals,46.54182928,9.03509978,0.0,2560.0,SE,,,,,,,0.0,1.0,1.0,building,4,0
1987-11-29,0.0,1987/88,VS,Binn,46.37124759,8.16446553,250.0,1650.0,SW,,,,,,,1.0,1.0,0.0,tour,11,1
1987-12-27,0.0,1987/88,TI,Airolo,46.53948002,8.52491438,0.0,2740.0,E,,,,,,,0.0,4.0,0.0,tour,12,0
1988-01-08,0.0,1987/88,TI,Bedretto,46.4771993,8.39780552,100.0,2450.0,SE,,,,,,,0.0,1.0,0.0,tour,1,0
1988-01-16,0.0,1987/88,VS,Termen,46.31122692,8.0616262,0.0,2290.0,SW,,,,,,,1.0,2.0,1.0,tour,1,1
1988-01-16,0.0,1987/88,GR,Avers,46.43664755,9.57655554,0.0,2390.0,NE,,,,,,,1.0,1.0,1.0,tour,1,1
1988-01-24,0.0,1987/88,VS,Trient,46.04118194,6.96559987,0.0,1870.0,NW,,,,,,,0.0,3.0,3.0,tour,1,0
1988-01-26,0.0,1987/88,GR,Ladir,46.84125215,9.17169467,0.0,2220.0,SW,,,,,,,0.0,1.0,0.0,offpiste,1,0
1988-01-30,0.0,1987/88,GR,Arosa,46.79476597,9.65406223,0.0,2340.0,NE,,,,,,,0.0,1.0,1.0,transportation.corridor,1,0
1988-02-01,0.0,1987/88,GR,Davos,46.8254897,9.83291805,0.0,2150.0,SE,35_40,,,,,,1.0,2.0,2.0,offpiste,2,1
1988-02-01,0.0,1987/88,GR,Arosa,46.7916906,9.65950426,0.0,2240.0,E,,,,,,,1.0,1.0,1.0,offpiste,2,1
1988-02-01,0.0,1987/88,VS,Zermatt,46.00060163,7.71086338,0.0,2270.0,E,40_45,,,,,,2.0,3.0,2.0,offpiste,2,1
1988-02-03,0.0,1987/88,GR,Poschiavo,46.42794639,10.02861998,0.0,2700.0,SE,35_40,,,,,,1.0,3.0,3.0,offpiste,2,1
1988-02-09,0.0,1987/88,GR,Vaz/Obervaz,46.75183398,9.58853602,0.0,2180.0,W,,,,,,,0.0,1.0,0.0,offpiste,2,0
1988-02-10,0.0,1987/88,GR,Scuol,46.83607255,10.24763761,0.0,2760.0,E,,,,,,,0.0,1.0,0.0,transportation.corridor,2,0
1988-02-11,0.0,1987/88,VS,Zermatt,46.01766586,7.80042798,0.0,2800.0,S,,,,,,,0.0,3.0,0.0,offpiste,2,0
1988-02-12,0.0,1987/88,VS,Saas-Fee,46.10912076,7.88419709,0.0,3400.0,E,,,,,,,0.0,1.0,0.0,,2,0
1988-02-13,0.0,1987/88,GR,Tavetsch/Tujetsch,46.64723612,8.66026425,0.0,2680.0,E,,,,,,,0.0,2.0,1.0,tour,2,0
1988-02-14,0.0,1987/88,GR,Bergün/Bravuogn,46.61678667,9.81791955,100.0,2760.0,E,,,,,,,0.0,1.0,1.0,tour,2,0
1988-02-16,0.0,1987/88,BE,Gsteig,46.32660411,7.23152333,0.0,2730.0,N,,,,,,,1.0,2.0,1.0,transportation.corridor,2,1
1988-03-03,0.0,1987/88,GR,Vaz/Obervaz,46.75469227,9.59205428,0.0,2340.0,W,,,,,,,0.0,8.0,0.0,offpiste,3,0
1988-03-09,0.0,1987/88,OW,Lungern,46.79557873,8.13677858,0.0,1400.0,S,,,,,,,0.0,1.0,1.0,tour,3,0
1988-03-09,0.0,1987/88,GR,Davos,46.74660029,9.80741737,0.0,2080.0,N,,,,,,,0.0,1.0,1.0,offpiste,3,0
1988-03-10,0.0,1987/88,BE,Grindelwald,46.5787121,7.98427679,0.0,2380.0,N,30_35,,,,,,1.0,4.0,4.0,tour,3,1
1988-03-10,0.0,1987/88,GR,Langwies,46.83130465,9.80216468,500.0,2600.0,,,,,,,,0.0,1.0,0.0,offpiste,3,0
1988-03-10,0.0,1987/88,GR,Klosters-Serneus,46.86224347,9.85049635,0.0,2080.0,E,40_45,,,,,,1.0,2.0,2.0,offpiste,3,1
1988-03-20,0.0,1987/88,BE,Lauterbrunnen,46.59512525,7.93609241,0.0,1580.0,W,,,,,,,0.0,137.0,0.0,transportation.corridor,3,0
1988-03-25,0.0,1987/88,VS,Ayer,46.15251715,7.65738679,250.0,3100.0,S,,,,,,,1.0,1.0,1.0,building,3,1
1988-04-01,0.0,1987/88,GR,Scuol,46.67082014,10.38614323,0.0,2740.0,NW,35_40,,,,,,6.0,8.0,6.0,tour,4,1
1988-04-03,0.0,1987/88,OW,Engelberg,46.78016055,8.45348301,100.0,2020.0,N,,,,,,,0.0,1.0,1.0,tour,4,0
1988-04-06,0.0,1987/88,GR,Bergün/Bravuogn,46.58329701,9.70608693,0.0,3020.0,NE,35_40,,,,,,0.0,4.0,0.0,tour,4,0
1988-04-18,0.0,1987/88,GR,Susch,46.7471716,9.98963001,100.0,2220.0,SE,,,,,,,0.0,1.0,0.0,transportation.corridor,4,0
1988-05-03,0.0,1987/88,GR,Pontresina,46.42995259,10.02155664,0.0,2880.0,NW,,,,,,,0.0,1.0,1.0,tour,5,0
1988-05-04,0.0,1987/88,GR,Stampa,46.29527678,9.71484182,0.0,3260.0,W,,,,,,,5.0,5.0,5.0,tour,5,1
1988-05-12,0.0,1987/88,VS,Bourg-Saint-Pierre,45.93381114,7.28554378,0.0,3640.0,W,,,,,,,0.0,2.0,0.0,tour,5,0
1988-11-26,0.0,1988/89,UR,Andermatt,46.6103654,8.61608918,0.0,2680.0,N,,,,,,,0.0,1.0,1.0,tour,11,0
1988-12-08,0.0,1988/89,NW,Wolfenschiessen,46.77998001,8.42270532,0.0,2670.0,N,,,,,,,1.0,8.0,1.0,transportation.corridor,12,1
1988-12-22,0.0,1988/89,VS,Trient,46.04468711,6.96485903,0.0,1780.0,N,0_30,,,,,,1.0,1.0,1.0,tour,12,1
1989-02-19,0.0,1988/89,VS,Nendaz,46.09348288,7.32653621,0.0,2710.0,NE,,,,,,,1.0,2.0,1.0,tour,2,1
1989-02-19,0.0,1988/89,OW,Engelberg,46.79264562,8.41442259,0.0,2060.0,N,,,,,,,0.0,1.0,0.0,offpiste,2,0
1989-02-22,0.0,1988/89,VS,Grimentz,46.16753979,7.52344212,0.0,2940.0,NE,,,,,,,0.0,5.0,0.0,offpiste,2,0
1989-02-26,0.0,1988/89,GR,Churwalden,46.77533594,9.49739512,0.0,2360.0,NE,,,,,,,2.0,6.0,2.0,offpiste,2,1
1989-02-26,0.0,1988/89,GR,Tschiertschen,46.78951441,9.58506171,0.0,2340.0,NE,,,,,,,1.0,2.0,1.0,offpiste,2,1
1989-02-27,0.0,1988/89,GR,Davos,46.83844115,9.81821585,100.0,2460.0,N,,,,,,,0.0,5.0,2.0,offpiste,2,0
1989-03-01,0.0,1988/89,NW,Wolfenschiessen,46.78821508,8.40648394,0.0,2040.0,W,,,,,,,0.0,3.0,1.0,offpiste,3,0
1989-03-02,0.0,1988/89,VS,Nendaz,46.1054129,7.29637877,0.0,2300.0,E,,,,,,,1.0,5.0,1.0,offpiste,3,1
1989-03-02,0.0,1988/89,GR,Tschiertschen,46.76946906,9.59821111,0.0,2540.0,NE,35_40,,,,,,0.0,2.0,1.0,offpiste,3,0
1989-03-04,0.0,1988/89,VS,Bagnes,46.08929939,7.25698792,0.0,2340.0,N,,,,,,,0.0,1.0,1.0,offpiste,3,0
1989-03-04,0.0,1988/89,VS,Orsières,46.02555192,7.09603588,0.0,1980.0,N,,,,,,,0.0,3.0,1.0,transportation.corridor,3,0
1989-03-05,0.0,1988/89,BE,Beckenried,46.91029085,8.46840984,0.0,1920.0,NE,,,,,,,1.0,1.0,1.0,tour,3,1
1989-03-05,0.0,1988/89,BE,Adelboden,46.44021334,7.59289898,0.0,2520.0,NW,,,,,,,1.0,2.0,1.0,tour,3,1
1989-03-11,0.0,1988/89,BE,Diemtigen,46.56518255,7.533586,0.0,2260.0,NE,,,,,,,0.0,1.0,1.0,tour,3,0
1989-03-11,0.0,1988/89,GR,Davos,46.70451414,9.81884691,0.0,2700.0,W,30_35,,,,,,1.0,2.0,1.0,tour,3,1
1989-03-12,0.0,1988/89,BE,Lütschental,46.61868716,7.93768,0.0,2320.0,NW,40_45,,,,,,2.0,2.0,2.0,tour,3,1
1989-03-22,0.0,1988/89,VS,Nax,46.18957713,7.5257431,0.0,2820.0,N,40_45,,,,,,1.0,3.0,2.0,offpiste,3,1
1989-03-26,0.0,1988/89,GR,Pontresina,46.41998149,9.89927005,0.0,3180.0,NW,,,,,,,0.0,3.0,1.0,tour,3,0
1989-03-27,0.0,1988/89,VS,Grimentz,46.07410441,7.58417471,0.0,3300.0,N,,,,,,,0.0,2.0,0.0,tour,3,0
1989-04-13,0.0,1988/89,VS,Fieschertal,46.52196958,8.114355,250.0,3040.0,SW,,,,,,,0.0,1.0,1.0,tour,4,0
1989-04-23,0.0,1988/89,GR,Mesocco,46.49291597,9.15025755,100.0,2600.0,E,,,,,,,0.0,1.0,0.0,tour,4,0
1989-04-23,0.0,1988/89,GR,Splügen,46.49811544,9.29198799,0.0,2980.0,NE,,,,,,,0.0,1.0,1.0,tour,4,0
1989-05-12,0.0,1988/89,VS,Trient,46.02593948,7.00021205,0.0,2200.0,N,,,,,,,1.0,1.0,1.0,transportation.corridor,5,1
1989-09-27,0.0,1988/89,VS,Zermatt,45.9823901,7.66864264,0.0,3300.0,NE,,,,,,,2.0,2.0,1.0,tour,9,1
1989-12-03,0.0,1989/90,GR,Pontresina,46.37905904,9.96750574,0.0,3740.0,NE,30_35,,,,,,2.0,4.0,3.0,tour,12,1
1989-12-25,0.0,1989/90,SG,Mels,46.96869798,9.38755983,0.0,2570.0,E,,,,,,,1.0,3.0,1.0,tour,12,1
1989-12-25,0.0,1989/90,NW,Wolfenschiessen,46.7858682,8.417967,100.0,2380.0,NW,,,,,,,0.0,1.0,1.0,offpiste,12,0
1989-12-26,0.0,1989/90,SG,Flums,47.02688133,9.24098318,500.0,2260.0,,,,,,,,0.0,1.0,0.0,tour,12,0
1989-12-27,0.0,1989/90,GR,Nufenen,46.56983859,9.23253768,0.0,2760.0,NE,35_40,,,,,,1.0,1.0,1.0,tour,12,1
1989-12-27,0.0,1989/90,VS,Evolène,46.03443843,7.43605406,100.0,3200.0,E,,,,,,,0.0,1.0,0.0,tour,12,0
1989-12-28,0.0,1989/90,VS,Visperterminen,46.19307707,7.97154294,0.0,3000.0,N,40_45,,,,,,6.0,6.0,4.0,tour,12,1
1989-12-28,0.0,1989/90,GR,Lantsch/Lenz,46.7275989,9.60903166,0.0,2690.0,W,,,,,,,0.0,1.0,0.0,tour,12,0
1989-12-28,0.0,1989/90,VS,Chandolin,46.24351505,7.62832078,0.0,2700.0,NW,35_40,,,,,,0.0,2.0,0.0,offpiste,12,0
1989-12-29,0.0,1989/90,BE,Adelboden,46.42925327,7.58174447,,2400.0,NW,,,,,,,0.0,1.0,0.0,tour,12,0
1990-01-29,0.0,1989/90,UR,Realp,46.55110221,8.48961304,0.0,2590.0,E,,,,,,,0.0,1.0,1.0,tour,1,0
1990-02-01,0.0,1989/90,VS,Ayent,46.33487439,7.38019501,250.0,2600.0,NE,,,,,,,0.0,2.0,1.0,tour,2,0
1990-02-03,0.0,1989/90,SG,Vilters,46.98198977,9.41269472,0.0,2110.0,NW,,,,,,,1.0,2.0,1.0,offpiste,2,1
1990-02-03,0.0,1989/90,TI,Airolo,46.5744262,8.56703676,100.0,2200.0,W,,,,,,,2.0,2.0,2.0,tour,2,1
1990-02-04,0.0,1989/90,VS,Geschinen,46.46734409,8.31482559,250.0,2600.0,NE,,,,,,,0.0,2.0,0.0,tour,2,0
1990-02-04,0.0,1989/90,GR,Tavetsch/Tujetsch,46.6284884,8.66349709,250.0,2550.0,NE,,,,,,,0.0,3.0,0.0,tour,2,0
1990-02-04,0.0,1989/90,NW,Wolfenschiessen,46.78272622,8.41718963,0.0,2400.0,NW,,,,,,,0.0,1.0,0.0,offpiste,2,0
1990-02-04,0.0,1989/90,UR,Realp,46.58335869,8.52742645,0.0,2560.0,NW,,,,,,,0.0,2.0,0.0,tour,2,0
1990-02-04,1.0,1989/90,GR,Mesocco,46.49666841,9.19910472,0.0,2680.0,E,40_45,,,,,,1.0,23.0,2.0,tour,2,1
1990-02-04,0.0,1989/90,GR,Vaz/Obervaz,46.7489412,9.59876314,100.0,2680.0,NW,,,,,,,0.0,1.0,0.0,offpiste,2,0
1990-02-04,0.0,1989/90,VD,Corbeyrier,46.37626143,7.00804281,0.0,2120.0,NW,,,,,,,0.0,4.0,1.0,tour,2,0
1990-02-06,0.0,1989/90,BE,Saanen,46.42421863,7.23804538,0.0,2180.0,NE,35_40,,,,,,1.0,2.0,2.0,tour,2,1
1990-02-11,0.0,1989/90,SG,Vilters,46.98198474,9.40513449,0.0,2350.0,NE,,,,,,,0.0,2.0,0.0,,2,0
1990-02-13,0.0,1989/90,VS,Bagnes,46.0519301,7.18992825,100.0,1950.0,NE,,,,,,,0.0,1.0,1.0,offpiste,2,0
1990-02-14,0.0,1989/90,BE,Zweisimmen,46.52844754,7.35939312,0.0,1320.0,NW,,,,,,,0.0,2.0,0.0,building,2,0
1990-02-15,0.0,1989/90,BE,Lenk,46.44148747,7.44319166,250.0,1180.0,NE,,,,,,,0.0,1.0,0.0,transportation.corridor,2,0
1990-02-18,0.0,1989/90,NW,Wolfenschiessen,46.85811669,8.46806737,0.0,2650.0,NW,,,,,,,2.0,8.0,3.0,tour,2,1
1990-02-19,0.0,1989/90,BE,Adelboden,46.42385176,7.58498235,0.0,2730.0,NW,,,,,,,0.0,1.0,0.0,transportation.corridor,2,0
1990-02-23,0.0,1989/90,VS,Bagnes,46.10464747,7.26379106,0.0,2640.0,W,40_45,,,,,,2.0,2.0,0.0,offpiste,2,1
1990-03-28,0.0,1989/90,OW,Engelberg,46.79117284,8.41832536,0.0,2260.0,NW,,,,,,,0.0,1.0,0.0,offpiste,3,0
1990-04-11,0.0,1989/90,VS,Saas-Almagell,46.06287594,7.92930805,250.0,3100.0,NE,35_40,,,,,,0.0,2.0,0.0,tour,4,0
1990-04-13,0.0,1989/90,GR,Pontresina,46.39355451,9.97533596,0.0,3200.0,N,40_45,,,,,,0.0,3.0,0.0,tour,4,0
1990-04-16,0.0,1989/90,GR,Mesocco,46.4284426,9.16539938,100.0,2500.0,NE,,,,,,,0.0,1.0,0.0,tour,4,0
1990-04-16,0.0,1989/90,VS,Liddes,45.96261461,7.17421028,100.0,2400.0,N,,,,,,,0.0,1.0,0.0,tour,4,0
1990-04-28,0.0,1989/90,UR,Gurtnellen,46.78368397,8.60284998,100.0,2160.0,SE,,,,,,,0.0,7.0,0.0,tour,4,0
1990-05-05,0.0,1989/90,BE,Innertkirchen,46.63443406,8.22415621,0.0,2240.0,N,40_45,,,,,,7.0,7.0,7.0,tour,5,1
1990-11-23,0.0,1990/91,UR,Andermatt,46.60506277,8.60683629,100.0,2800.0,W,,,,,,,1.0,2.0,2.0,transportation.corridor,11,1
1990-11-24,0.0,1990/91,VD,Bex,46.23013268,7.07400968,100.0,2040.0,N,,,,,,,0.0,1.0,0.0,tour,11,0
1990-12-09,0.0,1990/91,VS,Zermatt,46.0116712,7.76010748,0.0,2060.0,S,,,,,,,0.0,3.0,1.0,offpiste,12,0
1990-12-27,0.0,1990/91,LI,Triesenberg,47.0939853,9.57435476,,1670.0,E,30_35,,,,,,0.0,1.0,1.0,tour,12,0
1990-12-28,0.0,1990/91,SG,Sevelen,47.13700403,9.39804025,0.0,2200.0,E,,,,,,,0.0,1.0,0.0,tour,12,0
1990-12-28,0.0,1990/91,GR,Ramosch,46.90779478,10.25198066,0.0,2400.0,N,45_90,,,,,,3.0,3.0,3.0,tour,12,1
1990-12-30,0.0,1990/91,VS,Mund,46.34264519,7.90754332,0.0,2580.0,SE,,,,,,,0.0,1.0,1.0,tour,12,0
1990-12-31,0.0,1990/91,VS,Fully,46.18514807,7.10092609,100.0,2380.0,SW,30_35,,,,,,1.0,1.0,1.0,tour,12,1
1991-01-04,0.0,1990/91,VS,Gampel,46.36163099,7.71436096,0.0,2720.0,SE,40_45,,,,,,0.0,3.0,2.0,tour,1,0
1991-02-09,0.0,1990/91,GR,Stampa,46.33184996,9.70857969,0.0,2540.0,W,35_40,,,,,,1.0,1.0,1.0,tour,2,1
1991-02-10,0.0,1990/91,BE,Rüeggisberg,46.71724607,7.45178177,0.0,1680.0,NE,30_35,,,,,,1.0,1.0,1.0,tour,2,1
1991-02-10,0.0,1990/91,BE,Villeret,47.13656051,7.03224813,0.0,1320.0,N,,,,,,,1.0,1.0,1.0,tour,2,1
1991-02-14,0.0,1990/91,VD,Rougemont,46.46508693,7.20560862,100.0,1800.0,NW,,,,,,,0.0,1.0,0.0,offpiste,2,0
1991-02-14,0.0,1990/91,FR,Gruyères,46.55925137,7.02458414,0.0,1460.0,E,,,,,,,2.0,2.0,2.0,offpiste,2,1
1991-02-15,0.0,1990/91,LU,Flühli,46.8411425,7.969238,100.0,2000.0,SE,,,,,,,0.0,1.0,1.0,tour,2,0
1991-02-16,0.0,1990/91,NW,Oberdorf,46.91131488,8.44939461,0.0,1640.0,NW,,,,,,,0.0,1.0,1.0,transportation.corridor,2,0
1991-02-16,0.0,1990/91,SZ,Muotathal,46.94092823,8.82233333,100.0,1250.0,NE,,,,,,,1.0,1.0,1.0,tour,2,1
1991-02-16,0.0,1990/91,GL,Ennenda,47.05960465,9.09962769,0.0,1600.0,NW,,,,,,,0.0,4.0,1.0,tour,2,0
1991-02-17,0.0,1990/91,SG,Quarten,47.08007422,9.23407942,0.0,1840.0,NE,,,,,,,0.0,2.0,1.0,offpiste,2,0
1991-02-17,0.0,1990/91,VS,Naters,46.40519076,7.96348151,0.0,3120.0,E,,,,,,,0.0,5.0,1.0,transportation.corridor,2,0
1991-02-17,0.0,1990/91,OW,Giswil,46.82121866,8.10631437,0.0,1500.0,N,,,,,,,0.0,2.0,2.0,offpiste,2,0
1991-02-17,0.0,1990/91,GL,Mollis,47.09816083,9.10866241,0.0,1570.0,N,,,,,,,0.0,1.0,1.0,offpiste,2,0
1991-02-17,0.0,1990/91,NW,Hergiswil,46.98458997,8.25727678,0.0,1560.0,E,,,,,,,1.0,1.0,0.0,tour,2,1
1991-02-17,0.0,1990/91,VS,Isérables,46.13710934,7.28659106,0.0,2250.0,N,,,,,,,1.0,2.0,2.0,offpiste,2,1
1991-02-17,0.0,1990/91,GR,Davos,46.83657936,9.82980521,0.0,2260.0,E,35_40,,,,,,1.0,1.0,1.0,offpiste,2,1
1991-02-17,0.0,1990/91,BE,Diemtigen,46.59375683,7.51601958,0.0,1730.0,NW,35_40,,,,,,1.0,1.0,1.0,offpiste,2,1
1991-02-17,0.0,1990/91,OW,Giswil,46.81806221,8.09212283,0.0,1660.0,N,,,,,,,1.0,1.0,1.0,tour,2,1
1991-02-19,0.0,1990/91,NW,Emmetten,46.94691984,8.53466182,100.0,1540.0,NW,30_35,,,,,,1.0,1.0,1.0,offpiste,2,1
1991-02-20,0.0,1990/91,VS,Riddes,46.09954083,7.27777312,0.0,2800.0,NW,0_30,,,,,,1.0,1.0,1.0,offpiste,2,1
1991-02-24,0.0,1990/91,BE,Kandergrund,46.5360999,7.69608698,0.0,1940.0,W,,,,,,,0.0,1.0,0.0,tour,2,0
1991-02-25,0.0,1990/91,GR,Tschierv,46.63292118,10.25463926,0.0,2390.0,E,,,,,,,0.0,2.0,1.0,tour,2,0
1991-02-26,0.0,1990/91,GR,Davos,46.82881128,9.83116457,0.0,2210.0,N,35_40,,,,,,0.0,1.0,0.0,offpiste,2,0
1991-03-08,0.0,1990/91,VS,Bourg-Saint-Pierre,45.86365811,7.17082453,100.0,2750.0,N,,,,,,,7.0,13.0,9.0,tour,3,1
1991-03-10,0.0,1990/91,VS,Saas-Grund,46.09665675,7.93905098,0.0,2340.0,NE,,,,,,,0.0,2.0,1.0,offpiste,3,0
1991-03-10,0.0,1990/91,VS,Zermatt,45.99854962,7.80068882,0.0,2720.0,N,0_30,,,,,,1.0,1.0,1.0,offpiste,3,1
1991-03-12,0.0,1990/91,GR,Tavetsch/Tujetsch,46.63226986,8.65483249,0.0,2700.0,NE,40_45,,,,,,2.0,6.0,3.0,tour,3,1
1991-03-13,0.0,1990/91,GR,Scuol,46.6596197,10.39108774,0.0,3010.0,NW,,,,,,,0.0,1.0,1.0,tour,3,0
1991-03-17,0.0,1990/91,GR,Bergün/Bravuogn,46.59053519,9.803644,0.0,2500.0,NW,35_40,,,,,,1.0,2.0,2.0,tour,3,1
1991-04-07,0.0,1990/91,GR,Samnaun,46.9730751,10.37481214,0.0,2480.0,NW,35_40,,,,,,1.0,2.0,2.0,offpiste,4,1
1991-05-05,0.0,1990/91,VS,Zermatt,45.98220357,7.77799942,0.0,3000.0,S,,,,,,,1.0,2.0,0.0,tour,5,1
1991-05-20,0.0,1990/91,GR,Vicosoprano,46.3071644,9.67833063,0.0,3290.0,SW,,,,,,,1.0,1.0,1.0,tour,5,1
1991-06-01,1.0,1990/91,BE,Grindelwald,46.58046066,7.99473155,250.0,2500.0,N,,,,,,,1.0,1.0,1.0,tour,6,1
1991-06-23,0.0,1990/91,BE,Gadmen,46.69854515,8.39860003,0.0,3040.0,NE,40_45,,,,,,1.0,2.0,0.0,tour,6,1
1991-07-09,0.0,1990/91,BE,Lauterbrunnen,46.47943181,7.84784857,0.0,3540.0,N,,,,,,,1.0,2.0,1.0,tour,7,1
1991-11-23,0.0,1991/92,GR,Scuol,46.69651436,10.33194472,100.0,2700.0,N,,,,,,,0.0,1.0,0.0,tour,11,0
1991-12-21,0.0,1991/92,BE,Hasliberg,46.74725119,8.2360071,0.0,1780.0,NW,,,,,,,0.0,2.0,2.0,offpiste,12,0
1991-12-21,0.0,1991/92,BE,Lauterbrunnen,46.61428302,7.87073515,100.0,1900.0,N,,,,,,,0.0,4.0,2.0,tour,12,0
1991-12-22,0.0,1991/92,GR,Sumvitg,46.72583119,8.92828699,0.0,1040.0,S,,,,,,,1.0,1.0,1.0,transportation.corridor,12,1
1991-12-22,0.0,1991/92,GR,Bivio,46.46907343,9.65708737,100.0,1940.0,W,,,,,,,0.0,1.0,1.0,building,12,0
1991-12-30,0.0,1991/92,VS,Nendaz,46.09195294,7.32582823,0.0,2860.0,N,35_40,,,,,,1.0,1.0,1.0,offpiste,12,1
1992-01-03,0.0,1991/92,GR,Klosters-Serneus,46.85532505,10.091719,0.0,3050.0,W,,,,,,,1.0,3.0,1.0,tour,1,1
1992-02-04,0.0,1991/92,UR,Andermatt,46.61620781,8.61660811,0.0,2440.0,W,,,,,,,0.0,1.0,1.0,transportation.corridor,2,0
1992-02-05,0.0,1991/92,VS,Termen,46.31027577,8.0546052,0.0,2040.0,NW,30_35,,,,,,1.0,1.0,1.0,offpiste,2,1
1992-02-06,0.0,1991/92,VS,Grimentz,46.16911223,7.52577515,0.0,2800.0,E,30_35,,,,,,0.0,1.0,1.0,transportation.corridor,2,0
1992-02-08,0.0,1991/92,OW,Engelberg,46.81590337,8.48036489,0.0,2600.0,W,30_35,,,,,,0.0,2.0,0.0,tour,2,0
1992-02-10,0.0,1991/92,BE,Saanen,46.50767863,7.25297991,250.0,1380.0,NW,,,,,,,0.0,1.0,0.0,offpiste,2,0
1992-02-17,0.0,1991/92,VS,Chalais,46.21858045,7.53486107,0.0,2560.0,N,0_30,,,,,,1.0,1.0,1.0,transportation.corridor,2,1
1992-02-22,0.0,1991/92,GR,Langwies,46.85086023,9.72563103,100.0,2370.0,SE,,,,,,,0.0,3.0,0.0,tour,2,0
1992-03-16,0.0,1991/92,VS,Riddes,46.11615188,7.25754534,0.0,2020.0,N,,,,,,,0.0,1.0,1.0,offpiste,3,0
1992-03-16,0.0,1991/92,VS,Zermatt,45.99555017,7.69773797,0.0,2500.0,N,,,,,,,0.0,3.0,0.0,offpiste,3,0
1992-03-17,0.0,1991/92,VS,Zermatt,45.95004889,7.791341,0.0,3240.0,NE,,,,,,,0.0,1.0,0.0,tour,3,0
1992-03-17,0.0,1991/92,GR,Obersaxen,46.71147533,9.09505799,0.0,2180.0,N,30_35,,,,,,0.0,1.0,1.0,offpiste,3,0
1992-03-17,0.0,1991/92,GR,Samedan,46.54105382,9.82436998,0.0,2880.0,S,40_45,,,,,,1.0,1.0,1.0,tour,3,1
1992-03-18,0.0,1991/92,VS,Nendaz,46.08476131,7.33069097,100.0,2840.0,N,,,,,,,0.0,3.0,1.0,offpiste,3,0
1992-03-19,0.0,1991/92,TI,Quinto,46.49186931,8.6343563,0.0,2360.0,NE,30_35,,,,,,2.0,9.0,1.0,tour,3,1
1992-03-19,0.0,1991/92,GR,Davos,46.7778105,9.86400683,0.0,2040.0,NE,35_40,,,,,,0.0,1.0,0.0,offpiste,3,0
1992-03-19,0.0,1991/92,UR,Hospental,46.61629347,8.58618913,100.0,1880.0,N,,,,,,,0.0,1.0,0.0,offpiste,3,0
1992-03-23,0.0,1991/92,GR,Fuldera,46.60614886,10.31730631,100.0,2650.0,NE,,,,,,,0.0,4.0,1.0,tour,3,0
1992-03-26,0.0,1991/92,GR,Avers,46.43297017,9.56873148,250.0,2780.0,E,,,,,,,0.0,6.0,1.0,tour,3,0
1992-04-16,0.0,1991/92,GR,Scuol,46.68773791,10.3301656,100.0,2800.0,N,,,,,,,0.0,4.0,1.0,tour,4,0
1992-04-26,0.0,1991/92,GR,Ftan,46.83500559,10.20652825,250.0,2280.0,NW,,,,,,,0.0,1.0,0.0,tour,4,0
1992-04-27,0.0,1991/92,GR,Silavaplana,46.42024827,9.81287204,0.0,,NW,,,,,,,0.0,1.0,1.0,offpiste,4,0
1992-05-01,0.0,1991/92,GR,Susch,46.7494339,9.98908245,100.0,2400.0,SE,,,,,,,0.0,2.0,0.0,transportation.corridor,5,0
1992-05-01,0.0,1991/92,GR,Susch,46.74878152,9.98806953,0.0,2400.0,S,,,,,,,4.0,34.0,3.0,transportation.corridor,5,1
1992-05-01,0.0,1991/92,GR,Susch,46.7453442,9.99085278,500.0,2300.0,S,,,,,,,0.0,3.0,0.0,transportation.corridor,5,0
1992-05-02,0.0,1991/92,BE,Grindelwald,46.58044949,7.99701456,250.0,2600.0,N,,,,,,,0.0,1.0,1.0,tour,5,0
1992-10-26,0.0,1992/93,GR,Sent,46.88598784,10.29291678,250.0,2600.0,SW,,,,,,,0.0,3.0,0.0,tour,10,0
1992-12-12,0.0,1992/93,FR,Charmey,46.52839752,7.15750286,0.0,2020.0,N,,,,,,,2.0,3.0,3.0,tour,12,1
1992-12-24,0.0,1992/93,VS,Collombey-Muraz,46.27946006,6.86453576,100.0,1900.0,SE,,,,,,,0.0,1.0,0.0,transportation.corridor,12,0
1993-01-28,0.0,1992/93,GR,Arosa,46.79175433,9.64227711,0.0,2500.0,E,,,,,,,1.0,1.0,1.0,offpiste,1,1
1993-01-28,0.0,1992/93,GR,Samnaun,46.97329141,10.37515276,0.0,2490.0,N,,,,,,,0.0,2.0,1.0,transportation.corridor,1,0
1993-01-31,0.0,1992/93,VS,Liddes,45.9695163,7.25158012,,3198.0,,,,,,,,0.0,2.0,0.0,tour,1,0
1993-02-20,1.0,1992/93,BE,Gadmen,46.67869662,8.32217563,100.0,2500.0,N,,,,,,,3.0,3.0,3.0,tour,2,1
1993-02-21,0.0,1992/93,SG,Amden,47.17051837,9.20360361,0.0,1510.0,N,35_40,,,,,,1.0,1.0,1.0,tour,2,1
1993-02-22,0.0,1992/93,BE,Boltigen,46.57703844,7.32383882,100.0,1530.0,E,,,,,,,0.0,2.0,2.0,tour,2,0
1993-03-02,0.0,1992/93,GR,Davos,46.78064855,9.92453035,100.0,2020.0,NE,,,,,,,0.0,1.0,1.0,tour,3,0
1993-03-04,0.0,1992/93,GR,Samedan,46.54141679,9.77658524,0.0,2380.0,W,,,,,,,1.0,2.0,2.0,offpiste,3,1
1993-03-05,1.0,1992/93,GR,Arosa,46.761809,9.65048081,100.0,2060.0,NW,,,,,,,0.0,4.0,1.0,offpiste,3,0
1993-03-06,0.0,1992/93,FR,Estavannens,46.54636634,7.14854376,0.0,1820.0,N,35_40,,,,,,1.0,2.0,1.0,tour,3,1
1993-03-07,0.0,1992/93,TI,Quinto,46.47708556,8.69133033,0.0,2580.0,NW,30_35,,,,,,2.0,2.0,1.0,tour,3,1
1993-03-07,0.0,1992/93,VS,Bürchen,46.25565365,7.81147608,0.0,2230.0,NE,,,,,,,0.0,1.0,0.0,offpiste,3,0
1993-03-12,0.0,1992/93,GR,Davos,46.79892503,9.79255239,0.0,2100.0,NE,,,,,,,0.0,1.0,1.0,offpiste,3,0
1993-03-16,0.0,1992/93,GR,Davos,46.76720843,9.85468854,0.0,2600.0,S,,,,,,,0.0,2.0,1.0,tour,3,0
1993-03-26,0.0,1992/93,GR,Davos,46.83545272,9.82988627,0.0,2260.0,SE,35_40,,,,,,0.0,1.0,0.0,offpiste,3,0
1993-03-27,0.0,1992/93,BE,Hasliberg,46.74195336,8.26000674,100.0,2140.0,W,30_35,,,,,,0.0,1.0,1.0,offpiste,3,0
1993-04-06,2.0,1992/93,VS,Saas-Almagell,46.05139103,7.92248654,500.0,3100.0,NE,,,,,,,2.0,2.0,2.0,tour,4,1
1993-04-09,0.0,1992/93,GR,Pontresina,46.40525646,9.94491848,0.0,2730.0,NE,,,,,,,0.0,4.0,2.0,transportation.corridor,4,0
1993-04-09,0.0,1992/93,GR,Tschierv,46.63227732,10.28054375,250.0,2240.0,NW,,,,,,,0.0,2.0,0.0,tour,4,0
1993-04-15,0.0,1992/93,VS,Grimentz,46.08424596,7.60126615,100.0,3000.0,NW,,,,,,,0.0,1.0,0.0,tour,4,0
1993-04-18,0.0,1992/93,VS,Bagnes,45.9374439,7.27812018,500.0,3600.0,N,,,,,,,0.0,1.0,0.0,tour,4,0
1993-04-19,0.0,1992/93,GR,Guarda,46.82982837,10.10632939,0.0,3120.0,N,35_40,,,,,,4.0,7.0,4.0,tour,4,1
1993-04-20,0.0,1992/93,VS,Naters,46.37402827,7.94186571,0.0,2740.0,E,,,,,,,0.0,2.0,0.0,tour,4,0
1993-04-21,0.0,1992/93,GR,Scuol,46.6974168,10.3211995,0.0,2470.0,NW,,,,,,,4.0,5.0,4.0,tour,4,1
1993-04-25,0.0,1992/93,VS,Simplon,46.23844789,8.02851199,100.0,2150.0,NW,,,,,,,0.0,3.0,0.0,transportation.corridor,4,0
1993-04-29,0.0,1992/93,GR,Tavetsch/Tujetsch,46.63882071,8.668956,0.0,2370.0,NE,35_40,,,,,,1.0,3.0,3.0,tour,4,1
1993-05-29,0.0,1992/93,BE,Guttannen,46.58154167,8.24922141,0.0,2920.0,SW,,,,,,,2.0,2.0,0.0,tour,5,1
1993-07-30,0.0,1992/93,VS,Zermatt,46.05708421,7.69551001,0.0,3790.0,S,,,,,,,3.0,3.0,0.0,tour,7,1
1993-12-09,0.0,1993/94,GR,Silvaplana,46.45353925,9.73008398,0.0,2960.0,NE,0_30,,,,,,1.0,2.0,2.0,tour,12,1
1993-12-12,0.0,1993/94,NW,Wolfenschiessen,46.78272622,8.41718963,0.0,2420.0,NW,,,,,,,0.0,3.0,1.0,offpiste,12,0
1993-12-12,0.0,1993/94,VS,Evionnaz,46.162434,6.9424749,0.0,2720.0,SE,,,,,,,2.0,6.0,4.0,tour,12,1
1993-12-12,0.0,1993/94,VS,Evolène,46.01176604,7.468654,0.0,2500.0,N,,,,,,,0.0,1.0,0.0,tour,12,0
1993-12-12,0.0,1993/94,GR,Churwalden,46.75876518,9.52046182,500.0,2200.0,NE,,,,,,,0.0,1.0,1.0,offpiste,12,0
1993-12-12,0.0,1993/94,FR,Grandvillard,46.52206243,7.14248365,0.0,2370.0,NW,,,,,,,1.0,2.0,1.0,tour,12,1
1993-12-18,0.0,1993/94,GR,Davos,46.82920026,9.80600594,0.0,2570.0,E,,,,,,,0.0,1.0,0.0,offpiste,12,0
1993-12-23,0.0,1993/94,GR,Mesocco,46.44807572,9.14038068,500.0,2580.0,E,,,,,,,0.0,1.0,1.0,tour,12,0
1993-12-27,0.0,1993/94,GR,Salouf,46.60940156,9.50484868,0.0,2780.0,E,,,,,,,1.0,1.0,1.0,tour,12,1
1993-12-28,0.0,1993/94,GR,Bergün/Bravuogn,46.56378529,9.76978906,0.0,2880.0,SE,45_90,,,,,,1.0,2.0,1.0,tour,12,1
1993-12-28,0.0,1993/94,GR,Langwies,46.77596601,9.72441561,0.0,2700.0,N,,,,,,,1.0,1.0,1.0,tour,12,1
1994-01-02,0.0,1993/94,VS,Saas-Fee,46.08986639,7.861802,100.0,4120.0,E,,,,,,,0.0,15.0,0.0,transportation.corridor,1,0
1994-01-03,0.0,1993/94,GR,Celerina/Schlarigna,46.51449977,9.79223871,0.0,2940.0,SE,,,,,,,1.0,1.0,1.0,offpiste,1,1
1994-01-04,0.0,1993/94,VS,Saas-Fee,46.08986639,7.861802,250.0,4120.0,E,,,,,,,0.0,14.0,0.0,transportation.corridor,1,0
1994-01-07,0.0,1993/94,TI,Olivone,46.50839922,8.87708926,0.0,1870.0,N,,,,,,,0.0,7.0,4.0,transportation.corridor,1,0
1994-01-07,0.0,1993/94,GR,Celerina/Schlarigna,46.51839149,9.84064494,0.0,2090.0,SE,35_40,,,,,,1.0,2.0,2.0,offpiste,1,1
1994-01-08,0.0,1993/94,GR,Davos,46.76861939,9.85180482,250.0,2550.0,W,,,,,,,0.0,7.0,0.0,transportation.corridor,1,0
1994-01-08,0.0,1993/94,GR,Langwies,46.83127457,9.7927221,100.0,2600.0,W,,,,,,,0.0,4.0,2.0,offpiste,1,0
1994-01-15,0.0,1993/94,VS,Bourg-Saint-Pierre,45.94498308,7.23941389,0.0,2760.0,NE,,,,,,,2.0,2.0,2.0,tour,1,1
1994-01-17,0.0,1993/94,VS,Nendaz,46.10870437,7.34778035,500.0,2780.0,SW,,,,,,,0.0,2.0,1.0,tour,1,0
1994-01-27,0.0,1993/94,GR,Vaz/Obervaz,46.75562163,9.59287703,0.0,2400.0,W,35_40,,,,,,0.0,1.0,1.0,offpiste,1,0
1994-01-30,0.0,1993/94,GR,Bivio,46.49619677,9.70315571,0.0,2655.0,SW,,,,,,,1.0,2.0,1.0,tour,1,1
1994-02-12,0.0,1993/94,GR,Langwies,46.83184896,9.79759904,250.0,,E,,,,,,,0.0,1.0,0.0,offpiste,2,0
1994-02-17,0.0,1993/94,GR,Davos,46.75835429,9.86902376,0.0,2560.0,SE,35_40,,,,,,0.0,3.0,1.0,tour,2,0
1994-02-21,0.0,1993/94,SG,Grabs,47.16023985,9.34045262,0.0,2060.0,E,,,,,,,0.0,1.0,1.0,offpiste,2,0
1994-02-25,0.0,1993/94,VS,Trient,46.0345688,6.9652696,0.0,2160.0,NW,35_40,,,,,,1.0,5.0,1.0,offpiste,2,1
1994-02-28,0.0,1993/94,GR,Conters,46.86576883,9.78924635,250.0,2080.0,NE,,,,,,,0.0,2.0,0.0,offpiste,2,0
1994-03-03,0.0,1993/94,GR,Bever,46.54971702,9.72691931,0.0,3050.0,S,,,,,,,0.0,1.0,1.0,tour,3,0
1994-03-04,0.0,1993/94,VS,Nendaz,46.07957957,7.32132951,250.0,3150.0,NE,,,,,,,0.0,1.0,0.0,offpiste,3,0
1994-03-04,0.0,1993/94,GR,Davos,46.76249913,9.74519031,0.0,2215.0,E,0_30,,,,,,1.0,2.0,2.0,tour,3,1
1994-03-04,0.0,1993/94,VS,Arbaz,46.30652186,7.35426468,0.0,2680.0,SE,,,,,,,1.0,1.0,1.0,tour,3,1
1994-03-05,0.0,1993/94,GR,Davos,46.75184786,9.72666574,100.0,2340.0,NE,,,,,,,2.0,2.0,2.0,tour,3,1
1994-03-05,0.0,1993/94,GR,Davos,46.70850838,9.82150901,0.0,2780.0,W,,,,,,,0.0,10.0,2.0,tour,3,0
1994-03-09,0.0,1993/94,NW,Wolfenschiessen,46.7812165,8.38278611,250.0,2200.0,NE,,,,,,,0.0,1.0,1.0,transportation.corridor,3,0
1994-04-04,0.0,1993/94,BE,Guttannen,46.58860984,8.30928653,0.0,2120.0,NE,,,,,,,1.0,1.0,1.0,tour,4,1
1994-04-13,0.0,1993/94,GR,Scuol,46.6923436,10.32603018,100.0,2640.0,SW,,,,,,,0.0,4.0,0.0,tour,4,0
1994-04-18,0.0,1993/94,VS,Zermatt,46.02644034,7.81301264,0.0,3360.0,SW,30_35,,,,,,1.0,4.0,0.0,transportation.corridor,4,1
1994-04-24,0.0,1993/94,VS,Evolène,46.06785573,7.45188401,0.0,3060.0,SE,35_40,,,,,,1.0,1.0,1.0,tour,4,1
1994-04-30,0.0,1993/94,GR,Soglio,46.40335281,9.58838153,0.0,3000.0,E,35_40,,,,,,0.0,5.0,0.0,tour,4,0
1994-05-14,0.0,1993/94,VS,Saas-Fee,46.06714106,7.92068743,100.0,3030.0,N,,,,,,,1.0,4.0,2.0,tour,5,1
1994-11-01,1.0,1994/95,TI,Bedretto,46.48297638,8.39549838,100.0,2700.0,SE,,,,,,,0.0,1.0,0.0,tour,11,0
1994-12-10,0.0,1994/95,VS,Nendaz,46.07934855,7.31557775,500.0,3200.0,NW,,,,,,,0.0,4.0,0.0,offpiste,12,0
1994-12-10,0.0,1994/95,AI,Schwende,47.2492561,9.34395241,0.0,2480.0,SE,35_40,,,,,,4.0,10.0,7.0,tour,12,1
1994-12-15,0.0,1994/95,GR,Samnaun,46.97690743,10.35693823,,2550.0,E,,,,,,,0.0,1.0,1.0,offpiste,12,0
1994-12-28,0.0,1994/95,BE,Brienz,46.67513907,8.03948847,0.0,2400.0,N,,,,,,,1.0,1.0,1.0,tour,12,1
1994-12-29,0.0,1994/95,VS,Grimentz,46.1679712,7.54512972,0.0,2400.0,NE,,,,,,,0.0,1.0,0.0,tour,12,0
1994-12-30,0.0,1994/95,GR,Pontresina,46.43578169,10.01259163,0.0,2470.0,NW,30_35,,,,,,0.0,2.0,0.0,tour,12,0
1994-12-31,0.0,1994/95,VS,Simplon,46.24246521,8.03438997,250.0,2100.0,NW,,,,,,,0.0,1.0,1.0,tour,12,0
1995-01-03,0.0,1994/95,BE,Hasliberg,46.76241602,8.25416574,100.0,2300.0,W,,,,,,,0.0,1.0,1.0,transportation.corridor,1,0
1995-01-03,0.0,1994/95,VS,Grimentz,46.17032408,7.52901408,0.0,2670.0,E,,,,,,,0.0,1.0,0.0,offpiste,1,0
1995-01-03,0.0,1994/95,GR,Ramosch,46.90514842,10.23877423,500.0,,,,,,,,,4.0,5.0,4.0,tour,1,1
1995-01-04,0.0,1994/95,TI,Bedretto,46.48555795,8.45057143,0.0,2160.0,SE,,,,,,,0.0,2.0,1.0,tour,1,0
1995-01-04,0.0,1994/95,VS,Bourg-Saint-Pierre,45.88042991,7.18845207,0.0,2350.0,W,30_35,,,,,,1.0,2.0,1.0,offpiste,1,1
1995-01-04,0.0,1994/95,VS,Bagnes,46.03620308,7.1968454,0.0,2430.0,NE,30_35,,,,,,1.0,2.0,1.0,tour,1,1
1995-01-05,0.0,1994/95,VS,Mollens,46.36630902,7.56013745,0.0,2720.0,SW,,,,,,,0.0,1.0,0.0,tour,1,0
1995-01-07,0.0,1994/95,VS,Bagnes,46.07844943,7.31596756,0.0,3240.0,S,,,,,,,0.0,1.0,0.0,offpiste,1,0
1995-01-08,0.0,1994/95,GR,Langwies,46.83213222,9.7969558,0.0,2720.0,SE,40_45,,,,,,0.0,2.0,0.0,offpiste,1,0
1995-01-11,0.0,1994/95,VD,Rougemont,46.50470952,7.22693429,250.0,1700.0,SE,,,,,,,0.0,1.0,0.0,transportation.corridor,1,0
1995-01-11,0.0,1994/95,GR,Poschiavo,46.41357759,10.0350905,500.0,2350.0,SE,,,,,,,0.0,1.0,0.0,transportation.corridor,1,0
1995-01-11,0.0,1994/95,GR,Disentis/Mustér,46.71689467,8.89572925,,,,,,,,,,0.0,1.0,0.0,transportation.corridor,1,0
1995-01-12,0.0,1994/95,GR,Flims,46.86902591,9.23766182,250.0,2200.0,E,,,,,,,0.0,2.0,0.0,transportation.corridor,1,0
1995-01-12,0.0,1994/95,SG,Amden,47.17056681,9.14067315,0.0,1740.0,SE,,,,,,,0.0,1.0,0.0,building,1,0
1995-01-18,0.0,1994/95,GR,Langwies,46.8333192,9.7917625,100.0,2580.0,SW,,,,,,,0.0,1.0,0.0,tour,1,0
1995-01-21,0.0,1994/95,UR,Isenthal,46.85484023,8.47226667,0.0,2760.0,E,,,,,,,0.0,2.0,0.0,tour,1,0
1995-01-25,0.0,1994/95,BE,Gsteig,46.41752513,7.27084767,,1300.0,,,,,,,,0.0,1.0,0.0,transportation.corridor,1,0
1995-01-28,0.0,1994/95,VS,Bagnes,46.10787812,7.2588661,500.0,2400.0,W,,,,,,,0.0,2.0,0.0,offpiste,1,0
1995-02-02,0.0,1994/95,GR,Davos,46.7803356,9.85101982,100.0,2420.0,NE,30_35,,,,,,0.0,1.0,0.0,offpiste,2,0
1995-02-04,0.0,1994/95,GR,Davos,46.67315198,9.76869604,500.0,2650.0,NE,,,,,,,0.0,3.0,0.0,tour,2,0
1995-02-05,0.0,1994/95,GR,Tavetsch/Tujetsch,46.64670141,8.66815567,0.0,2420.0,E,,,,,,,0.0,3.0,0.0,tour,2,0
1995-02-05,0.0,1994/95,VS,Nax,46.17979418,7.48933734,100.0,2760.0,SE,,,,,,,0.0,1.0,0.0,tour,2,0
1995-02-05,0.0,1994/95,UR,Andermatt,46.64554952,8.64546452,0.0,2340.0,W,,,,,,,0.0,1.0,0.0,tour,2,0
1995-02-18,0.0,1994/95,BE,Villeret,47.130949,7.03519038,0.0,1400.0,NE,30_35,,,,,,0.0,1.0,0.0,tour,2,0
1995-02-19,0.0,1994/95,GR,Samedan,46.51026958,9.9478269,0.0,3000.0,W,,,,,,,0.0,4.0,2.0,tour,2,0
1995-02-19,0.0,1994/95,GR,Samedan,46.51201628,9.94412742,0.0,2800.0,W,,,,,,,0.0,2.0,0.0,tour,2,0
1995-02-20,0.0,1994/95,VS,Nax,46.17788727,7.51989703,0.0,2880.0,NW,,,,,,,0.0,1.0,0.0,tour,2,0
1995-02-25,0.0,1994/95,VS,Leytron,46.20316789,7.14324493,0.0,1900.0,NE,,,,,,,0.0,1.0,0.0,transportation.corridor,2,0
1995-02-27,0.0,1994/95,GR,Arosa,46.79398717,9.65245782,0.0,2400.0,NE,,,,,,,0.0,2.0,0.0,offpiste,2,0
1995-03-01,0.0,1994/95,GR,Stampa,46.29689532,9.71043038,0.0,3020.0,W,0_30,,,,,,1.0,1.0,1.0,tour,3,1
1995-03-02,0.0,1994/95,GR,Avers,46.42133005,9.57757816,0.0,2900.0,NE,,,,,,,0.0,4.0,0.0,tour,3,0
1995-03-05,0.0,1994/95,GR,Davos,46.67607126,9.83406687,0.0,2960.0,N,40_45,,,,,,0.0,2.0,0.0,tour,3,0
1995-03-06,0.0,1994/95,GR,Davos,46.79919343,9.77729684,0.0,2460.0,NW,35_40,,,,,,0.0,8.0,0.0,tour,3,0
1995-03-09,0.0,1994/95,GR,Samedan,46.38135997,9.82189846,0.0,3020.0,NW,40_45,,,,,,2.0,11.0,2.0,tour,3,1
1995-03-22,0.0,1994/95,GR,Davos,46.83847661,9.81651251,0.0,2460.0,N,35_40,,,,,,0.0,1.0,1.0,offpiste,3,0
1995-03-22,0.0,1994/95,UR,Andermatt,46.6132908,8.61158348,100.0,2430.0,N,40_45,,,,,,0.0,1.0,0.0,offpiste,3,0
1995-03-24,0.0,1994/95,GR,S-chanf,46.64804635,9.89280815,0.0,2920.0,S,,,,,,,0.0,3.0,0.0,tour,3,0
1995-03-24,0.0,1994/95,GR,Klosters-Serneus,46.85488466,10.09130366,0.0,3040.0,SW,,,,,,,0.0,1.0,0.0,tour,3,0
1995-03-30,0.0,1994/95,BE,Gsteig,46.36329881,7.2531484,100.0,1840.0,NW,35_40,,,,,,0.0,1.0,0.0,offpiste,3,0
1995-03-31,0.0,1994/95,VS,Orsières,46.02224656,7.10367527,100.0,2140.0,N,35_40,,,,,,0.0,1.0,0.0,offpiste,3,0
1995-04-02,0.0,1994/95,VS,Leukerbad,46.42115105,7.64429078,0.0,2700.0,W,,,,,,,0.0,2.0,0.0,tour,4,0
1995-04-02,0.0,1994/95,VS,Leukerbad,46.4235775,7.64560082,0.0,2840.0,SW,,,,,,,0.0,3.0,0.0,tour,4,0
1995-05-06,0.0,1994/95,VS,Saas-Fee,46.10746236,7.89401283,100.0,2860.0,SE,,,,,,,0.0,2.0,0.0,tour,5,0
1995-05-21,0.0,1994/95,VS,Bourg-Saint-Pierre,45.90723608,7.259202,0.0,3180.0,NE,45_90,,,,,,1.0,2.0,1.0,tour,5,1
1995-05-26,0.0,1994/95,BE,Guttannen,46.59319766,8.32678209,0.0,1770.0,W,,,,,,,0.0,1.0,0.0,transportation.corridor,5,0
1995-12-09,0.0,1995/96,GR,Tavetsch/Tujetsch,46.5958601,8.69382048,100.0,2520.0,NW,,,,,,,0.0,1.0,1.0,tour,12,0
1995-12-09,0.0,1995/96,UR,Hospental,46.5971529,8.60614337,0.0,2860.0,NW,,,,,,,0.0,9.0,0.0,tour,12,0
1995-12-17,0.0,1995/96,GR,Davos,46.83373,9.80672982,0.0,2670.0,NE,35_40,,,,,,0.0,1.0,0.0,offpiste,12,0
1995-12-17,0.0,1995/96,GR,Vals,46.61957806,9.12789092,0.0,2720.0,SE,30_35,,,,,,0.0,5.0,2.0,tour,12,0
1995-12-23,0.0,1995/96,GR,Langwies,46.8326176,9.79959972,0.0,2620.0,E,35_40,,,,,,0.0,1.0,0.0,offpiste,12,0
1995-12-23,0.0,1995/96,VS,Bagnes,46.09458754,7.27377939,0.0,2700.0,W,35_40,,,,,,0.0,2.0,2.0,offpiste,12,0
1995-12-25,0.0,1995/96,VS,Icogne,46.33245643,7.46954528,0.0,2060.0,NW,,,,,,,2.0,2.0,0.0,offpiste,12,1
1995-12-26,0.0,1995/96,VS,Trient,46.01979245,7.01588547,100.0,2080.0,N,30_35,,,,,,0.0,3.0,1.0,tour,12,0
1995-12-27,0.0,1995/96,GR,Arosa,46.77140752,9.62402512,0.0,2380.0,SE,,,,,,,0.0,1.0,1.0,offpiste,12,0
1995-12-27,0.0,1995/96,GR,Davos,46.74739204,9.81262371,0.0,2220.0,W,,,,,,,0.0,1.0,1.0,offpiste,12,0
1995-12-27,0.0,1995/96,BE,Lauterbrunnen,46.60938862,7.85646799,0.0,2180.0,NE,,,,,,,0.0,2.0,1.0,tour,12,0
1995-12-28,0.0,1995/96,VS,Wiler,46.4225936,7.7592889,100.0,2600.0,S,,,,,,,0.0,8.0,0.0,offpiste,12,0
1995-12-28,0.0,1995/96,GR,Klosters-Serneus,46.85443742,9.81498812,0.0,2430.0,NW,35_40,,,,,,0.0,1.0,0.0,offpiste,12,0
1995-12-28,0.0,1995/96,VS,Bagnes,46.08880712,7.258541,0.0,2340.0,NE,,,,,,,1.0,1.0,1.0,offpiste,12,1
1996-01-01,0.0,1995/96,OW,Engelberg,46.77589282,8.42721376,,2750.0,NW,,,,,,,0.0,1.0,0.0,offpiste,1,0
1996-01-01,0.0,1995/96,GR,Davos,46.84794937,9.82834318,0.0,2120.0,NE,,,,,,,0.0,1.0,1.0,offpiste,1,0
1996-01-03,0.0,1995/96,BE,Kandersteg,46.43049993,7.59150531,0.0,2600.0,NE,35_40,,,,,,0.0,1.0,0.0,tour,1,0
1996-01-05,0.0,1995/96,UR,Isenthal,46.90488825,8.46896269,0.0,2160.0,S,,,,,,,0.0,1.0,1.0,tour,1,0
1996-01-07,0.0,1995/96,NW,Wolfenschiessen,46.86513009,8.46846385,0.0,2330.0,NW,30_35,,,,,,0.0,2.0,0.0,tour,1,0
1996-01-10,0.0,1995/96,VS,Isérables,46.12584775,7.27433186,0.0,2440.0,N,40_45,,,,,,0.0,1.0,1.0,tour,1,0
1996-01-13,0.0,1995/96,VS,Termen,46.31069219,8.06071135,0.0,2260.0,SW,35_40,,,,,,0.0,1.0,1.0,offpiste,1,0
1996-01-14,0.0,1995/96,GR,Celerina/Schlarigna,46.50677062,9.78955647,0.0,2960.0,N,,,,,,,0.0,1.0,1.0,offpiste,1,0
1996-01-14,0.0,1995/96,GR,Hinterrhein,46.5343129,9.15573877,0.0,2960.0,E,35_40,,,,,,1.0,4.0,2.0,tour,1,1
1996-01-14,0.0,1995/96,GR,Bivio,46.44235666,9.7043558,0.0,2900.0,E,35_40,,,,,,0.0,2.0,0.0,tour,1,0
1996-02-09,0.0,1995/96,VS,Bourg-Saint-Pierre,45.87093677,7.16769843,0.0,2560.0,S,30_35,,,,,,0.0,1.0,1.0,tour,2,0
1996-02-11,0.0,1995/96,VS,Simplon,46.22779539,8.00052843,0.0,2120.0,E,30_35,,,,,,0.0,1.0,1.0,tour,2,0
1996-02-11,0.0,1995/96,VS,Monthey,46.20498811,6.81608536,0.0,1760.0,NE,30_35,,,,,,0.0,2.0,0.0,offpiste,2,0
1996-02-14,0.0,1995/96,GR,Laax,46.87077412,9.21213644,0.0,2500.0,SE,,,,,,,0.0,1.0,0.0,transportation.corridor,2,0
1996-02-14,0.0,1995/96,BE,Adelboden,46.46327833,7.51187597,,1760.0,SE,,,,,,,0.0,1.0,1.0,transportation.corridor,2,0
1996-02-14,0.0,1995/96,BE,Frutigen,46.5142057,7.62105935,100.0,1970.0,W,,,,,,,0.0,1.0,0.0,offpiste,2,0
1996-02-14,0.0,1995/96,VS,Simplon,46.24440764,8.00653449,100.0,2100.0,E,,,,,,,0.0,1.0,0.0,tour,2,0
1996-02-14,0.0,1995/96,VD,Château-d’Œx,46.41998305,7.11735058,0.0,1580.0,N,,,,,,,1.0,2.0,1.0,offpiste,2,1
1996-02-15,0.0,1995/96,BE,Adelboden,46.47025357,7.50601355,0.0,1820.0,NW,,,,,,,0.0,1.0,0.0,offpiste,2,0
1996-02-15,0.0,1995/96,OW,Alpnach,46.96782965,8.2486112,0.0,1860.0,NW,,,,,,,1.0,4.0,3.0,tour,2,1
1996-02-16,0.0,1995/96,VS,Bagnes,46.11568117,7.24493523,0.0,2300.0,SW,40_45,,,,,,0.0,1.0,0.0,offpiste,2,0
1996-02-17,0.0,1995/96,GR,Vals,46.60483457,9.12703854,0.0,2340.0,N,35_40,,,,,,0.0,1.0,0.0,offpiste,2,0
1996-02-18,0.0,1995/96,GR,Davos,46.84555409,9.83099122,0.0,2100.0,NE,30_35,,,,,,0.0,1.0,0.0,transportation.corridor,2,0
1996-02-18,0.0,1995/96,SZ,Innerthal,47.09418588,8.95407383,0.0,2020.0,W,30_35,,,,,,0.0,2.0,0.0,tour,2,0
1996-02-18,0.0,1995/96,GR,Davos,46.82753171,9.81052172,0.0,2500.0,SE,30_35,,,,,,0.0,1.0,0.0,offpiste,2,0
1996-02-18,0.0,1995/96,GR,Samnaun,46.96860166,10.33663028,0.0,2760.0,SE,40_45,,,,,,1.0,1.0,1.0,offpiste,2,1
1996-02-18,0.0,1995/96,VS,Nendaz,46.15785657,7.33798973,0.0,2160.0,N,35_40,,,,,,1.0,1.0,0.0,offpiste,2,1
1996-02-19,0.0,1995/96,GR,Davos,46.82474329,9.83203259,0.0,2170.0,E,35_40,,,,,,1.0,1.0,1.0,offpiste,2,1
1996-02-19,0.0,1995/96,GR,Vals,46.60086152,9.11581857,0.0,2520.0,NE,35_40,,,,,,0.0,1.0,1.0,tour,2,0
1996-02-19,0.0,1995/96,VS,Oberwald,46.54036596,8.37467499,0.0,2000.0,W,45_90,,,,,,1.0,2.0,0.0,offpiste,2,1
1996-02-19,0.0,1995/96,GR,Klosters-Serneus,46.86438535,9.83852094,0.0,2020.0,E,30_35,,,,,,1.0,1.0,1.0,offpiste,2,1
1996-02-20,0.0,1995/96,VS,Bagnes,46.04452712,7.19835878,0.0,2000.0,N,35_40,,,,,,0.0,4.0,1.0,offpiste,2,0
1996-02-21,0.0,1995/96,VS,Evolène,46.02130506,7.43385953,0.0,3000.0,SE,35_40,,,,,,2.0,3.0,2.0,tour,2,1
1996-02-21,0.0,1995/96,VS,Nendaz,46.15359474,7.3512652,0.0,2380.0,NW,30_35,,,,,,0.0,2.0,1.0,offpiste,2,0
1996-02-22,0.0,1995/96,GR,Klosters-Serneus,46.86123474,9.84284125,0.0,2100.0,NW,30_35,,,,,,0.0,1.0,0.0,transportation.corridor,2,0
1996-02-23,0.0,1995/96,OW,Engelberg,46.79167407,8.41230928,0.0,2100.0,NW,,,,,,,1.0,1.0,1.0,offpiste,2,1
1996-02-23,0.0,1995/96,VD,Château-d’Œx,46.44977539,7.19656409,0.0,2070.0,W,,,,,,,0.0,2.0,0.0,offpiste,2,0
1996-02-24,0.0,1995/96,GR,Celerina/Schlarigna,46.52922119,9.830694,0.0,2700.0,SE,30_35,,,,,,0.0,1.0,1.0,offpiste,2,0
1996-02-24,0.0,1995/96,GR,Davos,46.83434853,9.8072816,0.0,2600.0,NE,30_35,,,,,,0.0,1.0,0.0,offpiste,2,0
1996-02-25,0.0,1995/96,BE,Diemtigen,46.55054844,7.48844577,0.0,1880.0,NW,40_45,,,,,,0.0,2.0,0.0,transportation.corridor,2,0
1996-02-26,0.0,1995/96,BE,Adelboden,46.44776132,7.51119129,100.0,1950.0,NW,,,,,,,0.0,2.0,0.0,offpiste,2,0
1996-02-27,0.0,1995/96,GR,Davos,46.79392944,9.78165445,0.0,2360.0,E,35_40,,,,,,0.0,1.0,0.0,offpiste,2,0
1996-02-29,0.0,1995/96,VS,Zermatt,46.00824128,7.87111115,0.0,3300.0,SW,,,,,,,2.0,3.0,2.0,tour,2,1
1996-02-29,0.0,1995/96,GR,Safien,46.65529412,9.32868017,0.0,2220.0,NE,,,,,,,0.0,1.0,0.0,tour,2,0
1996-03-16,0.0,1995/96,UR,Spirigen,46.87557834,8.92200342,0.0,2220.0,SE,,,,,,,0.0,1.0,0.0,tour,3,0
1996-03-23,0.0,1995/96,UR,Andermatt,46.61728552,8.59926657,0.0,2220.0,E,,,,,,,0.0,1.0,1.0,offpiste,3,0
1996-03-25,0.0,1995/96,VS,Riddes,46.10851752,7.265072,100.0,2500.0,N,35_40,,,,,,0.0,1.0,0.0,tour,3,0
1996-03-25,0.0,1995/96,AI,Schwende,47.24771545,9.34462418,0.0,2410.0,E,,,,,,,0.0,1.0,0.0,offpiste,3,0
1996-03-28,0.0,1995/96,VS,Grimentz,46.15051647,7.54865506,0.0,2790.0,NE,30_35,,,,,,0.0,2.0,0.0,tour,3,0
1996-03-29,0.0,1995/96,VS,Trient,46.00616442,7.00411422,0.0,2880.0,N,30_35,,,,,,0.0,1.0,1.0,tour,3,0
1996-04-05,0.0,1995/96,BE,Grindelwald,46.63872396,8.11646763,0.0,3650.0,E,,,,,,,0.0,5.0,0.0,tour,4,0
1996-04-06,0.0,1995/96,GR,Bergün/Bravuogn,46.58272701,9.70984811,0.0,3010.0,N,35_40,,,,,,0.0,1.0,0.0,tour,4,0
1996-04-06,0.0,1995/96,GR,Davos,46.76756234,9.8592231,0.0,2580.0,N,30_35,,,,,,0.0,1.0,0.0,offpiste,4,0
1996-04-06,0.0,1995/96,GR,Davos,46.83322339,9.80946133,0.0,2560.0,NE,35_40,,,,,,0.0,1.0,0.0,offpiste,4,0
1996-04-08,0.0,1995/96,GR,Tschierv,46.62085268,10.28745427,0.0,2760.0,N,,,,,,,1.0,1.0,1.0,tour,4,1
1996-04-14,0.0,1995/96,SG,Krummenau,47.24618437,9.31180221,100.0,1450.0,NW,30_35,,,,,,0.0,1.0,0.0,tour,4,0
1996-04-14,0.0,1995/96,GR,Davos,46.83126723,9.81265336,0.0,2580.0,NE,40_45,,,,,,0.0,1.0,0.0,offpiste,4,0
1996-04-20,0.0,1995/96,VS,Grimentz,46.14768591,7.58553581,0.0,2800.0,W,30_35,,,,,,0.0,1.0,0.0,tour,4,0
1996-04-27,0.0,1995/96,UR,Gurtnellen,46.71549807,8.67070426,0.0,2450.0,NW,,,,,,,0.0,6.0,1.0,tour,4,0
1996-11-24,0.0,1996/97,VS,Simplon,46.23274605,7.99993134,0.0,2120.0,E,,,,,,,0.0,3.0,0.0,tour,11,0
1996-12-01,0.0,1996/97,GR,Davos,46.81199164,9.79607324,0.0,2350.0,NE,,,,,,,0.0,1.0,0.0,transportation.corridor,12,0
1996-12-25,0.0,1996/97,VS,Bagnes,46.00987036,7.2314316,0.0,3000.0,NE,35_40,,,,,,0.0,1.0,0.0,tour,12,0
1996-12-26,0.0,1996/97,TI,Airolo,46.57368832,8.59572218,0.0,2680.0,SE,0_30,,,,,,0.0,2.0,0.0,tour,12,0
1996-12-27,0.0,1996/97,GR,Innerferrera,46.48830019,9.40740314,0.0,2160.0,NW,30_35,,,,,,0.0,1.0,0.0,tour,12,0
1996-12-28,0.0,1996/97,GR,Flims,46.89741569,9.24609396,500.0,2500.0,E,35_40,,,,,,0.0,4.0,0.0,tour,12,0
1996-12-31,0.0,1996/97,GR,Klosters-Serneus,46.85375352,9.8132525,0.0,2400.0,NW,40_45,,,,,,0.0,1.0,0.0,offpiste,12,0
1996-12-31,0.0,1996/97,GR,Zernez,46.66510011,10.01712591,0.0,2480.0,SE,35_40,,,,,,1.0,1.0,1.0,tour,12,1
1997-01-01,0.0,1996/97,GR,Davos,46.767182,9.94768153,0.0,2390.0,NW,30_35,,,,,,0.0,1.0,0.0,tour,1,0
1997-01-01,0.0,1996/97,GR,Davos,46.8066681,9.90331849,0.0,2120.0,NW,35_40,,,,,,0.0,1.0,0.0,offpiste,1,0
1997-01-01,0.0,1996/97,GR,Celerina/Schlarigna,46.52262821,9.82323157,0.0,2460.0,SW,,,,,,,0.0,1.0,0.0,offpiste,1,0
1997-01-01,0.0,1996/97,GR,Klosters-Serneus,46.83930188,9.80710627,0.0,2560.0,N,30_35,,,,,,0.0,1.0,0.0,offpiste,1,0
1997-01-02,0.0,1996/97,VS,Orsières,46.01296163,7.0826229,0.0,2560.0,NW,35_40,,,,,,1.0,2.0,1.0,transportation.corridor,1,1
1997-01-03,0.0,1996/97,OW,Giswil,46.79596004,8.07128987,0.0,1760.0,NW,35_40,,,,,,0.0,6.0,0.0,transportation.corridor,1,0
1997-01-03,0.0,1996/97,GR,Davos,46.74127859,9.86367163,0.0,2520.0,NW,35_40,,,,,,0.0,2.0,0.0,tour,1,0
1997-01-04,0.0,1996/97,GR,Disentis/Mustér,46.71584712,8.78320521,0.0,2650.0,E,35_40,,,,,,1.0,5.0,5.0,offpiste,1,1
1997-01-04,0.0,1996/97,GR,Celerina/Schlarigna,46.52811733,9.79739485,0.0,2940.0,S,35_40,,,,,,0.0,2.0,0.0,transportation.corridor,1,0
1997-01-11,0.0,1996/97,VS,Hérémence,45.9919779,7.41592306,0.0,3800.0,NW,35_40,,,,,,2.0,2.0,0.0,tour,1,1
1997-01-12,0.0,1996/97,GR,Mesocco,46.48438173,9.16718228,0.0,1960.0,SE,40_45,,,,,,0.0,1.0,0.0,tour,1,0
1997-01-16,0.0,1996/97,TI,Airolo,46.57174261,8.61003052,0.0,2700.0,SW,,,,,,,0.0,1.0,0.0,tour,1,0
1997-01-25,0.0,1996/97,TI,Airolo,46.57407711,8.62782363,0.0,2780.0,SW,,,,,,,0.0,2.0,0.0,tour,1,0
1997-02-11,0.0,1996/97,GR,Susch,46.75542848,10.03258146,0.0,1920.0,SW,,,,,,,0.0,2.0,0.0,transportation.corridor,2,0
1997-02-14,0.0,1996/97,LI,Vaduz,47.08894055,9.60175248,,1990.0,N,35_40,,,,,,0.0,10.0,0.0,transportation.corridor,2,0
1997-02-15,0.0,1996/97,VS,Ayer,46.11435279,7.61972314,250.0,2323.0,E,,,,,,,0.0,10.0,0.0,tour,2,0
1997-02-15,0.0,1996/97,GR,Davos,46.84331305,9.83915461,0.0,2020.0,N,30_35,,,,,,1.0,1.0,0.0,offpiste,2,1
1997-02-16,0.0,1996/97,GR,Tavetsch/Tujetsch,46.65100817,8.66923354,0.0,2320.0,NE,30_35,,,,,,1.0,3.0,1.0,tour,2,1
1997-02-16,0.0,1996/97,VS,Nendaz,46.10967474,7.32650297,0.0,2240.0,W,35_40,,,,,,1.0,2.0,2.0,tour,2,1
1997-02-16,0.0,1996/97,VS,Nendaz,46.10612488,7.29042784,250.0,2460.0,E,,,,,,,0.0,1.0,1.0,offpiste,2,0
1997-02-16,0.0,1996/97,BE,Zweisimmen,46.59486244,7.43263442,0.0,1920.0,SE,,,,,,,0.0,1.0,0.0,tour,2,0
1997-02-16,0.0,1996/97,VS,Hérémence,46.14325255,7.35477598,0.0,2680.0,E,,,,,,,1.0,2.0,2.0,offpiste,2,1
1997-02-16,0.0,1996/97,VD,Rougemont,46.45536362,7.20174558,0.0,2130.0,NW,40_45,,,,,,1.0,2.0,1.0,offpiste,2,1
1997-02-16,0.0,1996/97,VS,Nendaz,46.12487634,7.32569551,0.0,2150.0,NW,,,,,,,1.0,1.0,0.0,tour,2,1
1997-02-16,0.0,1996/97,BE,Zweisimmen,46.56544541,7.45794009,0.0,2200.0,NW,30_35,,,,,,0.0,3.0,1.0,tour,2,0
1997-02-16,0.0,1996/97,SZ,Oberiberg,47.00586085,8.83163536,0.0,1950.0,NW,,,,,,,0.0,1.0,1.0,tour,2,0
1997-02-16,0.0,1996/97,OW,Giswil,46.79586723,8.11877155,0.0,1840.0,N,30_35,,,,,,0.0,1.0,0.0,tour,2,0
1997-02-16,0.0,1996/97,VS,Orsières,46.02233843,7.10432036,0.0,2120.0,NE,35_40,,,,,,1.0,1.0,1.0,offpiste,2,1
1997-02-16,0.0,1996/97,OW,Engelberg,46.79594888,8.39614345,100.0,1700.0,N,,,,,,,0.0,2.0,0.0,offpiste,2,0
1997-02-19,0.0,1996/97,GR,Klosters-Serneus,46.85885449,9.84903234,0.0,2260.0,NE,,,,,,,0.0,1.0,0.0,offpiste,2,0
1997-02-19,0.0,1996/97,GR,Davos,46.78375567,9.84888029,0.0,2330.0,N,35_40,,,,,,0.0,1.0,0.0,offpiste,2,0
1997-02-19,0.0,1996/97,GR,Davos,46.83394449,9.83099946,0.0,2190.0,E,35_40,,,,,,0.0,1.0,1.0,offpiste,2,0
1997-02-21,0.0,1996/97,VS,Agarn,46.24060051,7.64866524,0.0,2950.0,N,30_35,,,,,,0.0,1.0,1.0,tour,2,0
1997-02-21,0.0,1996/97,GR,Davos,46.77001635,9.7628012,100.0,2310.0,E,,,,,,,0.0,1.0,0.0,tour,2,0
1997-02-21,0.0,1996/97,BE,Lenk,46.38934575,7.55251887,0.0,3100.0,SW,,,,,,,2.0,2.0,2.0,tour,2,1
1997-02-21,0.0,1996/97,GR,Klosters-Serneus,46.8556025,9.85387182,0.0,2180.0,NE,,,,,,,1.0,2.0,1.0,offpiste,2,1
1997-02-22,0.0,1996/97,GR,Davos,46.74331869,9.8180736,0.0,2220.0,NE,35_40,,,,,,0.0,1.0,0.0,offpiste,2,0
1997-02-22,0.0,1996/97,VS,Ayer,46.17730064,7.63236384,100.0,2240.0,NW,,,,,,,0.0,1.0,0.0,tour,2,0
1997-02-22,0.0,1996/97,GR,Pontresina,46.46321555,9.96935136,0.0,3020.0,E,,,,,,,0.0,1.0,1.0,tour,2,0
1997-02-23,0.0,1996/97,VS,Hérémence,46.14110688,7.37509671,0.0,2200.0,E,,,,,,,1.0,1.0,1.0,tour,2,1
1997-02-23,0.0,1996/97,NW,Wolfenschiessen,46.90451134,8.44047246,0.0,1870.0,NE,35_40,,,,,,1.0,1.0,1.0,tour,2,1
1997-02-24,0.0,1996/97,GR,Davos,46.80871687,9.7846575,0.0,2520.0,E,35_40,,,,,,0.0,1.0,0.0,offpiste,2,0
1997-02-27,0.0,1996/97,GR,Davos,46.78879055,9.8448473,0.0,2140.0,N,35_40,,,,,,0.0,1.0,0.0,offpiste,2,0
1997-02-28,0.0,1996/97,BE,Innertkirchen,46.77069201,8.38810089,0.0,2380.0,NW,35_40,,,,,,3.0,6.0,4.0,offpiste,2,1
1997-03-02,0.0,1996/97,TI,Quinto,46.47731042,8.69133552,0.0,2590.0,NW,35_40,,,,,,0.0,10.0,3.0,tour,3,0
1997-03-02,0.0,1996/97,BE,Grindelwald,46.66290166,8.01393829,0.0,2630.0,NE,30_35,,,,,,0.0,1.0,1.0,tour,3,0
1997-03-02,,1996/97,GR,Davos,46.74013906,9.81518415,0.0,2460.0,NE,35_40,,,,,,0.0,1.0,0.0,offpiste,3,0
1997-03-02,0.0,1996/97,GR,Davos,46.83081224,9.81722277,0.0,2440.0,NE,30_35,,,,,,0.0,1.0,0.0,offpiste,3,0
1997-03-02,0.0,1996/97,UR,Andermatt,46.6247481,8.61287676,0.0,1850.0,N,,,,,,,0.0,1.0,1.0,offpiste,3,0
1997-03-05,0.0,1996/97,UR,Andermatt,46.64903589,8.64332149,0.0,2150.0,NW,0_30,,,,,,0.0,1.0,0.0,tour,3,0
1997-03-07,0.0,1996/97,GR,Davos,46.83829392,9.82096342,0.0,2460.0,N,35_40,,,,,,0.0,6.0,0.0,offpiste,3,0
1997-03-09,0.0,1996/97,GR,Klosters-Serneus,46.81876414,9.94713716,0.0,2660.0,NE,,,,,,,0.0,3.0,0.0,tour,3,0
1997-03-09,0.0,1996/97,GR,Davos,46.76346053,9.72873049,0.0,2770.0,SW,40_45,,,,,,0.0,2.0,0.0,tour,3,0
1997-03-10,0.0,1996/97,GR,Lantsch/Lenz,46.73527079,9.5983462,0.0,2580.0,E,35_40,,,,,,0.0,1.0,1.0,offpiste,3,0
1997-03-11,0.0,1996/97,VS,Eischoll,46.2589079,7.74639322,0.0,2660.0,NE,0_30,,,,,,0.0,4.0,0.0,tour,3,0
1997-03-12,0.0,1996/97,VS,Saint-Luc,46.21197811,7.65730151,0.0,2630.0,NW,,,,,,,0.0,3.0,0.0,tour,3,0
1997-03-18,0.0,1996/97,GR,S-chanf,46.69313298,9.94260132,0.0,3020.0,SE,30_35,,,,,,0.0,9.0,0.0,tour,3,0
1997-03-22,0.0,1996/97,OW,Engelberg,46.79242969,8.41337081,0.0,2050.0,NW,35_40,,,,,,0.0,1.0,0.0,offpiste,3,0
1997-03-22,0.0,1996/97,GR,Langwies,46.84306916,9.79900923,0.0,2500.0,N,35_40,,,,,,0.0,2.0,0.0,offpiste,3,0
1997-03-23,0.0,1996/97,GR,Arosa,46.7614131,9.66159542,0.0,2260.0,N,35_40,,,,,,0.0,1.0,0.0,tour,3,0
1997-03-26,0.0,1996/97,GR,Laax,46.87420821,9.22274627,500.0,2450.0,E,,,,,,,0.0,1.0,0.0,offpiste,3,0
1997-03-31,0.0,1996/97,GR,Davos,46.78004926,9.85179303,0.0,2430.0,NE,35_40,,,,,,0.0,2.0,0.0,offpiste,3,0
1997-03-31,0.0,1996/97,GR,Davos,46.77916951,9.85083658,0.0,2490.0,NE,35_40,,,,,,0.0,2.0,0.0,offpiste,3,0
1997-04-06,0.0,1996/97,GR,Bergün/Bravuogn,46.63648878,9.86517103,0.0,2740.0,NW,40_45,,,,,,0.0,3.0,2.0,tour,4,0
1997-04-07,0.0,1996/97,GR,Davos,46.83294822,9.80971147,0.0,2570.0,NE,30_35,,,,,,0.0,1.0,0.0,offpiste,4,0
1997-04-09,0.0,1996/97,BE,Lauterbrunnen,46.57642071,7.99305935,100.0,3100.0,W,,,,,,,0.0,1.0,0.0,tour,4,0
1997-04-10,0.0,1996/97,BE,Lauterbrunnen,46.57417663,7.992058,0.0,3000.0,W,35_40,,,,,,0.0,1.0,0.0,tour,4,0
1997-04-13,0.0,1996/97,GR,Guarda,46.84193655,10.11584979,100.0,2900.0,SE,35_40,,,,,,0.0,1.0,0.0,tour,4,0
1997-04-29,0.0,1996/97,GR,Samedan,46.38245366,9.82552269,0.0,2890.0,NE,30_35,,,,,,0.0,1.0,0.0,tour,4,0
1997-05-04,0.0,1996/97,GR,Pontresina,46.41553325,9.90310207,0.0,3220.0,E,40_45,,,,,,1.0,1.0,0.0,tour,5,1
1997-07-21,0.0,1996/97,UR,Realp,46.61044493,8.41766179,0.0,3540.0,E,,,,,,,3.0,3.0,2.0,tour,7,1
1997-10-26,0.0,1997/98,BE,Kandersteg,46.46981257,7.72897212,0.0,3420.0,N,40_45,,,,,,2.0,2.0,1.0,tour,10,1
1997-11-15,0.0,1997/98,BE,Kandersteg,46.47202638,7.83054096,0.0,3200.0,NW,35_40,,,,,,0.0,1.0,0.0,tour,11,0
1997-12-14,0.0,1997/98,VD,Bex,46.20575453,7.07404321,0.0,2500.0,NE,30_35,,,,,,0.0,1.0,0.0,tour,12,0
1997-12-17,0.0,1997/98,GR,Davos,46.77305441,9.93845807,0.0,2210.0,SW,,,,,,,0.0,1.0,0.0,transportation.corridor,12,0
1997-12-21,0.0,1997/98,UR,Andermatt,46.60275372,8.61266021,0.0,2940.0,NW,,,,,,,1.0,2.0,1.0,transportation.corridor,12,1
1997-12-22,0.0,1997/98,VS,Bourg-Saint-Pierre,45.86390113,7.17854877,0.0,2800.0,N,,,,,,,0.0,1.0,0.0,tour,12,0
1997-12-22,0.0,1997/98,GR,Davos,46.77441152,9.84387734,0.0,2400.0,N,35_40,,,,,,0.0,1.0,1.0,offpiste,12,0
1997-12-23,0.0,1997/98,GR,Vaz/Obervaz,46.75473077,9.59716218,0.0,2500.0,W,35_40,,,,,,0.0,1.0,0.0,offpiste,12,0
1997-12-28,0.0,1997/98,VS,Bagnes,46.10320659,7.2627611,0.0,2560.0,SW,35_40,,,,,,0.0,1.0,0.0,offpiste,12,0
1997-12-29,0.0,1997/98,VS,Bagnes,46.03405025,7.19969639,0.0,2435.0,NE,30_35,,,,,,1.0,2.0,2.0,tour,12,1
1997-12-29,0.0,1997/98,GR,Langwies,46.8303513,9.80474533,0.0,2600.0,W,35_40,,,,,,0.0,1.0,1.0,offpiste,12,0
1997-12-29,0.0,1997/98,VS,Nendaz,46.15089143,7.34544501,0.0,2440.0,NE,30_35,,,,,,0.0,1.0,1.0,offpiste,12,0
1997-12-29,0.0,1997/98,GR,Davos,46.69869537,9.795699,0.0,2270.0,N,35_40,,,,,,0.0,3.0,1.0,tour,12,0
1997-12-30,0.0,1997/98,GR,Lantsch/Lenz,46.74142882,9.60579247,0.0,2800.0,S,,,,,,,0.0,2.0,1.0,offpiste,12,0
1997-12-30,0.0,1997/98,GR,Davos,46.74060225,9.81455004,0.0,2440.0,N,,,,,,,0.0,1.0,0.0,offpiste,12,0
1997-12-31,0.0,1997/98,GR,Davos,46.76694902,9.85631409,0.0,2620.0,N,35_40,,,,,,0.0,1.0,0.0,offpiste,12,0
1998-01-04,0.0,1997/98,GR,Langwies,46.82506875,9.79035277,0.0,2500.0,E,35_40,,,,,,0.0,1.0,0.0,offpiste,1,0
1998-01-04,0.0,1997/98,UR,Andermatt,46.61710456,8.61688878,0.0,2400.0,N,45_90,,,,,,1.0,2.0,1.0,offpiste,1,1
1998-01-08,0.0,1997/98,GR,Davos,46.73342276,9.81789848,0.0,2560.0,NE,,,,,,,0.0,1.0,0.0,offpiste,1,0
1998-01-09,2.0,1997/98,GR,Davos,46.78305172,9.77449963,0.0,2440.0,E,35_40,,,,,,0.0,1.0,0.0,tour,1,0
1998-01-10,0.0,1997/98,GR,Fideris,46.85268474,9.72439685,0.0,2380.0,N,35_40,,,,,,0.0,1.0,0.0,tour,1,0
1998-01-12,0.0,1997/98,GR,Davos,46.71767257,9.83513027,0.0,2360.0,NE,,,,,,,0.0,2.0,0.0,tour,1,0
1998-01-20,0.0,1997/98,GR,Samedan,46.54479744,9.84742644,0.0,2435.0,SE,0_30,,,,,,1.0,1.0,1.0,tour,1,1
1998-01-21,0.0,1997/98,FR,Charmey,46.60995142,7.22325903,100.0,1620.0,W,,,,,,,1.0,1.0,1.0,transportation.corridor,1,1
1998-01-21,0.0,1997/98,GR,Disentis/Mustér,46.71701769,8.81332082,0.0,1930.0,S,35_40,,,,,,0.0,1.0,0.0,offpiste,1,0
1998-01-25,0.0,1997/98,VS,Hérémence,46.00097557,7.43863722,0.0,3300.0,N,,,,,,,1.0,6.0,3.0,tour,1,1
1998-01-26,0.0,1997/98,GR,Lantsch/Lenz,46.72782634,9.61126557,0.0,2800.0,NW,40_45,,,,,,1.0,1.0,1.0,offpiste,1,1
1998-01-26,0.0,1997/98,GR,Vaz/Obervaz,46.73659052,9.58563751,0.0,2420.0,W,,,,,,,0.0,1.0,0.0,offpiste,1,0
1998-02-08,0.0,1997/98,BE,Diemtigen,46.53998853,7.45362902,0.0,1950.0,E,30_35,,,,,,0.0,1.0,0.0,tour,2,0
1998-02-14,0.0,1997/98,TI,Bedretto,46.49060167,8.46994341,0.0,1880.0,E,40_45,,,,,,0.0,1.0,0.0,tour,2,0
1998-03-09,0.0,1997/98,GR,Davos,46.82839003,9.8125264,0.0,2480.0,SE,30_35,,,,,,0.0,1.0,0.0,offpiste,3,0
1998-03-13,0.0,1997/98,GR,Tavetsch/Tujetsch,46.61990667,8.67505412,0.0,2690.0,N,30_35,,,,,,0.0,2.0,0.0,tour,3,0
1998-03-15,0.0,1997/98,VS,Mollens,46.38338524,7.57382436,0.0,2980.0,S,0_30,,,,,,0.0,1.0,0.0,tour,3,0
1998-03-18,0.0,1997/98,GR,Klosters-Serneus,46.83873602,9.80183547,0.0,2640.0,E,35_40,,,,,,0.0,1.0,0.0,offpiste,3,0
1998-03-18,0.0,1997/98,GR,Mulegns,46.48541888,9.5623262,0.0,3300.0,S,35_40,,,,,,2.0,4.0,0.0,tour,3,1
1998-03-24,0.0,1997/98,GR,Tavetsch/Tujetsch,46.6403247,8.70007822,0.0,2200.0,NE,,,,,,,0.0,3.0,0.0,tour,3,0
1998-03-24,0.0,1997/98,GR,Bever,46.51213432,9.73856093,0.0,2760.0,NE,30_35,,,,,,0.0,8.0,1.0,tour,3,0
1998-03-25,0.0,1997/98,GR,Hinterrhein,46.50409009,9.05066626,0.0,2800.0,SE,35_40,,,,,,0.0,2.0,0.0,tour,3,0
1998-03-28,0.0,1997/98,GR,Davos,46.77066621,9.86139286,0.0,2360.0,NW,35_40,,,,,,0.0,1.0,0.0,offpiste,3,0
1998-03-30,0.0,1997/98,SZ,Unteriberg,47.0384571,8.8143217,0.0,1450.0,SW,,,,,,,1.0,1.0,1.0,tour,3,1
1998-04-01,0.0,1997/98,GR,Davos,46.72757398,9.835047,0.0,2260.0,NE,35_40,,,,,,0.0,1.0,0.0,tour,4,0
1998-04-02,0.0,1997/98,GR,Davos,46.73160906,9.83574997,100.0,2140.0,NE,35_40,,,,,,0.0,1.0,0.0,offpiste,4,0
1998-04-16,0.0,1997/98,VS,Ayer,46.05297864,7.68089085,0.0,3650.0,NW,30_35,,,,,,0.0,1.0,1.0,tour,4,0
1998-04-20,0.0,1997/98,GR,Samedan,46.38403691,9.82299141,0.0,2950.0,NE,40_45,,,,,,1.0,1.0,1.0,tour,4,1
1998-04-25,0.0,1997/98,GL,Linthal,46.85971197,8.91402425,500.0,2800.0,S,,,,,,,0.0,1.0,0.0,tour,4,0
1998-05-30,0.0,1997/98,VS,Fieschertal,46.52204073,8.07069712,,3500.0,S,,,,,,,0.0,3.0,0.0,tour,5,0
1998-10-04,0.0,1998/99,GR,Avers,46.42768957,9.57438033,100.0,2680.0,N,,,,,,,0.0,7.0,0.0,tour,10,0
1998-11-21,0.0,1998/99,VS,Bourg-Saint-Pierre,45.86434397,7.19554274,250.0,2650.0,W,,,,,,,0.0,1.0,1.0,tour,11,0
1998-11-22,0.0,1998/99,GR,Susch,46.74295696,9.94426228,0.0,2660.0,N,30_35,,,,,,0.0,1.0,0.0,tour,11,0
1998-11-28,0.0,1998/99,VD,Rougemont,46.45824411,7.20264417,0.0,2140.0,SE,,,,,,,0.0,1.0,0.0,offpiste,11,0
1998-11-29,0.0,1998/99,GR,Susch,46.73104589,9.94567185,0.0,2845.0,NE,40_45,,,,,,0.0,1.0,0.0,tour,11,0
1998-11-29,0.0,1998/99,GR,Safien,46.59514008,9.28767817,0.0,2000.0,NW,,,,,,,0.0,1.0,0.0,tour,11,0
1998-12-06,0.0,1998/99,SG,Wattwil,47.28746538,9.05092113,0.0,1196.0,E,30_35,,,,,,0.0,1.0,0.0,tour,12,0
1998-12-06,0.0,1998/99,FR,Montbovon,46.45050274,6.99157516,0.0,1510.0,NW,45_90,,,,,,0.0,2.0,0.0,tour,12,0
1998-12-10,0.0,1998/99,VS,Evolène,46.02004565,7.43269752,100.0,2980.0,E,,,,,,,1.0,1.0,1.0,tour,12,1
1998-12-12,0.0,1998/99,GR,Samnaun,46.96872493,10.33887237,,2700.0,SE,,,,,,,0.0,2.0,0.0,offpiste,12,0
1998-12-12,0.0,1998/99,GR,Davos,46.81195096,9.89621959,0.0,2120.0,S,,,,,,,0.0,2.0,1.0,offpiste,12,0
1998-12-12,0.0,1998/99,VS,Saas-Almagell,46.08188316,7.94369874,0.0,2680.0,SE,,,,,,,1.0,2.0,0.0,tour,12,1
1998-12-13,0.0,1998/99,GR,Pontresina,46.45498882,9.91388239,500.0,2900.0,NE,,,,,,,0.0,3.0,0.0,tour,12,0
1998-12-17,0.0,1998/99,BE,Boltigen,46.61234863,7.32637463,0.0,1950.0,S,35_40,,,,,,0.0,4.0,0.0,tour,12,0
1998-12-27,0.0,1998/99,VS,Trient,46.03459841,6.97237316,0.0,2240.0,N,30_35,,,,,,1.0,1.0,1.0,offpiste,12,1
1998-12-31,0.0,1998/99,OW,Engelberg,46.78347344,8.45524791,250.0,1760.0,NW,30_35,,,,,,0.0,2.0,0.0,tour,12,0
1998-12-31,0.0,1998/99,GR,Davos,46.79044668,9.75385609,0.0,2540.0,E,35_40,,,,,,0.0,2.0,0.0,tour,12,0
1998-12-31,0.0,1998/99,GR,Davos,46.76512485,9.95118751,100.0,2520.0,NW,35_40,,,,,,0.0,1.0,0.0,tour,12,0
1999-01-01,0.0,1998/99,VS,Bourg-Saint-Pierre,45.87159288,7.17889863,0.0,2400.0,NE,30_35,,,,,,1.0,4.0,1.0,tour,1,1
1999-01-01,0.0,1998/99,TI,Quinto,46.52116369,8.7516524,0.0,2540.0,SW,45_90,,,,,,1.0,1.0,1.0,tour,1,1
1999-01-01,0.0,1998/99,VS,Zermatt,45.98067419,7.71192556,0.0,2730.0,N,30_35,,,,,,0.0,1.0,0.0,offpiste,1,0
1999-01-02,0.0,1998/99,UR,Andermatt,46.60858672,8.6140923,0.0,2680.0,NW,30_35,,,,,,0.0,1.0,0.0,offpiste,1,0
1999-01-03,0.0,1998/99,GR,Mesocco,46.45726847,9.15134523,0.0,2360.0,E,40_45,,,,,,0.0,2.0,1.0,offpiste,1,0
1999-01-05,0.0,1998/99,UR,Realp,46.58556734,8.42321381,0.0,2500.0,NW,0_30,,,,,,0.0,2.0,2.0,tour,1,0
1999-01-06,0.0,1998/99,BE,Grindelwald,46.5914399,7.95563203,0.0,2200.0,NE,35_40,,,,,,1.0,1.0,1.0,tour,1,1
1999-01-09,0.0,1998/99,BE,Lauterbrunnen,46.55759533,7.87458614,0.0,2080.0,N,,,,,,,0.0,1.0,1.0,offpiste,1,0
1999-01-10,0.0,1998/99,VD,Ormont-Dessus,46.33780344,7.20810243,250.0,2200.0,NW,,,,,,,0.0,5.0,0.0,tour,1,0
1999-01-16,0.0,1998/99,VS,Zermatt,46.00197112,7.72093859,100.0,1990.0,N,30_35,,,,,,0.0,2.0,0.0,offpiste,1,0
1999-01-16,0.0,1998/99,UR,Hospental,46.61200788,8.58740368,0.0,2140.0,NE,35_40,,,,,,0.0,7.0,0.0,offpiste,1,0
1999-01-16,0.0,1998/99,UR,Hospental,46.5863469,8.5894685,0.0,2250.0,NW,35_40,,,,,,0.0,2.0,1.0,offpiste,1,0
1999-01-17,0.0,1998/99,GR,Susch,46.76840206,9.98605126,0.0,2640.0,NE,35_40,,,,,,0.0,2.0,0.0,tour,1,0
1999-01-17,0.0,1998/99,UR,Unterschächen,46.90519667,8.80106709,,2100.0,E,,,,,,,0.0,1.0,0.0,tour,1,0
1999-01-17,0.0,1998/99,BE,Diemtigen,46.53404821,7.46959514,0.0,2050.0,NE,40_45,,,,,,0.0,2.0,1.0,tour,1,0
1999-01-17,0.0,1998/99,GR,Davos,46.76758176,9.85830714,0.0,2560.0,N,35_40,,,,,,0.0,1.0,0.0,offpiste,1,0
1999-01-18,0.0,1998/99,GR,Davos,46.7653617,9.85689769,0.0,2590.0,W,,,,,,,0.0,1.0,1.0,transportation.corridor,1,0
1999-01-29,0.0,1998/99,VS,Bagnes,46.05079416,7.18476553,0.0,2120.0,NE,,,,,,,0.0,7.0,0.0,offpiste,1,0
1999-01-31,0.0,1998/99,BE,Lauterbrunnen,46.56801957,7.85340955,0.0,2580.0,SE,,,,,,,0.0,3.0,0.0,transportation.corridor,1,0
1999-02-01,0.0,1998/99,VS,Nendaz,46.10163151,7.29380228,250.0,2560.0,NE,,,,,,,1.0,6.0,3.0,offpiste,2,1
1999-02-01,0.0,1998/99,GR,Davos,46.8184121,9.87186758,0.0,2060.0,NE,30_35,,,,,,0.0,2.0,0.0,offpiste,2,0
1999-02-02,0.0,1998/99,UR,Andermatt,46.60858268,8.61448384,0.0,2680.0,W,30_35,,,,,,0.0,1.0,0.0,offpiste,2,0
1999-02-04,0.0,1998/99,UR,Andermatt,46.61629257,8.60838456,0.0,2240.0,NW,40_45,,,,,,0.0,1.0,0.0,offpiste,2,0
1999-02-04,0.0,1998/99,BE,Hasliberg,46.75882924,8.2525407,0.0,2100.0,SW,,,,,,,0.0,1.0,0.0,offpiste,2,0
1999-02-07,0.0,1998/99,VS,Nendaz,46.13349438,7.30924483,0.0,1980.0,NW,,,,,,,0.0,1.0,0.0,offpiste,2,0
1999-02-07,0.0,1998/99,GR,Lavin,46.7939196,10.11962071,250.0,2840.0,SE,,,,,,,1.0,4.0,4.0,transportation.corridor,2,1
1999-02-08,0.0,1998/99,BE,Lauterbrunnen,46.60182977,7.94568167,100.0,2150.0,W,,,,,,,2.0,2.0,2.0,building,2,1
1999-02-08,0.0,1998/99,GR,Scuol,46.81143525,10.27571885,0.0,2085.0,E,40_45,,,,,,0.0,2.0,0.0,offpiste,2,0
1999-02-09,0.0,1998/99,TI,Bignasco,46.44296614,8.51354616,0.0,1900.0,S,35_40,,,,,,0.0,2.0,0.0,tour,2,0
1999-02-11,0.0,1998/99,VS,Zermatt,45.997741,7.78609827,0.0,2700.0,NE,30_35,,,,,,0.0,1.0,1.0,offpiste,2,0
1999-02-11,0.0,1998/99,GR,Davos,46.73164574,9.80381518,0.0,2280.0,W,40_45,,,,,,1.0,2.0,2.0,offpiste,2,1
1999-02-13,0.0,1998/99,VS,Martigny-Combe,46.05129088,7.04458253,0.0,2200.0,NE,,,,,,,0.0,1.0,0.0,tour,2,0
1999-02-13,0.0,1998/99,VS,Bagnes,46.08511336,7.25506267,0.0,2150.0,W,,,,,,,1.0,1.0,1.0,offpiste,2,1
1999-02-15,0.0,1998/99,GR,Davos,46.78857981,9.8526995,100.0,1900.0,NE,,,,,,,0.0,1.0,0.0,offpiste,2,0
1999-02-16,0.0,1998/99,VS,Champéry,46.17504028,6.81759273,100.0,1760.0,E,40_45,,,,,,0.0,2.0,1.0,offpiste,2,0
1999-02-20,0.0,1998/99,VS,Saas-Fee,46.09120254,7.86530329,1000.0,3800.0,E,45_90,,,,,,0.0,3.0,0.0,transportation.corridor,2,0
1999-02-21,0.0,1998/99,VS,Evolène,46.12840158,7.53308484,100.0,2900.0,W,40_45,,,,,,3.0,4.0,3.0,transportation.corridor,2,1
1999-02-22,0.0,1998/99,GR,Davos,46.78746337,9.83306135,0.0,1900.0,NW,,,,,,,0.0,3.0,2.0,offpiste,2,0
1999-02-23,0.0,1998/99,UR,Silenen,46.79317818,8.71623202,100.0,2750.0,S,40_45,,,,,,1.0,1.0,1.0,building,2,1
1999-02-23,0.0,1998/99,OW,Lungern,46.77349549,8.11410308,0.0,1900.0,E,45_90,,,,,,0.0,2.0,0.0,building,2,0
1999-02-23,0.0,1998/99,VS,Geschinen,46.51640125,8.25046202,1000.0,2600.0,E,,,,,,,1.0,1.0,1.0,building,2,1
1999-02-25,0.0,1998/99,VS,Leukerbad,46.38487773,7.60177621,100.0,2800.0,S,45_90,,,,,,0.0,30.0,0.0,building,2,0
1999-02-26,0.0,1998/99,VD,Rougemont,46.50454203,7.23370943,0.0,1680.0,SE,,,,,,,0.0,8.0,0.0,building,2,0
1999-03-09,0.0,1998/99,GR,Pontresina,46.41381471,9.96483294,0.0,2900.0,NE,40_45,,,,,,1.0,1.0,1.0,offpiste,3,1
1999-03-12,0.0,1998/99,GR,Davos,46.73715477,9.8287971,250.0,2160.0,NE,35_40,,,,,,0.0,1.0,0.0,offpiste,3,0
1999-03-24,0.0,1998/99,OW,Engelberg,46.79399482,8.41444702,500.0,1980.0,NW,,,,,,,0.0,1.0,0.0,offpiste,3,0
1999-03-25,0.0,1998/99,NW,Wolfenschiessen,46.86410965,8.44155661,500.0,1840.0,N,,,,,,,0.0,1.0,1.0,tour,3,0
1999-03-27,0.0,1998/99,VS,Evolène,46.0014892,7.51531085,250.0,2830.0,W,,,,,,,0.0,2.0,0.0,tour,3,0
1999-03-29,0.0,1998/99,GR,Davos,46.69673664,9.95061718,500.0,2800.0,N,,,,,,,0.0,1.0,0.0,tour,3,0
1999-04-04,0.0,1998/99,VS,Saas-Fee,46.09248844,7.90410247,500.0,2300.0,E,,,,,,,0.0,1.0,0.0,offpiste,4,0
1999-04-10,0.0,1998/99,GR,Davos,46.67274779,9.76645598,0.0,2780.0,NE,40_45,,,,,,0.0,1.0,1.0,tour,4,0
1999-04-14,0.0,1998/99,GR,Scuol,46.67032573,10.3861162,0.0,2760.0,NW,35_40,,,,,,0.0,1.0,0.0,tour,4,0
1999-04-14,0.0,1998/99,GR,Susch,46.72257316,9.9584958,0.0,3020.0,E,35_40,,,,,,1.0,3.0,0.0,tour,4,1
1999-04-17,0.0,1998/99,GR,Davos,46.83126723,9.81265336,0.0,2580.0,NE,45_90,,,,,,0.0,3.0,0.0,offpiste,4,0
1999-04-19,0.0,1998/99,VS,Nendaz,46.15740719,7.29650208,0.0,2380.0,NE,45_90,,,,,,0.0,1.0,0.0,offpiste,4,0
1999-04-19,0.0,1998/99,VS,Riddes,46.10743667,7.26417012,0.0,2540.0,N,45_90,,,,,,0.0,2.0,0.0,offpiste,4,0
1999-04-20,0.0,1998/99,GR,Scuol,46.6951059,10.33069168,100.0,2750.0,NW,,,,,,,1.0,2.0,1.0,tour,4,1
1999-04-25,0.0,1998/99,BE,Adelboden,46.41894274,7.55115016,0.0,2780.0,N,40_45,,,,,,0.0,1.0,0.0,tour,4,0
1999-06-25,0.0,1998/99,BE,Grindelwald,46.55876427,7.99809499,0.0,4020.0,NE,,,,,,,0.0,1.0,0.0,tour,6,0
1999-06-28,0.0,1998/99,UR,Spiringen,46.84374595,8.86769407,0.0,3080.0,N,,,,,,,2.0,2.0,2.0,tour,6,1
1999-07-03,0.0,1998/99,BE,Guttannen,46.58196141,8.13115193,0.0,3880.0,S,45_90,,,,,,1.0,1.0,0.0,tour,7,1
1999-09-06,0.0,1998/99,VS,Randa,46.09385935,7.85239403,500.0,4160.0,NW,35_40,,,,,,0.0,2.0,0.0,tour,9,0
1999-09-23,0.0,1998/99,VS,Saas-Fee,46.04881658,7.89261993,250.0,3720.0,NE,,,,,,,0.0,3.0,0.0,tour,9,0
1999-11-07,0.0,1999/00,TI,Bedretto,46.51547811,8.46481346,100.0,2930.0,S,,,,,,,2.0,2.0,2.0,tour,11,1
1999-11-27,0.0,1999/00,VS,Albinen,46.37567668,7.66842295,100.0,2750.0,SW,,,,,,,0.0,2.0,0.0,tour,11,0
1999-11-27,0.0,1999/00,GR,Stampa,46.41628011,9.67607145,,,,,,,,,,0.0,1.0,0.0,tour,11,0
1999-12-27,0.0,1999/00,GR,Tschiertschen,46.79926956,9.58551613,0.0,2300.0,NE,35_40,,,,,,1.0,1.0,1.0,transportation.corridor,12,1
1999-12-27,0.0,1999/00,GR,Davos,46.77100533,9.84536252,100.0,2420.0,S,35_40,,,,,,0.0,2.0,0.0,offpiste,12,0
1999-12-28,0.0,1999/00,VS,Zermatt,46.01882024,7.77628976,0.0,2360.0,N,35_40,,,,,,0.0,2.0,1.0,offpiste,12,0
1999-12-29,0.0,1999/00,GR,Safien,46.60379659,9.25298626,500.0,2300.0,N,,,,,,,0.0,10.0,4.0,tour,12,0
1999-12-30,0.0,1999/00,GR,Davos,46.74856364,9.8125444,0.0,2200.0,W,30_35,,,,,,0.0,1.0,0.0,offpiste,12,0
1999-12-30,0.0,1999/00,GR,Vaz/Obervaz,46.74809643,9.59584912,0.0,2520.0,NW,40_45,,,,,,0.0,1.0,0.0,offpiste,12,0
1999-12-30,0.0,1999/00,GR,Vaz/Obervaz,46.75581875,9.59196837,0.0,2350.0,NW,35_40,,,,,,0.0,1.0,0.0,offpiste,12,0
1999-12-31,0.0,1999/00,GR,Ardez,46.79572684,10.17246279,0.0,2280.0,SE,35_40,,,,,,1.0,2.0,2.0,tour,12,1
2000-01-01,0.0,1999/00,GR,Davos,46.73095971,9.81517205,0.0,2460.0,W,30_35,,,,,,0.0,1.0,0.0,offpiste,1,0
2000-01-02,0.0,1999/00,UR,Andermatt,46.66627839,8.66729449,100.0,2264.0,SE,,,,,,,0.0,1.0,0.0,tour,1,0
2000-01-04,0.0,1999/00,GR,Celerina/Schlarigna,46.53223662,9.80487701,100.0,2900.0,SE,40_45,,,,,,0.0,1.0,0.0,offpiste,1,0
2000-01-15,0.0,1999/00,SG,Sevelen,47.11217345,9.41624244,0.0,2110.0,N,30_35,,,,,,0.0,1.0,0.0,tour,1,0
2000-01-17,0.0,1999/00,GL,Diesbach,46.91770427,9.09134259,0.0,2580.0,NW,35_40,,,,,,0.0,1.0,0.0,tour,1,0
2000-01-23,0.0,1999/00,VD,Château-d’Œx,46.44606097,7.14712805,100.0,1700.0,NW,,,,,,,0.0,1.0,0.0,,1,0
2000-01-24,0.0,1999/00,GR,Langwies,46.83224441,9.800239,0.0,2600.0,E,40_45,,,,,,0.0,1.0,1.0,offpiste,1,0
2000-01-24,0.0,1999/00,GR,Arosa,46.78819041,9.64042806,0.0,2540.0,NE,35_40,,,,,,0.0,1.0,1.0,offpiste,1,0
2000-01-24,0.0,1999/00,BE,Lauterbrunnen,46.58186291,7.94484223,250.0,1800.0,NW,,,,,,,0.0,1.0,0.0,offpiste,1,0
2000-01-25,0.0,1999/00,UR,Andermatt,46.6481043,8.654797,100.0,2560.0,SW,,,,,,,0.0,1.0,0.0,tour,1,0
2000-01-27,0.0,1999/00,GR,Lantsch/Lenz,46.73360831,9.59108115,0.0,2540.0,SW,,,,,,,0.0,1.0,0.0,offpiste,1,0
2000-01-27,0.0,1999/00,UR,Andermatt,46.60948213,8.6145034,0.0,2680.0,SW,30_35,,,,,,0.0,1.0,0.0,offpiste,1,0
2000-01-30,0.0,1999/00,BE,Adelboden,46.47375104,7.52229343,0.0,1930.0,SE,45_90,,,,,,1.0,3.0,1.0,offpiste,1,1
2000-01-31,0.0,1999/00,UR,Andermatt,46.60838255,8.61643763,0.0,2770.0,W,30_35,,,,,,0.0,1.0,0.0,offpiste,1,0
2000-01-31,0.0,1999/00,GR,Davos,46.73021311,9.81212882,0.0,2390.0,NW,30_35,,,,,,0.0,1.0,0.0,offpiste,1,0
2000-01-31,0.0,1999/00,GR,Davos,46.83724501,9.81947438,0.0,2490.0,S,35_40,,,,,,0.0,1.0,1.0,offpiste,1,0
2000-01-31,0.0,1999/00,UR,Andermatt,46.6194071,8.61171619,0.0,2280.0,NW,30_35,,,,,,0.0,1.0,0.0,offpiste,1,0
2000-02-01,0.0,1999/00,GR,Langwies,46.8414114,9.79211651,250.0,2550.0,NE,,,,,,,0.0,1.0,0.0,offpiste,2,0
2000-02-01,0.0,1999/00,GR,Fuldera,46.60868048,10.32397212,,2500.0,NE,,,,,,,0.0,1.0,0.0,tour,2,0
2000-02-03,0.0,1999/00,UR,Andermatt,46.61419712,8.59332523,0.0,2140.0,W,35_40,,,,,,0.0,1.0,0.0,offpiste,2,0
2000-02-05,0.0,1999/00,AI,Schwende,47.25533993,9.37140562,0.0,1950.0,NW,,,,,,,0.0,2.0,0.0,tour,2,0
2000-02-05,0.0,1999/00,VS,Finhaut,46.067532,6.94301353,0.0,1940.0,E,35_40,,,,,,2.0,3.0,2.0,tour,2,1
2000-02-05,0.0,1999/00,SG,Quarten,47.03355587,9.21686188,100.0,2400.0,NW,35_40,,,,,,0.0,1.0,0.0,tour,2,0
2000-02-07,0.0,1999/00,GR,Langwies,46.83763433,9.77883691,0.0,2580.0,NW,35_40,,,,,,0.0,2.0,0.0,offpiste,2,0
2000-02-10,0.0,1999/00,GR,Langwies,46.83294582,9.79895846,0.0,2700.0,E,35_40,,,,,,0.0,1.0,1.0,offpiste,2,0
2000-02-10,0.0,1999/00,GR,Samnaun,46.98515952,10.38270863,0.0,2420.0,E,35_40,,,,,,0.0,2.0,1.0,offpiste,2,0
2000-02-10,0.0,1999/00,VS,Zermatt,46.01945325,7.80405527,100.0,3000.0,SE,35_40,,,,,,0.0,1.0,0.0,offpiste,2,0
2000-02-12,0.0,1999/00,GR,Davos,46.70851248,9.82131295,0.0,2770.0,W,35_40,,,,,,0.0,2.0,1.0,tour,2,0
2000-02-12,0.0,1999/00,VS,Bagnes,46.02232954,7.25785599,100.0,2450.0,,,,,,,,0.0,1.0,0.0,tour,2,0
2000-02-13,0.0,1999/00,BE,Grindelwald,46.68189329,8.10302339,0.0,2200.0,E,35_40,,,,,,0.0,1.0,0.0,tour,2,0
2000-02-13,0.0,1999/00,SG,Grabs,47.16453603,9.325434,0.0,1800.0,N,35_40,,,,,,1.0,1.0,1.0,offpiste,2,1
2000-02-15,0.0,1999/00,GR,Davos,46.72086077,9.81394167,0.0,2520.0,N,30_35,,,,,,0.0,1.0,0.0,tour,2,0
2000-02-16,0.0,1999/00,GR,Davos,46.73860748,9.82388717,0.0,2220.0,NE,30_35,,,,,,0.0,1.0,0.0,offpiste,2,0
2000-02-20,0.0,1999/00,UR,Andermatt,46.66545276,8.66459673,0.0,2280.0,SE,,,,,,,0.0,1.0,0.0,transportation.corridor,2,0
2000-02-21,0.0,1999/00,SG,Grabs,47.16402747,9.33992765,0.0,1950.0,NE,30_35,,,,,,0.0,1.0,0.0,transportation.corridor,2,0
2000-02-21,0.0,1999/00,VS,Zermatt,46.01821466,7.79759095,0.0,2850.0,S,30_35,,,,,,0.0,3.0,0.0,offpiste,2,0
2000-02-21,0.0,1999/00,VS,Bagnes,46.11922245,7.21419992,0.0,2290.0,SW,,,,,,,0.0,1.0,0.0,offpiste,2,0
2000-02-21,0.0,1999/00,GR,Davos,46.83157234,9.81096213,0.0,2615.0,NE,40_45,,,,,,3.0,6.0,4.0,offpiste,2,1
2000-02-21,0.0,1999/00,UR,Andermatt,46.61533263,8.61423897,0.0,2400.0,W,35_40,,,,,,0.0,1.0,0.0,offpiste,2,0
2000-02-21,0.0,1999/00,GR,Davos,46.8229198,9.87993818,0.0,2190.0,NW,30_35,,,,,,0.0,1.0,0.0,offpiste,2,0
2000-02-21,0.0,1999/00,GR,Parpan,46.76443521,9.58838409,0.0,2300.0,W,,,,,,,0.0,2.0,0.0,offpiste,2,0
2000-02-21,0.0,1999/00,GR,Davos,46.80875438,9.93159622,0.0,2700.0,SW,40_45,,,,,,0.0,1.0,0.0,offpiste,2,0
2000-02-22,0.0,1999/00,LU,Flühli,46.78824101,8.04317214,0.0,2180.0,N,35_40,,,,,,0.0,2.0,0.0,offpiste,2,0
2000-02-22,0.0,1999/00,GR,Klosters-Serneus,46.85356553,9.81363775,0.0,2430.0,NW,,,,,,,0.0,1.0,1.0,offpiste,2,0
2000-02-22,0.0,1999/00,VS,Champéry,46.16057307,6.80429356,,2270.0,SE,,,,,,,0.0,1.0,0.0,offpiste,2,0
2000-02-25,0.0,1999/00,GR,Avers,46.4648595,9.57415259,0.0,3140.0,SE,30_35,,,,,,0.0,1.0,0.0,tour,2,0
2000-02-26,0.0,1999/00,GR,Davos,46.67275313,9.76619473,0.0,2780.0,NE,35_40,,,,,,0.0,2.0,1.0,tour,2,0
2000-02-26,0.0,1999/00,BE,Frutigen,46.53262114,7.63637187,0.0,2190.0,NW,45_90,,,,,,1.0,2.0,1.0,offpiste,2,1
2000-02-27,0.0,1999/00,BE,Adelboden,46.49038364,7.61055962,100.0,2040.0,NW,,,,,,,0.0,1.0,0.0,tour,2,0
2000-02-27,0.0,1999/00,BE,Diemtigen,46.53256721,7.54082818,0.0,2300.0,NW,30_35,,,,,,0.0,1.0,0.0,tour,2,0
2000-02-27,0.0,1999/00,VS,Orsières,46.01997495,7.20091999,0.0,2520.0,W,30_35,,,,,,0.0,1.0,0.0,tour,2,0
2000-02-27,0.0,1999/00,BE,Lenk,46.48060773,7.48812108,250.0,2400.0,NW,,,,,,,0.0,1.0,0.0,tour,2,0
2000-03-01,0.0,1999/00,GR,Klosters-Serneus,46.81381632,9.94703758,0.0,2970.0,W,40_45,,,,,,1.0,1.0,1.0,tour,3,1
2000-03-02,0.0,1999/00,BE,Adelboden,46.44663749,7.51021375,0.0,2000.0,N,,,,,,,0.0,1.0,0.0,offpiste,3,0
2000-03-03,0.0,1999/00,VS,Evolène,46.10077682,7.46514676,0.0,2750.0,SE,30_35,,,,,,0.0,3.0,1.0,tour,3,0
2000-03-19,0.0,1999/00,GR,Vaz/Obervaz,46.74269377,9.59602559,0.0,2760.0,W,40_45,,,,,,0.0,3.0,0.0,offpiste,3,0
2000-03-21,0.0,1999/00,LI,Triesenberg,47.10212189,9.61656252,,1850.0,SW,35_40,,,,,,0.0,2.0,0.0,offpiste,3,0
2000-04-02,0.0,1999/00,GR,Davos,46.67252567,9.76631566,0.0,2800.0,NE,,,,,,,0.0,1.0,0.0,tour,4,0
2000-04-02,0.0,1999/00,BE,Kandersteg,46.4387035,7.61068214,0.0,2265.0,N,30_35,,,,,,0.0,1.0,0.0,tour,4,0
2000-04-08,0.0,1999/00,GR,Obersaxen,46.70417789,9.02806678,0.0,2610.0,E,35_40,,,,,,0.0,1.0,1.0,tour,4,0
2000-04-08,0.0,1999/00,GR,Langwies,46.83875445,9.79003307,0.0,2600.0,NW,35_40,,,,,,0.0,1.0,0.0,offpiste,4,0
2000-04-14,0.0,1999/00,GR,Davos,46.72069291,9.81249481,0.0,2510.0,N,30_35,,,,,,0.0,1.0,1.0,tour,4,0
2000-04-14,0.0,1999/00,GR,Samedan,46.53446575,9.8209496,0.0,2700.0,SE,30_35,,,,,,0.0,1.0,0.0,offpiste,4,0
2000-04-16,0.0,1999/00,UR,Spiringen,46.86872262,8.91295952,100.0,2500.0,NW,,,,,,,0.0,5.0,0.0,tour,4,0
2000-04-18,0.0,1999/00,VS,Saas-Fee,46.08885025,7.93458364,0.0,2580.0,NW,30_35,,,,,,1.0,6.0,1.0,transportation.corridor,4,1
2000-04-20,0.0,1999/00,GR,Davos,46.71308322,9.81791679,0.0,2730.0,NW,35_40,,,,,,0.0,2.0,0.0,tour,4,0
2000-04-23,0.0,1999/00,VS,Saas-Almagell,46.0156836,7.89983365,100.0,4000.0,NE,40_45,,,,,,0.0,1.0,0.0,tour,4,0
2000-04-23,0.0,1999/00,GR,Davos,46.78501446,9.85319474,0.0,2200.0,N,35_40,,,,,,0.0,1.0,0.0,offpiste,4,0
2000-04-24,0.0,1999/00,VS,Bourg-Saint-Pierre,45.92026171,7.248526,0.0,2415.0,N,35_40,,,,,,1.0,3.0,2.0,tour,4,1
2000-04-29,0.0,1999/00,VS,Evolène,46.00655271,7.43863722,0.0,3280.0,NE,45_90,,,,,,0.0,1.0,1.0,tour,4,0
2000-04-30,0.0,1999/00,AI,Schwende,47.24836236,9.3435902,0.0,2300.0,SE,,,,,,,0.0,2.0,0.0,offpiste,4,0
2000-09-09,0.0,1999/00,BE,Gadmen,46.69966069,8.39966594,500.0,,,,,,,,,0.0,3.0,0.0,,9,0
2000-09-10,0.0,1999/00,VS,Naters,46.41336321,7.92623275,0.0,3800.0,NE,45_90,,,,,,2.0,2.0,0.0,tour,9,1
2000-11-11,0.0,2000/01,UR,Andermatt,46.60351627,8.60849978,0.0,2840.0,NW,40_45,,,,,,1.0,3.0,1.0,offpiste,11,1
2000-11-12,0.0,2000/01,GR,Splügen,46.54257763,9.36438692,0.0,2390.0,W,30_35,,,,,,0.0,2.0,1.0,tour,11,0
2000-11-12,0.0,2000/01,VS,Trient,46.00611003,6.99023716,0.0,2920.0,N,40_45,,,,,,1.0,2.0,1.0,offpiste,11,1
2000-11-18,0.0,2000/01,VS,Orsières,45.87663673,7.14500375,500.0,2700.0,,,,,,,,0.0,2.0,2.0,tour,11,0
2000-11-19,0.0,2000/01,GR,Silvaplana,46.42174624,9.82725277,100.0,3100.0,NE,35_40,,,,,,0.0,3.0,0.0,transportation.corridor,11,0
2000-12-08,0.0,2000/01,GR,Langwies,46.82201922,9.80293676,0.0,2500.0,W,30_35,,,,,,0.0,1.0,0.0,offpiste,12,0
2000-12-10,0.0,2000/01,TI,Bedretto,46.47259151,8.50111226,0.0,2640.0,SE,40_45,,,,,,0.0,2.0,0.0,tour,12,0
2000-12-17,0.0,2000/01,TI,Bedretto,46.48370588,8.45144852,0.0,2080.0,SE,,,,,,,0.0,2.0,0.0,tour,12,0
2000-12-23,0.0,2000/01,VS,Oberwald,46.50274053,8.44046959,0.0,2530.0,NW,40_45,,,,,,0.0,1.0,0.0,tour,12,0
2000-12-28,0.0,2000/01,VD,Château-d’Œx,46.38195651,7.14318258,100.0,2270.0,N,35_40,,,,,,0.0,1.0,0.0,tour,12,0
2000-12-30,0.0,2000/01,GR,Valchava,46.6324192,10.39685211,0.0,2740.0,SE,30_35,,,,,,0.0,1.0,0.0,tour,12,0
2001-01-01,0.0,2000/01,VD,Lavey-Morcles,46.21505073,7.05609796,0.0,1890.0,SW,40_45,,,,,,0.0,1.0,0.0,offpiste,1,0
2001-01-05,0.0,2000/01,VS,Riddes,46.10896369,7.26274256,100.0,2360.0,N,,,,,,,0.0,1.0,1.0,offpiste,1,0
2001-01-06,0.0,2000/01,GR,Fideris,46.85798847,9.71340555,0.0,2240.0,N,35_40,,,,,,0.0,3.0,0.0,tour,1,0
2001-01-07,0.0,2000/01,GR,Davos,46.76951851,9.85184511,0.0,2550.0,W,35_40,,,,,,0.0,2.0,0.0,offpiste,1,0
2001-01-09,0.0,2000/01,GR,Sent,46.8425845,10.27552617,0.0,2800.0,W,30_35,,,,,,0.0,1.0,0.0,transportation.corridor,1,0
2001-01-09,0.0,2000/01,VS,Bagnes,46.10015352,7.2662624,100.0,2640.0,W,40_45,,,,,,0.0,3.0,0.0,offpiste,1,0
2001-01-09,0.0,2000/01,GR,Langwies,46.83361341,9.79931559,0.0,2680.0,SE,40_45,,,,,,0.0,2.0,1.0,offpiste,1,0
2001-01-10,0.0,2000/01,GR,Klosters-Serneus,46.84493074,9.8047309,0.0,2440.0,N,35_40,,,,,,0.0,2.0,0.0,offpiste,1,0
2001-01-13,0.0,2000/01,VS,Chandolin,46.24235694,7.62144523,0.0,2560.0,NW,40_45,,,,,,1.0,1.0,1.0,offpiste,1,1
2001-01-13,0.0,2000/01,GR,Celerina/Schlarigna,46.53079849,9.83271976,0.0,2800.0,S,35_40,,,,,,1.0,1.0,1.0,tour,1,1
2001-01-13,0.0,2000/01,VS,Simplon,46.23417951,8.00111282,0.0,2080.0,SE,40_45,,,,,,0.0,3.0,0.0,tour,1,0
2001-01-14,0.0,2000/01,BE,Adelboden,46.43010655,7.54141584,0.0,2130.0,N,30_35,,,,,,0.0,2.0,1.0,tour,1,0
2001-01-14,0.0,2000/01,GR,Davos,46.72228429,9.87655811,0.0,2720.0,NW,35_40,,,,,,0.0,1.0,0.0,tour,1,0
2001-01-14,0.0,2000/01,GR,Klosters-Serneus,46.81526838,9.94238578,0.0,2800.0,W,30_35,,,,,,0.0,1.0,0.0,tour,1,0
2001-01-14,0.0,2000/01,GR,Pontresina,46.41163631,9.94130984,0.0,2500.0,NW,30_35,,,,,,0.0,1.0,0.0,offpiste,1,0
2001-01-16,0.0,2000/01,VS,Blitzingen,46.47148109,8.16164077,0.0,2990.0,SE,40_45,,,,,,1.0,1.0,1.0,tour,1,1
2001-01-26,0.0,2000/01,VS,Orsières,45.91458402,7.09299212,0.0,1910.0,E,35_40,,,,,,0.0,1.0,1.0,tour,1,0
2001-01-26,0.0,2000/01,GR,Vaz/Obervaz,46.7615672,9.59730512,0.0,2500.0,NW,35_40,,,,,,0.0,1.0,0.0,offpiste,1,0
2001-01-27,0.0,2000/01,VS,Albinen,46.36682491,7.64005675,0.0,2100.0,NW,35_40,,,,,,0.0,1.0,0.0,offpiste,1,0
2001-01-27,0.0,2000/01,VS,Orsières,46.02312338,7.09611566,0.0,2120.0,NE,30_35,,,,,,0.0,2.0,0.0,offpiste,1,0
2001-01-28,0.0,2000/01,BE,Gsteig,46.36580873,7.276725,0.0,2000.0,N,30_35,,,,,,1.0,3.0,1.0,tour,1,1
2001-01-28,0.0,2000/01,GR,Valendas,46.75647004,9.27121778,,,,,,,,,,0.0,2.0,0.0,tour,1,0
2001-01-31,0.0,2000/01,UR,Andermatt,46.60248388,8.61265435,0.0,2940.0,SE,40_45,,,,,,0.0,1.0,0.0,offpiste,1,0
2001-02-03,0.0,2000/01,NW,Wolfenschiessen,46.84088716,8.34043801,0.0,1640.0,N,30_35,,,,,,0.0,3.0,0.0,tour,2,0
2001-02-03,0.0,2000/01,GR,Samedan,46.51369074,9.76378571,0.0,2860.0,E,35_40,,,,,,0.0,1.0,1.0,tour,2,0
2001-02-03,0.0,2000/01,OW,Kerns,46.83087061,8.30370011,,,,,,,,,,0.0,1.0,0.0,transportation.corridor,2,0
2001-02-03,0.0,2000/01,GR,Silvaplana,46.45818152,9.78041582,0.0,2240.0,E,,,,,,,0.0,1.0,1.0,tour,2,0
2001-02-03,0.0,2000/01,VS,Ayer,46.11291517,7.61868362,250.0,2500.0,NE,,,,,,,1.0,5.0,1.0,tour,2,1
2001-02-03,0.0,2000/01,VS,Ayer,46.11212063,7.60898035,250.0,3000.0,E,,,,,,,2.0,8.0,3.0,,2,1
2001-02-04,0.0,2000/01,VS,Leukerbad,46.42330716,7.64585996,0.0,2800.0,SW,30_35,,,,,,1.0,2.0,2.0,tour,2,1
2001-02-04,0.0,2000/01,SZ,Morschach,46.96164723,8.65328896,0.0,1830.0,NE,30_35,,,,,,0.0,1.0,0.0,tour,2,0
2001-02-04,0.0,2000/01,GR,Samnaun,46.95120121,10.36250697,0.0,2060.0,S,45_90,,,,,,1.0,1.0,1.0,transportation.corridor,2,1
2001-02-04,0.0,2000/01,GR,Davos,46.81327437,9.89536241,0.0,2140.0,SW,,,,,,,0.0,1.0,0.0,offpiste,2,0
2001-02-04,0.0,2000/01,OW,Giswil,46.78789555,8.04893081,250.0,,,,,,,,,0.0,2.0,0.0,,2,0
2001-02-04,0.0,2000/01,VS,Fully,46.19089251,7.09668079,100.0,2450.0,S,,,,,,,0.0,2.0,0.0,tour,2,0
2001-02-04,,2000/01,NW,Wolfenschiessen,46.78793969,8.40713386,100.0,2085.0,W,35_40,,,,,,0.0,2.0,0.0,offpiste,2,0
2001-02-04,0.0,2000/01,SZ,Oberiberg,47.00297257,8.82498496,0.0,1980.0,N,35_40,,,,,,1.0,1.0,1.0,tour,2,1
2001-02-04,0.0,2000/01,VS,Zermatt,46.01857448,7.79759332,500.0,,,,,,,,,0.0,1.0,1.0,offpiste,2,0
2001-02-04,0.0,2000/01,BE,Beatenberg,46.71050849,7.78689277,0.0,1790.0,NE,,,,,,,0.0,3.0,1.0,tour,2,0
2001-02-04,0.0,2000/01,VS,Zermatt,45.99910064,7.81101853,100.0,2720.0,N,30_35,,,,,,0.0,1.0,0.0,offpiste,2,0
2001-02-05,0.0,2000/01,GR,Disentis/Mustér,46.71214272,8.78834484,100.0,2500.0,E,30_35,,,,,,0.0,2.0,0.0,offpiste,2,0
2001-02-05,0.0,2000/01,BE,Lauterbrunnen,46.62236167,7.86342285,0.0,2070.0,NE,,,,,,,0.0,3.0,1.0,tour,2,0
2001-02-06,0.0,2000/01,VS,Trient,46.03447233,6.96372051,0.0,2180.0,N,40_45,,,,,,3.0,5.0,4.0,offpiste,2,1
2001-02-08,0.0,2000/01,BE,Lenk,46.41034925,7.38336506,0.0,2010.0,NE,30_35,,,,,,0.0,2.0,0.0,tour,2,0
2001-02-10,0.0,2000/01,GR,Celerina/Schlarigna,46.52348053,9.79315089,100.0,2840.0,N,,,,,,,0.0,1.0,0.0,transportation.corridor,2,0
2001-02-10,0.0,2000/01,GR,Vrin,46.59210968,9.09596938,0.0,2880.0,NW,35_40,,,,,,0.0,9.0,0.0,tour,2,0
2001-02-10,0.0,2000/01,VS,Visperterminen,46.24654449,7.93472305,0.0,2270.0,W,35_40,,,,,,0.0,1.0,0.0,offpiste,2,0
2001-02-11,0.0,2000/01,TI,Bedretto,46.50665212,8.47083526,0.0,2540.0,S,30_35,,,,,,3.0,3.0,3.0,tour,2,1
2001-02-11,0.0,2000/01,GR,Flims,46.90453805,9.26221867,0.0,2880.0,SW,35_40,,,,,,0.0,1.0,1.0,tour,2,0
2001-02-13,,2000/01,VS,Saas-Fee,46.08766135,7.9182828,0.0,2350.0,NW,35_40,,,,,,0.0,2.0,0.0,offpiste,2,0
2001-02-15,0.0,2000/01,GR,Davos,46.67633107,9.76726433,500.0,,,,,,,,,0.0,1.0,0.0,tour,2,0
2001-02-20,0.0,2000/01,TI,Prato-Sornico,46.3660604,8.71996063,0.0,2040.0,NW,0_30,,,,,,0.0,1.0,0.0,tour,2,0
2001-02-22,0.0,2000/01,GR,Fuldera,46.59994222,10.34544534,100.0,2300.0,NE,30_35,,,,,,2.0,7.0,3.0,tour,2,1
2001-02-23,0.0,2000/01,GR,Ardez,46.84999706,10.16702299,250.0,2850.0,S,,,,,,,0.0,10.0,2.0,tour,2,0
2001-02-23,0.0,2000/01,VS,Mühlebach,46.40469427,8.18806056,0.0,2220.0,NW,40_45,,,,,,1.0,2.0,0.0,offpiste,2,1
2001-02-24,0.0,2000/01,SZ,Oberiberg,47.01368815,8.76324348,0.0,1660.0,N,35_40,,,,,,1.0,2.0,1.0,offpiste,2,1
2001-02-24,0.0,2000/01,GR,Arosa,46.78681638,9.64168201,100.0,2420.0,E,,,,,,,0.0,1.0,0.0,offpiste,2,0
2001-02-25,0.0,2000/01,VS,Simplon,46.24769756,7.99619545,250.0,2350.0,NE,30_35,,,,,,0.0,2.0,0.0,tour,2,0
2001-02-25,0.0,2000/01,SG,Quarten,47.06743154,9.24563892,0.0,2000.0,NW,30_35,,,,,,0.0,1.0,1.0,offpiste,2,0
2001-02-25,0.0,2000/01,GR,Molinis,46.79527269,9.64648314,0.0,2360.0,NW,,,,,,,0.0,1.0,0.0,offpiste,2,0
2001-02-25,0.0,2000/01,GR,Klosters-Serneus,46.85848585,9.80637692,0.0,2170.0,NW,40_45,,,,,,0.0,1.0,1.0,offpiste,2,0
2001-02-27,0.0,2000/01,GR,Arosa,46.74835764,9.62937446,0.0,2380.0,N,35_40,,,,,,1.0,2.0,1.0,offpiste,2,1
2001-02-27,0.0,2000/01,NW,Emmetten,46.91859651,8.49482755,0.0,2140.0,N,35_40,,,,,,1.0,2.0,2.0,tour,2,1
2001-02-28,0.0,2000/01,BE,Kandersteg,46.42789086,7.59175815,0.0,2660.0,NE,40_45,,,,,,0.0,4.0,2.0,tour,2,0
2001-03-01,0.0,2000/01,GR,Lü,46.63487408,10.39071384,250.0,,,,,,,,,0.0,1.0,0.0,tour,3,0
2001-03-05,0.0,2000/01,GR,Celerina/Schlarigna,46.52652653,9.80032444,100.0,2780.0,S,,,,,,,0.0,2.0,0.0,transportation.corridor,3,0
2001-03-05,0.0,2000/01,GR,Splügen,46.52367318,9.35954275,0.0,2660.0,N,40_45,,,,,,1.0,3.0,2.0,tour,3,1
2001-03-13,0.0,2000/01,VS,Simplon,46.23080825,8.04424376,0.0,2500.0,SW,35_40,,,,,,1.0,1.0,1.0,tour,3,1
2001-03-14,0.0,2000/01,GR,Langwies,46.83204501,9.79682085,0.0,2730.0,E,35_40,,,,,,0.0,1.0,0.0,offpiste,3,0
2001-03-20,0.0,2000/01,GR,Poschiavo,46.36487163,9.98010538,0.0,2960.0,NE,35_40,,,,,,0.0,2.0,0.0,tour,3,0
2001-03-20,0.0,2000/01,GR,Poschiavo,46.40862068,10.0705054,0.0,2160.0,W,30_35,,,,,,0.0,1.0,0.0,tour,3,0
2001-03-21,0.0,2000/01,TI,Prato,46.45926899,8.71981996,0.0,2680.0,NE,40_45,,,,,,0.0,1.0,0.0,tour,3,0
2001-03-24,0.0,2000/01,UR,Andermatt,46.62453427,8.59419895,0.0,1900.0,N,40_45,,,,,,0.0,1.0,0.0,offpiste,3,0
2001-04-21,0.0,2000/01,SG,Quarten,47.08042073,9.26912698,500.0,1600.0,NW,,,,,,,0.0,1.0,0.0,offpiste,4,0
2001-04-22,0.0,2000/01,TI,Bedretto,46.52150714,8.47457211,0.0,2880.0,SE,35_40,,,,,,0.0,1.0,0.0,tour,4,0
2001-04-22,0.0,2000/01,VS,Vouvry,46.3420502,6.79373277,0.0,1900.0,N,30_35,,,,,,0.0,2.0,0.0,tour,4,0
2001-04-22,0.0,2000/01,GR,Celerina/Schlarigna,46.52761996,9.82123491,100.0,2700.0,SE,30_35,,,,,,0.0,1.0,0.0,offpiste,4,0
2001-04-27,0.0,2000/01,VS,Hérémence,46.07302559,7.3693209,0.0,2840.0,NE,30_35,,,,,,0.0,1.0,0.0,tour,4,0
2001-05-19,0.0,2000/01,GR,Pontresina,46.37903713,9.96243307,0.0,3800.0,N,,,,,,,2.0,2.0,1.0,tour,5,1
2001-05-24,0.0,2000/01,BE,Lauterbrunnen,46.56346184,7.97531951,0.0,2740.0,NW,,,,,,,1.0,2.0,1.0,tour,5,1
2001-06-23,0.0,2000/01,BE,Grindelwald,46.58293585,8.02143816,0.0,3340.0,S,,,,,,,2.0,2.0,1.0,tour,6,1
2001-07-31,0.0,2000/01,GL,Linthal,46.80878389,8.96242359,0.0,3180.0,N,30_35,,,,,,0.0,3.0,0.0,tour,7,0
2001-09-06,0.0,2000/01,GR,Stampa,46.30567332,9.71696546,0.0,3300.0,SW,35_40,,,,,,0.0,7.0,2.0,tour,9,0
2001-12-15,0.0,2001/02,BE,Adelboden,46.4256951,7.54531015,0.0,2400.0,N,,,,,,,0.0,3.0,0.0,tour,12,0
2001-12-24,0.0,2001/02,GR,Davos,46.81165631,9.91403388,0.0,2400.0,W,,,,,,,0.0,1.0,0.0,transportation.corridor,12,0
2001-12-27,0.0,2001/02,GR,Langwies,46.84907503,9.72489928,100.0,2350.0,E,35_40,,,,,,0.0,1.0,0.0,tour,12,0
2001-12-27,0.0,2001/02,VS,Binn,46.38161176,8.22894867,0.0,2210.0,S,,,,,,,0.0,2.0,0.0,tour,12,0
2001-12-28,0.0,2001/02,GR,Klosters-Serneus,46.83806167,9.80180584,0.0,2650.0,E,40_45,,,,,,0.0,1.0,0.0,offpiste,12,0
2001-12-28,0.0,2001/02,SG,Flums,47.06790059,9.25013196,100.0,2060.0,SE,30_35,,,,,,1.0,1.0,1.0,offpiste,12,1
2001-12-30,0.0,2001/02,SG,Quarten,47.06814409,9.24895504,500.0,,N,,,,,,,0.0,2.0,0.0,,12,0
2001-12-30,0.0,2001/02,VS,Bagnes,46.08738641,7.27056904,,2540.0,NW,,,,,,,0.0,1.0,0.0,offpiste,12,0
2001-12-30,0.0,2001/02,GR,Langwies,46.79763988,9.75416544,100.0,2440.0,NW,40_45,,,,,,0.0,2.0,2.0,tour,12,0
2001-12-30,0.0,2001/02,BE,Hasliberg,46.75859725,8.22138333,0.0,1920.0,SW,35_40,,,,,,0.0,2.0,0.0,offpiste,12,0
2001-12-30,0.0,2001/02,OW,Engelberg,46.79128242,8.41603518,0.0,2200.0,N,40_45,,,,,,0.0,5.0,0.0,tour,12,0
2001-12-30,0.0,2001/02,BE,Hasliberg,46.7622221,8.21750873,0.0,1940.0,SW,40_45,,,,,,0.0,1.0,0.0,offpiste,12,0
2001-12-30,0.0,2001/02,GR,Vaz/Obervaz,46.76246393,9.59747199,250.0,2500.0,W,,,,,,,0.0,1.0,0.0,offpiste,12,0
2001-12-31,0.0,2001/02,GR,Klosters-Serneus,46.85227127,9.81095698,0.0,2400.0,N,35_40,,,,,,0.0,1.0,1.0,offpiste,12,0
2001-12-31,0.0,2001/02,VD,Bex,46.26107384,7.16887002,100.0,2560.0,NW,,,,,,,0.0,6.0,0.0,tour,12,0
2001-12-31,0.0,2001/02,VS,Nendaz,46.10314876,7.28474581,0.0,2700.0,N,35_40,,,,,,1.0,4.0,1.0,offpiste,12,1
2002-01-01,0.0,2001/02,GR,Zuoz,46.6238349,9.88870333,0.0,2980.0,E,35_40,,,,,,0.0,2.0,1.0,tour,1,0
2002-01-01,0.0,2001/02,GR,Davos,46.74193733,9.81526346,0.0,2330.0,NE,35_40,,,,,,0.0,1.0,0.0,offpiste,1,0
2002-01-02,0.0,2001/02,UR,Sisikon,46.92607978,8.68144042,0.0,2150.0,N,,,,,,,0.0,2.0,1.0,tour,1,0
2002-01-02,0.0,2001/02,GR,Davos,46.77247139,9.8611466,,,,,,,,,,0.0,1.0,0.0,offpiste,1,0
2002-01-02,0.0,2001/02,GR,Davos,46.70459321,9.81505659,0.0,2520.0,W,,,,,,,0.0,1.0,1.0,tour,1,0
2002-01-02,0.0,2001/02,UR,Göschenen,46.67147531,8.53247016,0.0,2040.0,SW,35_40,,,,,,0.0,1.0,0.0,transportation.corridor,1,0
2002-01-02,0.0,2001/02,BE,Diemtigen,46.54647617,7.52807728,100.0,2360.0,N,35_40,,,,,,1.0,1.0,1.0,tour,1,1
2002-01-02,0.0,2001/02,GL,Obstalden,47.04859831,9.15667786,100.0,2120.0,NW,35_40,,,,,,0.0,3.0,1.0,tour,1,0
2002-01-03,0.0,2001/02,GR,Klosters-Serneus,46.90153644,9.98908202,100.0,2700.0,S,,,,,,,0.0,1.0,0.0,tour,1,0
2002-01-03,0.0,2001/02,GR,Klosters-Serneus,46.85533654,9.81502785,0.0,2400.0,W,45_90,,,,,,1.0,1.0,1.0,offpiste,1,1
2002-01-04,0.0,2001/02,GR,Vals,46.62484657,9.16357845,100.0,2020.0,SE,0_30,,,,,,0.0,2.0,0.0,tour,1,0
2002-01-04,0.0,2001/02,GR,Davos,46.77738283,9.91743638,0.0,2340.0,NE,30_35,,,,,,0.0,1.0,0.0,tour,1,0
2002-01-12,,2001/02,GR,Arosa,46.76469765,9.72537805,0.0,2540.0,NW,40_45,,,,,,0.0,1.0,0.0,tour,1,0
2002-01-13,0.0,2001/02,BE,Gsteig,46.38397378,7.30669835,0.0,2030.0,W,35_40,,,,,,0.0,1.0,0.0,tour,1,0
2002-01-13,,2001/02,GR,Davos,46.8367537,9.83007525,0.0,2240.0,E,35_40,,,,,,1.0,1.0,1.0,offpiste,1,1
2002-01-20,0.0,2001/02,GR,Tavetsch/Tujetsch,46.64252181,8.70071733,0.0,2080.0,NE,,,,,,,0.0,5.0,0.0,tour,1,0
2002-01-23,0.0,2001/02,GR,Tavetsch/Tujetsch,46.59708682,8.68040566,100.0,2520.0,E,,,,,,,0.0,1.0,0.0,tour,1,0
2002-01-27,0.0,2001/02,BE,Kandersteg,46.49207632,7.67047936,,2250.0,NW,30_35,,,,,,0.0,1.0,0.0,tour,1,0
2002-01-30,0.0,2001/02,UR,Gurtnellen,46.69606959,8.68686689,0.0,2910.0,N,40_45,,,,,,1.0,1.0,1.0,tour,1,1
2002-02-02,0.0,2001/02,GR,Tschiertschen,46.77362303,9.5926801,0.0,2500.0,NW,,,,,,,1.0,1.0,1.0,offpiste,2,1
2002-02-08,0.0,2001/02,UR,Andermatt,46.61668586,8.61387671,0.0,2360.0,NW,35_40,,,,,,0.0,1.0,0.0,offpiste,2,0
2002-02-12,0.0,2001/02,GR,Tschiertschen,46.76967241,9.59697506,0.0,2580.0,NW,,,,,,,0.0,1.0,0.0,offpiste,2,0
2002-02-13,,2001/02,BE,Lauterbrunnen,46.56133317,7.86144415,0.0,2450.0,E,35_40,,,,,,1.0,1.0,1.0,offpiste,2,1
2002-02-13,0.0,2001/02,GR,Bivio,46.43105212,9.6246204,100.0,2660.0,N,,,,,,,0.0,1.0,0.0,tour,2,0
2002-02-13,0.0,2001/02,GR,Tschiertschen,46.76296524,9.61844453,0.0,2590.0,NW,,,,,,,0.0,1.0,0.0,offpiste,2,0
2002-02-17,0.0,2001/02,VS,Saas-Fee,46.06379261,7.92117481,0.0,3243.0,NE,,,,,,,0.0,2.0,0.0,transportation.corridor,2,0
2002-02-21,0.0,2001/02,VD,Château-d’Œx,46.41112214,7.13359487,0.0,1740.0,NW,35_40,,,,,,0.0,1.0,0.0,tour,2,0
2002-02-22,0.0,2001/02,NW,Wolfenschiessen,46.78686587,8.40645972,0.0,2040.0,W,35_40,,,,,,0.0,6.0,3.0,offpiste,2,0
2002-02-23,0.0,2001/02,VS,Salvan,46.12659139,6.97546872,100.0,2460.0,SE,,,,,,,0.0,5.0,0.0,offpiste,2,0
2002-02-24,0.0,2001/02,VS,Bagnes,46.04192203,7.20004952,100.0,2200.0,N,35_40,,,,,,1.0,1.0,1.0,offpiste,2,1
2002-02-25,0.0,2001/02,VS,Evolène,46.02669899,7.46640225,0.0,2480.0,SE,40_45,,,,,,1.0,2.0,1.0,offpiste,2,1
2002-02-28,,2001/02,VS,Martisberg,46.39941506,8.08864406,0.0,2070.0,E,40_45,,,,,,1.0,1.0,1.0,offpiste,2,1
2002-03-01,0.0,2001/02,GR,Samedan,46.54058553,9.81450232,100.0,3000.0,NE,,,,,,,0.0,1.0,1.0,tour,3,0
2002-03-02,0.0,2001/02,VS,Nendaz,46.17294567,7.36612509,100.0,2280.0,W,,,,,,,0.0,1.0,1.0,offpiste,3,0
2002-03-05,0.0,2001/02,GR,Scuol,46.66797103,10.31805647,0.0,2750.0,SE,40_45,,,,,,3.0,5.0,4.0,tour,3,1
2002-03-05,0.0,2001/02,BE,Gsteig,46.3504625,7.24273452,0.0,1900.0,NE,40_45,,,,,,1.0,1.0,1.0,offpiste,3,1
2002-03-06,0.0,2001/02,VD,Château-d’Œx,46.38310724,7.15344536,100.0,2450.0,NE,45_90,,,,,,1.0,1.0,1.0,tour,3,1
2002-03-09,,2001/02,GR,Silvaplana,46.42392916,9.82188296,100.0,3000.0,NW,40_45,,,,,,0.0,1.0,1.0,offpiste,3,0
2002-03-20,0.0,2001/02,VS,Oberwald,46.590986,8.37816082,500.0,2500.0,NE,,,,,,,0.0,1.0,1.0,tour,3,0
2002-03-21,0.0,2001/02,GR,Bivio,46.46776828,9.59640759,100.0,2930.0,E,35_40,,,,,,0.0,5.0,0.0,tour,3,0
2002-03-29,,2001/02,UR,Spiringen,46.85703748,8.89808124,0.0,2640.0,N,40_45,,,,,,0.0,3.0,2.0,tour,3,0
2002-04-08,,2001/02,BE,Innertkirchen,46.62794678,8.18554035,100.0,3140.0,E,35_40,,,,,,0.0,3.0,0.0,tour,4,0
2002-04-09,,2001/02,VS,Fieschertal,46.54861581,8.06396639,100.0,3820.0,SW,,,,,,,0.0,4.0,0.0,tour,4,0
2002-04-21,,2001/02,GR,Pontresina,46.3914591,9.97445751,100.0,3280.0,NW,45_90,,,,,,0.0,4.0,1.0,tour,4,0
2002-04-21,0.0,2001/02,UR,Wassen,46.7329778,8.44814687,100.0,2400.0,NE,,,,,,,0.0,3.0,0.0,tour,4,0
2002-04-21,,2001/02,BE,Kandersteg,46.4705262,7.7313195,100.0,3450.0,NW,35_40,,,,,,1.0,1.0,1.0,tour,4,1
2002-04-27,0.0,2001/02,VS,Bourg-Saint-Pierre,45.89394495,7.24526773,0.0,3600.0,SW,40_45,,,,,,2.0,2.0,0.0,tour,4,1
2002-04-28,,2001/02,GR,S-chanf,46.68528251,9.90640322,100.0,3050.0,E,35_40,,,,,,0.0,6.0,0.0,tour,4,0
2002-04-28,0.0,2001/02,VS,Ulrichen,46.44945106,8.32520915,100.0,3020.0,N,,,,,,,1.0,1.0,1.0,tour,4,1
2002-04-28,,2001/02,GR,Davos,46.69399616,9.95245156,0.0,3050.0,N,40_45,,,,,,1.0,1.0,1.0,tour,4,1
2002-08-13,0.0,2001/02,BE,Lauterbrunnen,46.57643339,7.9904504,250.0,2900.0,W,45_90,,,,,,1.0,2.0,0.0,tour,8,1
2002-08-27,0.0,2001/02,VS,Zermatt,45.94028477,7.74679488,250.0,4100.0,SW,,,,,,,0.0,3.0,0.0,tour,8,0
2002-11-03,0.0,2002/03,VS,Fieschertal,46.54784545,7.98657344,0.0,3480.0,SE,,,,,,,1.0,2.0,1.0,tour,11,1
2002-12-18,0.0,2002/03,VS,Bagnes,46.08294701,7.31582819,,2800.0,NW,,,,,,,0.0,1.0,0.0,,12,0
2002-12-18,0.0,2002/03,UR,Andermatt,46.61533668,8.61384738,0.0,2380.0,NW,35_40,,,,,,0.0,1.0,0.0,offpiste,12,0
2002-12-20,0.0,2002/03,VS,Randogne,46.34998946,7.4921592,0.0,2410.0,E,35_40,,,,,,0.0,1.0,0.0,offpiste,12,0
2002-12-20,0.0,2002/03,VS,Simplon,46.25073675,8.00011679,100.0,2300.0,SE,,,,,,,0.0,1.0,0.0,tour,12,0
2002-12-23,0.0,2002/03,GR,Laax,46.87196912,9.22496803,0.0,2380.0,SE,40_45,,,,,,0.0,2.0,1.0,offpiste,12,0
2002-12-23,0.0,2002/03,GR,Falera,46.83944333,9.20172877,0.0,2330.0,NE,35_40,,,,,,0.0,2.0,0.0,transportation.corridor,12,0
2002-12-23,0.0,2002/03,GR,Avers,46.4340942,9.56877565,0.0,2750.0,NE,30_35,,,,,,0.0,2.0,0.0,tour,12,0
2002-12-24,0.0,2002/03,VS,Bagnes,46.08294701,7.31582819,,2900.0,NW,30_35,,,,,,0.0,1.0,0.0,,12,0
2002-12-26,0.0,2002/03,OW,Engelberg,46.81502776,8.47772715,,2600.0,N,,,,,,,0.0,1.0,0.0,tour,12,0
2002-12-26,0.0,2002/03,GR,Davos,46.79511715,9.95835368,0.0,2980.0,SW,35_40,,,,,,0.0,1.0,0.0,tour,12,0
2002-12-27,0.0,2002/03,GR,Samedan,46.46737068,9.87823847,0.0,2220.0,E,,,,,,,0.0,2.0,1.0,,12,0
2002-12-27,0.0,2002/03,VS,Evolène,46.07334309,7.45072209,0.0,3320.0,SE,30_35,,,,,,0.0,3.0,1.0,tour,12,0
2002-12-28,0.0,2002/03,GR,Klosters-Serneus,46.81035423,9.92839323,100.0,2590.0,N,35_40,,,,,,0.0,1.0,0.0,tour,12,0
2002-12-28,0.0,2002/03,VS,Saas-Grund,46.1414634,7.99498048,0.0,3130.0,W,35_40,,,,,,0.0,2.0,0.0,tour,12,0
2002-12-28,0.0,2002/03,GR,Davos,46.68864763,9.86705984,0.0,2770.0,N,,,,,,,0.0,3.0,2.0,tour,12,0
2002-12-29,0.0,2002/03,TI,Bedretto,46.49961598,8.4679654,0.0,2220.0,S,30_35,,,,,,0.0,3.0,0.0,tour,12,0
2002-12-29,0.0,2002/03,GR,Davos,46.72205532,9.87674406,0.0,2730.0,N,35_40,,,,,,0.0,1.0,0.0,tour,12,0
2002-12-29,0.0,2002/03,GR,Zuoz,46.61459459,9.89984285,0.0,2670.0,SW,,,,,,,0.0,1.0,0.0,tour,12,0
2002-12-29,0.0,2002/03,GR,Tschierv,46.63589954,10.2506783,250.0,2420.0,NE,,,,,,,0.0,1.0,0.0,tour,12,0
2002-12-29,0.0,2002/03,GR,Davos,46.80523462,9.90718496,100.0,2200.0,SW,,,,,,,0.0,1.0,1.0,offpiste,12,0
2002-12-30,0.0,2002/03,GR,Bever,46.52543871,9.70796499,0.0,3120.0,NE,,,,,,,0.0,4.0,0.0,tour,12,0
2002-12-30,0.0,2002/03,GR,Davos,46.73289147,9.81748236,0.0,2580.0,NW,35_40,,,,,,0.0,1.0,0.0,offpiste,12,0
2002-12-30,0.0,2002/03,VS,Saas-Grund,46.15006197,7.98419565,0.0,3000.0,W,30_35,,,,,,0.0,2.0,0.0,tour,12,0
2002-12-30,0.0,2002/03,GR,Disentis/Mustér,46.7018085,8.78350933,0.0,2340.0,NE,40_45,,,,,,0.0,1.0,1.0,offpiste,12,0
2002-12-31,0.0,2002/03,VS,Fieschertal,46.54742068,7.98135376,0.0,3450.0,S,35_40,,,,,,0.0,1.0,1.0,tour,12,0
2003-01-01,0.0,2002/03,VS,Nendaz,46.15449675,7.35449981,0.0,2450.0,NW,,,,,,,0.0,2.0,0.0,offpiste,1,0
2003-01-02,0.0,2002/03,GR,Poschiavo,46.4270999,10.14013018,0.0,2820.0,SE,30_35,,,,,,0.0,1.0,0.0,tour,1,0
2003-01-03,0.0,2002/03,TI,Dalpe,46.45697223,8.71605554,0.0,2550.0,SE,45_90,,,,,,0.0,2.0,1.0,tour,1,0
2003-01-03,0.0,2002/03,GR,Falera,46.83240902,9.19107554,0.0,2280.0,N,30_35,,,,,,0.0,1.0,1.0,offpiste,1,0
2003-01-06,0.0,2002/03,GR,Davos,46.8356202,9.83048385,0.0,2245.0,E,30_35,,,,,,1.0,1.0,1.0,offpiste,1,1
2003-01-06,0.0,2002/03,VS,Bourg-Saint-Pierre,45.94533968,7.23760732,0.0,2750.0,SW,30_35,,,,,,3.0,3.0,3.0,tour,1,1
2003-01-08,0.0,2002/03,GR,Langwies,46.83670165,9.7804356,0.0,2640.0,SW,35_40,,,,,,0.0,1.0,0.0,tour,1,0
2003-01-10,0.0,2002/03,GR,Lantsch/Lenz,46.74162108,9.60514569,0.0,2810.0,S,,,,,,,1.0,1.0,1.0,offpiste,1,1
2003-01-10,0.0,2002/03,GR,Davos,46.73460157,9.83038549,0.0,2160.0,NE,,,,,,,0.0,1.0,0.0,offpiste,1,0
2003-01-12,0.0,2002/03,GL,Schwanden,46.93262939,9.11987029,0.0,2350.0,SW,30_35,,,,,,0.0,5.0,2.0,tour,1,0
2003-01-14,0.0,2002/03,VS,Trient,46.03543963,7.01453746,0.0,2100.0,SW,,,,,,,0.0,2.0,0.0,,1,0
2003-01-15,0.0,2002/03,UR,Attinghausen,46.84492486,8.55107254,0.0,2500.0,SE,40_45,,,,,,0.0,2.0,0.0,tour,1,0
2003-01-15,0.0,2002/03,GR,Celerina/Schlarigna,46.53116491,9.81741381,0.0,2900.0,S,35_40,,,,,,0.0,1.0,0.0,offpiste,1,0
2003-01-17,0.0,2002/03,GR,Tavetsch/Tujetsch,46.63086181,8.66616285,0.0,2425.0,NE,35_40,,,,,,0.0,1.0,0.0,tour,1,0
2003-01-18,0.0,2002/03,GR,Davos,46.78799933,9.76357744,500.0,2580.0,S,40_45,,,,,,0.0,6.0,0.0,tour,1,0
2003-01-18,0.0,2002/03,VS,Oberwald,46.54606628,8.42406008,0.0,3005.0,S,,,,,,,0.0,1.0,0.0,tour,1,0
2003-01-19,0.0,2002/03,UR,Realp,46.5623301,8.43661639,0.0,2730.0,SE,30_35,,,,,,0.0,3.0,0.0,tour,1,0
2003-01-23,0.0,2002/03,VS,Ayent,46.31297426,7.38898134,0.0,2350.0,SE,35_40,,,,,,0.0,1.0,0.0,offpiste,1,0
2003-01-25,0.0,2002/03,GR,Zuoz,46.62468116,9.93877384,0.0,2800.0,S,35_40,,,,,,0.0,1.0,0.0,tour,1,0
2003-01-25,0.0,2002/03,NW,Wolfenschiessen,46.78900793,8.41900637,0.0,2420.0,SW,35_40,,,,,,0.0,2.0,0.0,offpiste,1,0
2003-01-25,0.0,2002/03,GR,Pontresina,46.40179636,9.938579,0.0,2750.0,NW,30_35,,,,,,0.0,2.0,0.0,tour,1,0
2003-01-26,0.0,2002/03,VS,Ayent,46.3236389,7.40163147,0.0,2260.0,S,30_35,,,,,,0.0,1.0,0.0,offpiste,1,0
2003-02-01,0.0,2002/03,BE,Grindelwald,46.58278026,7.98007755,250.0,2100.0,N,,,,,,,0.0,2.0,0.0,offpiste,2,0
2003-02-04,0.0,2002/03,VS,Zermatt,45.97503699,7.73563684,100.0,2850.0,NW,30_35,,,,,,0.0,2.0,0.0,offpiste,2,0
2003-02-04,0.0,2002/03,VS,Zermatt,45.97750356,7.72094144,0.0,2780.0,NE,30_35,,,,,,0.0,1.0,1.0,offpiste,2,0
2003-02-04,0.0,2002/03,VS,Zermatt,45.97052561,7.74077269,100.0,2340.0,N,,,,,,,0.0,1.0,0.0,offpiste,2,0
2003-02-04,0.0,2002/03,GR,Davos,46.78295061,9.84864773,0.0,2380.0,NE,40_45,,,,,,1.0,1.0,1.0,offpiste,2,1
2003-02-05,0.0,2002/03,VS,Orsières,46.02561538,7.10216955,0.0,1950.0,NE,,,,,,,4.0,5.0,4.0,offpiste,2,1
2003-02-07,0.0,2002/03,GR,Davos,46.82283651,9.82853892,100.0,2290.0,SE,35_40,,,,,,0.0,3.0,0.0,offpiste,2,0
2003-02-08,0.0,2002/03,SG,Grabs,47.15838291,9.33029552,0.0,2150.0,W,,,,,,,0.0,1.0,0.0,transportation.corridor,2,0
2003-02-08,0.0,2002/03,VS,Simplon,46.23813165,8.00232044,0.0,2100.0,SE,30_35,,,,,,1.0,4.0,2.0,tour,2,1
2003-02-09,0.0,2002/03,GR,Samedan,46.52779581,9.93462195,0.0,2960.0,SW,35_40,,,,,,1.0,1.0,1.0,tour,2,1
2003-02-09,0.0,2002/03,GR,Davos,46.79084401,9.92749086,0.0,2280.0,S,35_40,,,,,,0.0,4.0,0.0,offpiste,2,0
2003-02-09,0.0,2002/03,GR,Klosters-Serneus,46.92209935,9.86710791,100.0,2460.0,W,,,,,,,0.0,6.0,1.0,offpiste,2,0
2003-02-09,0.0,2002/03,UR,Hospental,46.60757543,8.55363026,0.0,1900.0,N,,,,,,,0.0,1.0,0.0,transportation.corridor,2,0
2003-02-10,0.0,2002/03,UR,Andermatt,46.62353518,8.61271983,0.0,1980.0,NE,45_90,,,,,,1.0,1.0,1.0,offpiste,2,1
2003-02-11,0.0,2002/03,VS,Bagnes,45.87745559,7.18582547,0.0,2330.0,W,35_40,,,,,,0.0,1.0,0.0,tour,2,0
2003-02-11,0.0,2002/03,VS,Grimentz,46.15092845,7.58230869,0.0,2680.0,W,,,,,,,1.0,1.0,0.0,offpiste,2,1
2003-02-15,0.0,2002/03,SG,Grabs,47.13298677,9.39617914,0.0,2160.0,W,30_35,,,,,,0.0,1.0,0.0,tour,2,0
2003-02-16,0.0,2002/03,SZ,Morschach,46.9716925,8.64766764,,1700.0,,,,,,,,0.0,1.0,0.0,,2,0
2003-02-24,0.0,2002/03,GR,Juf,46.43363238,9.56940827,0.0,2730.0,E,35_40,,,,,,1.0,2.0,1.0,tour,2,1
2003-02-25,0.0,2002/03,OW,Kerns,46.78728904,8.29723798,100.0,1800.0,W,35_40,,,,,,0.0,1.0,0.0,offpiste,2,0
2003-02-26,0.0,2002/03,GR,Vrin,46.59731646,9.08438128,0.0,2430.0,SW,35_40,,,,,,0.0,1.0,1.0,tour,2,0
2003-02-27,0.0,2002/03,GR,Bever,46.54109682,9.69897083,100.0,3180.0,NE,,,,,,,0.0,1.0,0.0,tour,2,0
2003-02-27,0.0,2002/03,GR,Bergün/Bravuogn,46.66971665,9.87274475,0.0,2850.0,SE,30_35,,,,,,0.0,1.0,0.0,tour,2,0
2003-03-03,0.0,2002/03,GR,Bivio,46.4337422,9.67132554,0.0,2350.0,NW,35_40,,,,,,0.0,1.0,0.0,tour,3,0
2003-03-04,0.0,2002/03,GR,Sur,46.50976522,9.67237586,0.0,2320.0,NW,35_40,,,,,,0.0,1.0,0.0,tour,3,0
2003-03-04,0.0,2002/03,VS,Evolène,46.12412309,7.44452356,0.0,2400.0,NW,35_40,,,,,,0.0,1.0,0.0,offpiste,3,0
2003-03-11,0.0,2002/03,GR,S-chanf,46.66444583,9.90440444,0.0,2340.0,N,30_35,,,,,,0.0,2.0,0.0,tour,3,0
2003-03-12,0.0,2002/03,GR,Madulain,46.60957426,9.91966048,0.0,2700.0,SW,30_35,,,,,,0.0,1.0,0.0,tour,3,0
2003-03-16,0.0,2002/03,VS,Orsières,45.961257,7.02265775,0.0,3650.0,E,45_90,,,,,,0.0,1.0,0.0,tour,3,0
2003-03-26,0.0,2002/03,GR,Bergün/Bravuogn,46.61647606,9.81770995,0.0,2770.0,SE,30_35,,,,,,0.0,1.0,0.0,tour,3,0
2003-03-29,0.0,2002/03,GR,Flims,46.85749144,9.24105373,0.0,1940.0,E,,,,,,,0.0,2.0,0.0,offpiste,3,0
2003-03-29,0.0,2002/03,VS,Bagnes,45.89202575,7.18485653,100.0,2290.0,W,,,,,,,0.0,1.0,0.0,,3,0
2003-04-13,0.0,2002/03,GR,Davos,46.76426767,9.96758473,0.0,2930.0,N,40_45,,,,,,0.0,1.0,0.0,tour,4,0
2003-04-13,0.0,2002/03,GR,Bivio,46.43077233,9.62512972,250.0,2700.0,NW,,,,,,,0.0,2.0,0.0,offpiste,4,0
2003-04-15,0.0,2002/03,VS,Bagnes,45.9929929,7.31603006,0.0,2990.0,NE,35_40,,,,,,1.0,1.0,0.0,tour,4,1
2003-04-19,0.0,2002/03,VS,Ayer,46.14431022,7.58733857,0.0,2760.0,E,,,,,,,1.0,1.0,1.0,offpiste,4,1
2003-04-20,0.0,2002/03,VS,Zermatt,45.99447274,7.75019754,0.0,2540.0,NW,35_40,,,,,,0.0,1.0,0.0,offpiste,4,0
2003-05-23,0.0,2002/03,GR,Davos,46.6954534,9.90843829,0.0,2750.0,SE,35_40,,,,,,0.0,1.0,0.0,tour,5,0
2003-10-31,0.0,2003/04,VS,Bourg-Saint-Pierre,45.88100296,7.20390512,0.0,2700.0,W,30_35,,,,,,0.0,1.0,0.0,tour,10,0
2003-11-02,0.0,2003/04,OW,Engelberg,46.78402763,8.42277922,0.0,2600.0,NE,40_45,,,,,,0.0,1.0,0.0,offpiste,11,0
2003-11-29,0.0,2003/04,VS,Bourg-Saint-Pierre,45.86363183,7.19902231,0.0,2840.0,W,35_40,,,,,,0.0,1.0,0.0,tour,11,0
2003-12-16,0.0,2003/04,VS,Randogne,46.34953956,7.49241857,250.0,2400.0,E,,,,,,,0.0,1.0,0.0,offpiste,12,0
2003-12-17,0.0,2003/04,GR,Langwies,46.83931641,9.79333633,0.0,2660.0,NW,35_40,,,,,,0.0,1.0,1.0,offpiste,12,0
2003-12-18,0.0,2003/04,VS,Bagnes,46.09666191,7.27752299,100.0,2900.0,W,30_35,,,,,,0.0,1.0,0.0,offpiste,12,0
2003-12-19,0.0,2003/04,GR,Tschierv,46.63229674,10.25441067,0.0,2385.0,E,35_40,,,,,,1.0,2.0,2.0,tour,12,1
2003-12-23,0.0,2003/04,VS,Bagnes,46.09593553,7.2728702,0.0,2650.0,W,30_35,,,,,,0.0,1.0,1.0,offpiste,12,0
2003-12-29,0.0,2003/04,OW,Wolfenschiessen,46.78608204,8.39269395,0.0,1930.0,NW,35_40,,,,,,0.0,2.0,0.0,offpiste,12,0
2003-12-29,0.0,2003/04,GR,Davos,46.73261821,9.80422434,0.0,2260.0,NW,35_40,,,,,,1.0,11.0,2.0,offpiste,12,1
2003-12-29,0.0,2003/04,VS,Ried-Brig,46.2677864,8.0014082,0.0,1990.0,NE,35_40,,,,,,0.0,6.0,3.0,tour,12,0
2003-12-29,0.0,2003/04,TI,Airolo,46.50933035,8.59890812,0.0,1950.0,N,35_40,,,,,,0.0,2.0,1.0,offpiste,12,0
2003-12-30,0.0,2003/04,GR,Samedan,46.5195648,9.90973109,0.0,2430.0,S,35_40,,,,,,0.0,1.0,0.0,tour,12,0
2003-12-30,0.0,2003/04,BE,Adelboden,46.44354312,7.59186739,0.0,2540.0,W,,,,,,,0.0,1.0,0.0,tour,12,0
2003-12-30,0.0,2003/04,UR,Andermatt,46.61002049,8.60589903,0.0,2510.0,NW,30_35,,,,,,0.0,1.0,0.0,offpiste,12,0
2003-12-30,0.0,2003/04,BE,Adelboden,46.44553449,7.5824381,0.0,2300.0,SW,30_35,,,,,,2.0,3.0,2.0,tour,12,1
2004-01-01,0.0,2003/04,GR,Pontresina,46.43416171,10.01655018,0.0,2700.0,SW,,,,,,,0.0,1.0,0.0,offpiste,1,0
2004-01-02,1.0,2003/04,GR,Davos,46.7081216,9.81848283,500.0,2650.0,W,,,,,,,0.0,1.0,0.0,tour,1,0
2004-01-03,0.0,2003/04,GR,Tschierv,46.66467394,10.30781255,0.0,2850.0,S,40_45,,,,,,0.0,1.0,0.0,tour,1,0
2004-01-04,0.0,2003/04,VS,Gampel,46.36109409,7.71318882,0.0,2730.0,SE,40_45,,,,,,1.0,1.0,1.0,tour,1,1
2004-01-04,0.0,2003/04,GR,Flims,46.91295681,9.24766704,100.0,2850.0,E,40_45,,,,,,0.0,2.0,0.0,tour,1,0
2004-01-04,0.0,2003/04,GR,Nufenen,46.56228618,9.24637593,0.0,2400.0,S,30_35,,,,,,0.0,1.0,0.0,tour,1,0
2004-01-05,0.0,2003/04,GR,Celerina/Schlarigna,46.52830102,9.82309043,0.0,2730.0,S,30_35,,,,,,0.0,1.0,0.0,offpiste,1,0
2004-01-05,0.0,2003/04,GR,Celerina/Schlarigna,46.51992286,9.81704995,0.0,2490.0,SE,35_40,,,,,,0.0,1.0,0.0,offpiste,1,0
2004-01-09,0.0,2003/04,BE,Boltigen,46.55682501,7.30692914,0.0,2000.0,E,35_40,,,,,,0.0,2.0,0.0,tour,1,0
2004-01-13,0.0,2003/04,GR,Vrin,46.66291765,9.09925346,0.0,1550.0,SE,35_40,,,,,,0.0,1.0,0.0,transportation.corridor,1,0
2004-01-14,0.0,2003/04,GR,Arosa,46.78931895,9.6425705,0.0,2500.0,E,35_40,,,,,,0.0,1.0,0.0,offpiste,1,0
2004-01-14,0.0,2003/04,VS,Nendaz,46.15764223,7.35061147,0.0,2280.0,NW,,,,,,,0.0,1.0,0.0,offpiste,1,0
2004-01-15,0.0,2003/04,GR,Tschierv,46.63203835,10.25393985,0.0,2400.0,E,40_45,,,,,,1.0,3.0,2.0,tour,1,1
2004-01-17,0.0,2003/04,VS,Bagnes,46.10536651,7.26340078,0.0,2650.0,SW,,,,,,,1.0,4.0,4.0,offpiste,1,1
2004-01-21,0.0,2003/04,VS,Champéry,46.17750588,6.8079816,0.0,2100.0,SE,40_45,,,,,,0.0,1.0,0.0,offpiste,1,0
2004-01-21,0.0,2003/04,VS,Wiler,46.41670402,7.77395184,0.0,2180.0,SE,30_35,,,,,,0.0,2.0,0.0,offpiste,1,0
2004-01-22,0.0,2003/04,VS,Grimentz,46.1503854,7.58489591,0.0,2840.0,SW,45_90,,,,,,0.0,2.0,0.0,offpiste,1,0
2004-01-23,0.0,2003/04,VS,Bagnes,46.09638701,7.27403257,500.0,2700.0,W,35_40,,,,,,0.0,1.0,1.0,offpiste,1,0
2004-01-24,0.0,2003/04,GR,Lantsch/Lenz,46.74239927,9.59732283,0.0,2850.0,S,40_45,,,,,,0.0,1.0,0.0,offpiste,1,0
2004-01-25,0.0,2003/04,VS,Bagnes,46.07628016,7.30679518,0.0,2950.0,SW,35_40,,,,,,1.0,1.0,1.0,offpiste,1,1
2004-01-30,0.0,2003/04,GR,Celerina/Schlarigna,46.52686786,9.82276648,100.0,2630.0,S,35_40,,,,,,0.0,1.0,0.0,offpiste,1,0
2004-02-02,0.0,2003/04,VS,Nendaz,46.08565116,7.32099328,,3000.0,N,35_40,,,,,,0.0,1.0,0.0,offpiste,2,0
2004-02-03,0.0,2003/04,GR,Samedan,46.5188342,9.89985436,250.0,2250.0,S,40_45,,,,,,0.0,1.0,0.0,offpiste,2,0
2004-02-06,0.0,2003/04,SZ,Unteriberg,47.06857133,8.87144938,0.0,1160.0,N,40_45,,,,,,0.0,1.0,0.0,tour,2,0
2004-02-09,0.0,2003/04,GR,Davos,46.82233592,9.83310548,0.0,2080.0,SE,40_45,,,,,,0.0,1.0,0.0,offpiste,2,0
2004-02-15,0.0,2003/04,GR,Davos,46.7324756,9.83519951,0.0,2120.0,NE,45_90,,,,,,1.0,1.0,0.0,offpiste,2,1
2004-02-21,0.0,2003/04,VS,Liddes,45.96802229,7.17869923,0.0,2160.0,NW,30_35,,,,,,1.0,2.0,1.0,tour,2,1
2004-02-21,0.0,2003/04,GR,Davos,46.70599202,9.85554328,0.0,2130.0,W,30_35,,,,,,0.0,1.0,0.0,tour,2,0
2004-02-21,0.0,2003/04,SZ,Muotathal,46.90126539,8.87250431,0.0,2300.0,N,45_90,,,,,,0.0,1.0,0.0,tour,2,0
2004-02-21,0.0,2003/04,GR,Klosters-Serneus,46.89626705,9.91346818,100.0,2300.0,N,30_35,,,,,,0.0,1.0,0.0,tour,2,0
2004-02-22,0.0,2003/04,GR,Scuol,46.6882482,10.38055552,250.0,2500.0,NE,30_35,,,,,,0.0,1.0,0.0,tour,2,0
2004-03-02,0.0,2003/04,BE,Gsteig,46.41425848,7.21304526,0.0,2180.0,S,30_35,,,,,,0.0,2.0,0.0,tour,3,0
2004-03-13,0.0,2003/04,UR,Gurtnellen,46.6991223,8.65411579,0.0,1830.0,NE,30_35,,,,,,0.0,1.0,1.0,tour,3,0
2004-03-16,0.0,2003/04,GR,Silvaplana,46.42873356,9.83732232,0.0,2720.0,NW,35_40,,,,,,0.0,1.0,0.0,offpiste,3,0
2004-03-17,0.0,2003/04,GR,Davos,46.71633368,9.81956502,0.0,2670.0,SW,30_35,,,,,,0.0,1.0,0.0,tour,3,0
2004-03-20,0.0,2003/04,VS,Münster-Geschinen,46.49987082,8.23458154,0.0,2380.0,NE,35_40,,,,,,0.0,2.0,0.0,tour,3,0
2004-03-24,0.0,2003/04,BE,Rüschegg,46.71297391,7.43497535,100.0,1700.0,NE,30_35,,,,,,0.0,2.0,0.0,tour,3,0
2004-03-25,0.0,2003/04,GR,Celerina/Schlarigna,46.521465,9.81861708,0.0,2590.0,SE,40_45,,,,,,0.0,1.0,0.0,offpiste,3,0
2004-03-25,0.0,2003/04,GR,Vaz/Obervaz,46.74992003,9.51697813,0.0,2360.0,SE,35_40,,,,,,0.0,3.0,1.0,offpiste,3,0
2004-03-27,0.0,2003/04,BE,Adelboden,46.43374311,7.58793646,0.0,2430.0,NW,,,,,,,0.0,2.0,0.0,tour,3,0
2004-03-28,0.0,2003/04,GR,Flims,46.90987144,9.24362432,100.0,3000.0,SE,,,,,,,0.0,4.0,0.0,tour,3,0
2004-03-29,0.0,2003/04,GR,Pontresina,46.38433898,9.94252135,100.0,3480.0,NW,,,,,,,0.0,2.0,0.0,tour,3,0
2004-03-30,0.0,2003/04,VS,Zermatt,45.99422092,7.84350957,0.0,3060.0,NW,30_35,,,,,,0.0,5.0,1.0,offpiste,3,0
2004-03-30,0.0,2003/04,OW,Engelberg,46.77044862,8.45303833,0.0,2580.0,N,30_35,,,,,,0.0,2.0,0.0,tour,3,0
2004-04-03,0.0,2003/04,BE,Gadmen,46.76717266,8.42129325,0.0,2630.0,SW,40_45,,,,,,0.0,4.0,1.0,tour,4,0
2004-04-09,0.0,2003/04,SZ,Oberiberg,47.00119446,8.82322947,0.0,2190.0,NE,30_35,,,,,,0.0,1.0,0.0,tour,4,0
2004-04-11,0.0,2003/04,VS,Hérémence,46.12079313,7.41858608,100.0,2500.0,NW,30_35,,,,,,0.0,1.0,1.0,tour,4,0
2004-04-12,0.0,2003/04,VS,Bagnes,45.99679678,7.23961248,0.0,3060.0,NE,30_35,,,,,,0.0,2.0,0.0,tour,4,0
2004-04-12,0.0,2003/04,BE,Lenk,46.42071364,7.53274793,0.0,2380.0,W,35_40,,,,,,0.0,6.0,0.0,tour,4,0
2004-04-12,0.0,2003/04,BE,Lenk,46.41977159,7.52968953,0.0,2300.0,NW,30_35,,,,,,0.0,4.0,0.0,tour,4,0
2004-04-15,0.0,2003/04,VS,Saas-Almagell,46.06006195,7.93509772,500.0,3000.0,,45_90,,,,,,0.0,6.0,0.0,tour,4,0
2004-04-16,0.0,2003/04,BE,Adelboden,46.42096315,7.55473149,0.0,2680.0,NE,35_40,,,,,,0.0,1.0,0.0,tour,4,0
2004-04-17,0.0,2003/04,GR,Sent,46.85333167,10.29577494,0.0,2720.0,N,35_40,,,,,,0.0,2.0,0.0,tour,4,0
2004-04-18,0.0,2003/04,VS,Bagnes,45.9628856,7.34421713,100.0,2550.0,E,,,,,,,0.0,7.0,0.0,tour,4,0
2004-04-19,0.0,2003/04,VS,Orsières,46.00763173,7.03586027,0.0,2890.0,NE,,,,,,,0.0,3.0,0.0,tour,4,0
2004-04-19,0.0,2003/04,BE,Guttannen,46.58361211,8.30992373,500.0,2300.0,NE,,,,,,,0.0,9.0,2.0,tour,4,0
2004-04-24,0.0,2003/04,GR,Zuoz,46.58203219,9.99292926,0.0,2285.0,NW,30_35,,,,,,0.0,1.0,0.0,tour,4,0
2004-05-08,0.0,2003/04,OW,Engelberg,46.78121442,8.42560891,100.0,2700.0,N,30_35,,,,,,0.0,1.0,0.0,offpiste,5,0
2004-05-09,0.0,2003/04,VD,Grandvillard,46.52790356,7.14017084,0.0,1840.0,N,,,,,,,0.0,2.0,0.0,tour,5,0
2004-05-15,0.0,2003/04,GR,Davos,46.74290295,9.94262325,0.0,2760.0,NE,35_40,,,,,,0.0,1.0,0.0,tour,5,0
2004-05-16,0.0,2003/04,VS,Ulrichen,46.44885061,8.3272167,0.0,3060.0,SE,40_45,,,,,,0.0,2.0,0.0,tour,5,0
2004-06-05,0.0,2003/04,TI,Airolo,46.56569926,8.54415851,0.0,2160.0,SE,,,,,,,1.0,2.0,0.0,tour,6,1
2004-12-22,0.0,2004/05,SZ,Oberiberg,47.00179862,8.82534915,0.0,2120.0,N,35_40,3.0,,,,True,1.0,2.0,1.0,tour,12,1
2004-12-26,0.0,2004/05,GR,Sent,46.88341437,10.2587777,0.0,2610.0,NE,35_40,2.0,,,,True,1.0,1.0,1.0,tour,12,1
2004-12-27,0.0,2004/05,VS,Riddes,46.10561442,7.27891917,0.0,2700.0,N,45_90,3.0,,,,True,1.0,1.0,1.0,offpiste,12,1
2004-12-30,0.0,2004/05,GR,Pontresina,46.41906426,9.97158453,0.0,2620.0,NE,35_40,3.0,,,,True,0.0,2.0,0.0,tour,12,0
2004-12-30,0.0,2004/05,VD,Ormont-Dessus,46.37727276,7.15854496,0.0,2200.0,SW,35_40,3.0,,,,True,0.0,1.0,1.0,tour,12,0
2004-12-30,0.0,2004/05,GR,Langwies,46.83117461,9.79756947,0.0,2690.0,E,35_40,3.0,,,,True,0.0,1.0,0.0,offpiste,12,0
2004-12-30,0.0,2004/05,VS,Bagnes,45.98046373,7.46186273,0.0,3220.0,SE,,3.0,,,,True,1.0,2.0,1.0,tour,12,1
2004-12-31,0.0,2004/05,GR,Mesocco,46.46777443,9.146794,0.0,2595.0,E,30_35,3.0,,,,True,0.0,1.0,0.0,tour,12,0
2005-01-04,0.0,2004/05,VS,Leytron,46.20402146,7.12613829,0.0,2280.0,NE,,3.0,,,,True,0.0,1.0,0.0,offpiste,1,0
2005-01-07,0.0,2004/05,GR,Davos,46.77169714,9.85096033,0.0,2510.0,NE,35_40,3.0,,,,True,0.0,1.0,0.0,offpiste,1,0
2005-01-08,0.0,2004/05,GR,Schiers,47.00273373,9.81129854,0.0,2380.0,NE,35_40,3.0,,,,True,0.0,1.0,0.0,tour,1,0
2005-01-08,0.0,2004/05,GL,Engi,46.99270282,9.19381131,100.0,2240.0,NW,35_40,2.0,,,,True,0.0,1.0,0.0,tour,1,0
2005-01-22,0.0,2004/05,GR,Davos,46.80406599,9.91958285,0.0,2365.0,SW,30_35,4.0,,,,True,0.0,3.0,0.0,offpiste,1,0
2005-01-22,0.0,2004/05,GR,Davos,46.81096421,9.82604549,0.0,1895.0,E,,4.0,,,,False,0.0,2.0,1.0,offpiste,1,0
2005-01-22,0.0,2004/05,GR,Davos,46.81073802,9.92316758,0.0,2580.0,S,30_35,4.0,,,,True,0.0,1.0,1.0,offpiste,1,0
2005-01-22,0.0,2004/05,VS,Bagnes,46.04316948,7.19448937,0.0,2110.0,NE,35_40,3.0,,,,True,0.0,1.0,0.0,offpiste,1,0
2005-01-22,0.0,2004/05,UR,Andermatt,46.61969038,8.61041663,250.0,2200.0,N,35_40,3.0,,,,True,0.0,1.0,0.0,offpiste,1,0
2005-01-22,0.0,2004/05,BE,Zweisimmen,46.50195299,7.35591452,0.0,1990.0,W,35_40,3.0,,,,True,0.0,1.0,1.0,offpiste,1,0
2005-01-22,0.0,2004/05,GR,Klosters-Serneus,46.85433216,9.86286674,0.0,1950.0,NE,40_45,4.0,,,,False,0.0,2.0,0.0,offpiste,1,0
2005-01-22,0.0,2004/05,VS,Bagnes,46.08362289,7.28066403,0.0,2440.0,NW,30_35,3.0,,,,True,0.0,1.0,1.0,offpiste,1,0
2005-01-22,0.0,2004/05,VS,Nendaz,46.16358891,7.2777137,0.0,2040.0,N,,3.0,,,,True,0.0,2.0,0.0,offpiste,1,0
2005-01-23,0.0,2004/05,VS,Saas-Fee,46.08950401,7.9186222,0.0,2325.0,NW,35_40,3.0,,,,True,1.0,1.0,1.0,offpiste,1,1
2005-01-23,0.0,2004/05,TI,Airolo,46.50868766,8.59133684,0.0,1980.0,N,30_35,3.0,,,,True,0.0,1.0,1.0,offpiste,1,0
2005-01-24,0.0,2004/05,BE,Grindelwald,46.59006796,7.96057743,,,,,3.0,,,,True,0.0,1.0,0.0,offpiste,1,0
2005-01-25,0.0,2004/05,VS,Orsières,46.02222169,7.09541109,0.0,2206.0,NE,35_40,3.0,,,,True,0.0,1.0,0.0,offpiste,1,0
2005-01-25,0.0,2004/05,VS,Bagnes,46.09979508,7.26716872,0.0,2700.0,W,30_35,3.0,,,,True,0.0,2.0,1.0,offpiste,1,0
2005-01-26,0.0,2004/05,GR,Luzein,46.95503642,9.77633243,100.0,2150.0,NE,,3.0,,,,True,0.0,1.0,0.0,tour,1,0
2005-01-27,0.0,2004/05,GR,Fideris,46.87177948,9.7593271,0.0,2060.0,N,30_35,3.0,,,,True,0.0,1.0,1.0,tour,1,0
2005-01-27,0.0,2004/05,VD,Château-d’Œx,46.45328311,7.19628812,0.0,2000.0,SW,35_40,3.0,,,,True,0.0,1.0,1.0,offpiste,1,0
2005-01-28,0.0,2004/05,GR,Davos,46.73054508,9.80481395,0.0,2300.0,W,35_40,3.0,,,,True,0.0,6.0,1.0,offpiste,1,0
2005-01-29,0.0,2004/05,GR,Parpan,46.76885724,9.59248954,0.0,2450.0,W,30_35,3.0,,,,True,0.0,1.0,1.0,offpiste,1,0
2005-01-29,0.0,2004/05,GR,Tavetsch/Tujetsch,46.72439893,8.77897019,0.0,2790.0,NW,40_45,3.0,,,,True,0.0,2.0,0.0,offpiste,1,0
2005-01-30,0.0,2004/05,UR,Andermatt,46.60672703,8.61992612,0.0,2700.0,N,,3.0,,,,True,0.0,2.0,0.0,offpiste,1,0
2005-02-03,0.0,2004/05,GR,Peist,46.85129324,9.72197658,0.0,2420.0,SW,,3.0,,,,True,0.0,3.0,2.0,tour,2,0
2005-02-04,0.0,2004/05,GR,Vaz/Obervaz,46.75567943,9.59458149,0.0,2450.0,W,,3.0,,,,True,0.0,3.0,0.0,offpiste,2,0
2005-02-04,0.0,2004/05,GR,Davos,46.83822312,9.82004226,0.0,2480.0,N,35_40,3.0,,,,True,0.0,4.0,1.0,offpiste,2,0
2005-02-05,0.0,2004/05,VS,Bourg-Saint-Pierre,45.92661482,7.16652082,0.0,2810.0,NE,40_45,3.0,,,,True,0.0,2.0,1.0,tour,2,0
2005-02-05,0.0,2004/05,GR,Klosters-Serneus,46.83380039,9.93039649,0.0,2485.0,N,35_40,3.0,,,,True,1.0,1.0,1.0,tour,2,1
2005-02-05,0.0,2004/05,GL,Engi,46.99215117,9.19458224,0.0,2280.0,NW,,2.0,,,,True,0.0,1.0,0.0,tour,2,0
2005-02-05,0.0,2004/05,GR,Davos,46.71390865,9.821486,0.0,2805.0,NW,35_40,3.0,,,,True,1.0,2.0,2.0,tour,2,1
2005-02-06,0.0,2004/05,GR,Davos,46.72229913,9.80752729,0.0,2380.0,W,35_40,3.0,,,,True,0.0,1.0,0.0,offpiste,2,0
2005-02-06,0.0,2004/05,VS,Liddes,45.96180199,7.17292433,0.0,2460.0,NW,30_35,3.0,,,,True,0.0,3.0,0.0,tour,2,0
2005-02-06,0.0,2004/05,GR,Madulain,46.59233593,9.90946903,0.0,2470.0,NE,30_35,3.0,,,,True,2.0,2.0,2.0,tour,2,1
2005-02-08,0.0,2004/05,VS,Orsières,45.90214803,7.10041483,0.0,2360.0,N,30_35,2.0,,,,True,0.0,8.0,0.0,tour,2,0
2005-02-08,0.0,2004/05,GR,Vals,46.59122281,9.18828315,0.0,1940.0,N,40_45,2.0,,,,False,1.0,1.0,1.0,tour,2,1
2005-02-13,0.0,2004/05,GR,Davos,46.82751811,9.81117672,0.0,2490.0,SE,30_35,3.0,,,,True,0.0,1.0,0.0,offpiste,2,0
2005-02-13,0.0,2004/05,VS,Zermatt,45.99541296,7.7517517,0.0,2410.0,NW,30_35,3.0,,,,True,0.0,1.0,0.0,offpiste,2,0
2005-02-17,0.0,2004/05,GR,Stampa,46.41356803,9.69937963,0.0,2020.0,S,,2.0,,,,True,0.0,1.0,0.0,tour,2,0
2005-02-18,0.0,2004/05,UR,Hospental,46.59987964,8.54015849,0.0,2050.0,NW,,3.0,,,,True,0.0,1.0,1.0,tour,2,0
2005-02-19,0.0,2004/05,GR,Tschlin,46.90554365,10.41216437,0.0,2850.0,NE,35_40,2.0,,,,True,0.0,1.0,1.0,tour,2,0
2005-02-20,0.0,2004/05,GR,Churwalden,46.80705673,9.56610234,0.0,1930.0,NW,40_45,3.0,,,,False,1.0,2.0,1.0,offpiste,2,1
2005-02-22,0.0,2004/05,GR,Arosa,46.78902898,9.64360678,0.0,2420.0,SE,40_45,3.0,,,,True,0.0,3.0,2.0,offpiste,2,0
2005-02-22,0.0,2004/05,GR,Müstair,46.60438209,10.30885336,0.0,2870.0,SE,35_40,2.0,,,,True,0.0,7.0,1.0,tour,2,0
2005-02-22,0.0,2004/05,BE,Brienz,46.70337552,8.04143725,0.0,2040.0,NW,30_35,3.0,,,,True,0.0,1.0,1.0,tour,2,0
2005-02-24,0.0,2004/05,VS,Evolène,46.03646238,7.44199545,0.0,3100.0,S,30_35,2.0,,,,True,0.0,2.0,0.0,tour,2,0
2005-02-24,0.0,2004/05,GR,Davos,46.82821282,9.82104152,0.0,2510.0,SW,40_45,3.0,,,,True,0.0,2.0,1.0,offpiste,2,0
2005-02-25,0.0,2004/05,VS,Saint-Gingolph,46.3595977,6.79469391,100.0,1460.0,NW,45_90,2.0,,,,False,2.0,3.0,2.0,tour,2,1
2005-02-25,0.0,2004/05,VS,Nendaz,46.10187496,7.35716723,0.0,3060.0,NW,35_40,2.0,,,,True,0.0,2.0,0.0,tour,2,0
2005-02-26,0.0,2004/05,GR,Mathon,46.65565223,9.38227202,0.0,2440.0,S,35_40,2.0,,,,True,0.0,4.0,0.0,tour,2,0
2005-03-07,0.0,2004/05,BE,Därstetten,46.69917362,7.53081442,100.0,1870.0,SW,,2.0,,,,True,0.0,1.0,1.0,offpiste,3,0
2005-03-07,0.0,2004/05,VS,Bourg-Saint-Pierre,45.87192902,7.16885251,0.0,2590.0,S,30_35,2.0,,,,False,0.0,1.0,0.0,tour,3,0
2005-03-07,0.0,2004/05,VS,Bourg-Saint-Pierre,45.86798036,7.17273493,0.0,2460.0,NE,,2.0,,,,True,0.0,1.0,0.0,tour,3,0
2005-03-08,0.0,2004/05,VS,Bagnes,46.11658016,7.24460866,100.0,2300.0,SW,40_45,2.0,,,,False,0.0,2.0,0.0,tour,3,0
2005-03-08,0.0,2004/05,GR,Guarda,46.84717466,10.15704068,0.0,3065.0,S,30_35,2.0,,,,False,0.0,1.0,0.0,tour,3,0
2005-03-10,0.0,2004/05,OW,Kerns,46.77044094,8.2641067,0.0,1940.0,NE,35_40,3.0,,,,False,0.0,1.0,0.0,offpiste,3,0
2005-03-10,0.0,2004/05,GR,Zernez,46.71735836,10.15049243,,2700.0,,35_40,3.0,,,,True,0.0,6.0,2.0,tour,3,0
2005-03-10,0.0,2004/05,VS,Saas-Fee,46.07467323,7.88275288,0.0,3290.0,NE,,3.0,,,,True,1.0,1.0,1.0,tour,3,1
2005-03-10,0.0,2004/05,GR,Celerina/Schlarigna,46.53363741,9.80891568,0.0,2920.0,SE,40_45,3.0,,,,True,0.0,1.0,0.0,tour,3,0
2005-03-10,0.0,2004/05,GR,Siat,46.84124168,9.14848526,0.0,2010.0,SE,35_40,3.0,,,,True,1.0,1.0,1.0,offpiste,3,1
2005-03-10,0.0,2004/05,SZ,Muotathal,46.96124392,8.7152361,100.0,1630.0,E,,3.0,,,,False,0.0,2.0,0.0,tour,3,0
2005-03-11,0.0,2004/05,GR,Davos,46.73420197,9.81937271,0.0,2480.0,NE,35_40,3.0,,,,True,0.0,1.0,0.0,offpiste,3,0
2005-03-11,0.0,2004/05,UR,Realp,46.55578979,8.42319381,0.0,2860.0,NE,35_40,3.0,,,,True,0.0,1.0,0.0,tour,3,0
2005-03-12,0.0,2004/05,BE,Grindelwald,46.67318311,8.08461975,0.0,2380.0,S,,2.0,,,,True,1.0,2.0,1.0,tour,3,1
2005-03-12,0.0,2004/05,VS,Binn,46.33729649,8.21077008,0.0,2360.0,NW,40_45,2.0,,,,True,0.0,1.0,0.0,tour,3,0
2005-03-13,0.0,2004/05,GL,Mühlehorn,47.09675019,9.17350528,0.0,1400.0,NE,30_35,3.0,,,,False,0.0,1.0,1.0,tour,3,0
2005-03-13,0.0,2004/05,SZ,Riemenstalden,46.92088618,8.72005509,0.0,2240.0,N,,3.0,,,,True,0.0,1.0,0.0,tour,3,0
2005-03-13,0.0,2004/05,UR,Unterschächen,46.88210102,8.83623764,250.0,2240.0,NE,,3.0,,,,True,0.0,3.0,0.0,tour,3,0
2005-03-13,0.0,2004/05,SG,Grabs,47.15437848,9.38957528,0.0,1540.0,N,30_35,3.0,,,,False,0.0,1.0,0.0,tour,3,0
2005-03-13,0.0,2004/05,LU,Flühli,46.85566257,7.98990311,0.0,1720.0,E,30_35,3.0,,,,False,0.0,4.0,0.0,tour,3,0
2005-03-13,0.0,2004/05,GL,Schwanden,46.95389977,9.09261403,0.0,1880.0,N,35_40,3.0,,,,False,0.0,1.0,0.0,tour,3,0
2005-03-13,0.0,2004/05,BE,Kandersteg,46.4385007,7.59543144,0.0,2605.0,SE,,3.0,,,,True,0.0,2.0,0.0,tour,3,0
2005-03-14,0.0,2004/05,NW,Wolfenschiessen,46.86677974,8.46508509,0.0,2190.0,NW,30_35,3.0,,,,False,0.0,5.0,3.0,tour,3,0
2005-03-14,0.0,2004/05,FR,Charmey,46.65091819,7.24373554,100.0,1550.0,NW,,2.0,,,,False,0.0,1.0,0.0,tour,3,0
2005-03-14,0.0,2004/05,GR,Langwies,46.84004111,9.79310576,100.0,2600.0,NW,,3.0,,,,True,0.0,2.0,0.0,offpiste,3,0
2005-03-14,0.0,2004/05,GR,Zuoz,46.6217753,9.94608502,0.0,2640.0,S,,2.0,,,,False,0.0,1.0,1.0,tour,3,0
2005-03-14,0.0,2004/05,GL,Obstalden,47.07679548,9.16627417,0.0,1780.0,NW,35_40,3.0,,,,False,3.0,3.0,3.0,tour,3,1
2005-03-16,0.0,2004/05,GR,Davos,46.79411345,9.90955792,0.0,1900.0,SW,35_40,2.0,,,,False,0.0,1.0,0.0,offpiste,3,0
2005-03-18,0.0,2004/05,BE,Lauterbrunnen,46.56297213,7.84365454,0.0,2690.0,SE,35_40,2.0,,,,False,0.0,1.0,0.0,transportation.corridor,3,0
2005-03-28,0.0,2004/05,GR,Pontresina,46.40421745,9.97544453,0.0,2900.0,NE,35_40,2.0,,,,True,0.0,3.0,1.0,tour,3,0
2005-04-01,0.0,2004/05,VS,Orsières,45.85987438,7.10183414,0.0,3100.0,NE,,,,,,,0.0,2.0,0.0,tour,4,0
2005-04-02,0.0,2004/05,GL,Linthal,46.80795809,8.95008279,0.0,2340.0,N,30_35,1.0,,,,False,0.0,5.0,0.0,tour,4,0
2005-04-02,0.0,2004/05,GR,Bivio,46.42460398,9.67381222,0.0,2760.0,NW,30_35,1.0,,,,True,0.0,1.0,1.0,tour,4,0
2005-04-02,0.0,2004/05,OW,Engelberg,46.76805255,8.44932732,0.0,2700.0,N,35_40,1.0,,,,True,0.0,1.0,0.0,tour,4,0
2005-04-09,0.0,2004/05,OW,Giswil,46.79217487,8.05611753,100.0,2070.0,SE,35_40,3.0,,,,False,0.0,3.0,3.0,transportation.corridor,4,0
2005-04-12,0.0,2004/05,VS,Leukerbad,46.43527353,7.61819175,0.0,2290.0,SE,,3.0,,,,True,0.0,1.0,0.0,tour,4,0
2005-04-16,0.0,2004/05,VS,Bourg-Saint-Pierre,45.86501803,7.17532448,0.0,2680.0,N,30_35,,,,,,0.0,2.0,0.0,tour,4,0
2005-04-21,0.0,2004/05,VS,Hérémence,46.12921383,7.34742276,0.0,2900.0,N,30_35,2.0,,,,True,2.0,4.0,3.0,tour,4,1
2005-04-21,0.0,2004/05,VS,Orsières,45.9829019,7.02559017,0.0,3250.0,SE,45_90,2.0,,,,True,0.0,1.0,0.0,tour,4,0
2005-04-22,0.0,2004/05,VS,Bagnes,46.00973376,7.23052841,0.0,3050.0,N,35_40,3.0,,,,True,1.0,3.0,1.0,tour,4,1
2005-04-24,0.0,2004/05,BE,Rüschegg,46.70370852,7.43419142,100.0,2100.0,NE,,2.0,,,,False,0.0,1.0,0.0,tour,4,0
2005-04-27,0.0,2004/05,BE,Adelboden,46.42590736,7.5579943,0.0,2260.0,N,,2.0,,,,False,0.0,1.0,0.0,tour,4,0
2005-04-27,0.0,2004/05,GR,Scuol,46.6915281,10.27608003,0.0,3020.0,N,30_35,2.0,,,,True,0.0,1.0,0.0,tour,4,0
2005-05-01,0.0,2004/05,GR,Susch,46.73172122,9.94360897,0.0,2940.0,SE,35_40,3.0,,,,True,0.0,1.0,0.0,tour,5,0
2005-05-01,0.0,2004/05,GR,Susch,46.74486088,9.9518136,0.0,2460.0,NE,35_40,3.0,,,,True,0.0,2.0,0.0,tour,5,0
2005-06-04,0.0,2004/05,BE,Gadmen,46.69920654,8.40018088,100.0,2880.0,N,,,,,,,0.0,2.0,0.0,tour,6,0
2005-07-12,0.0,2004/05,VS,Fieschertal,46.5459024,8.113741,0.0,3890.0,SW,45_90,,,,,,0.0,11.0,0.0,tour,7,0
2005-08-02,0.0,2004/05,VS,Saas-Fee,46.07760881,7.8910495,,,,,,,,,,0.0,2.0,0.0,tour,8,0
2005-12-10,0.0,2005/06,VS,Zermatt,45.95108486,7.70965005,0.0,3300.0,NE,35_40,2.0,,,,True,0.0,1.0,0.0,offpiste,12,0
2005-12-11,0.0,2005/06,VD,Ormont-Dessus,46.38073251,7.15709732,0.0,2370.0,SW,35_40,2.0,,,,True,0.0,2.0,0.0,tour,12,0
2005-12-11,0.0,2005/06,FR,Haut-Intyamon,46.50298638,7.01328918,0.0,1570.0,S,,2.0,,,,False,0.0,2.0,0.0,tour,12,0
2005-12-17,0.0,2005/06,GR,Falera,46.83512736,9.22472862,0.0,1980.0,E,,4.0,,,,True,0.0,1.0,1.0,offpiste,12,0
2005-12-17,0.0,2005/06,FR,Schwarzsee,46.63889641,7.26363044,0.0,1480.0,N,30_35,3.0,,,,False,0.0,3.0,2.0,tour,12,0
2005-12-18,0.0,2005/06,GR,Samnaun,46.9869656,10.37195545,500.0,2500.0,,,4.0,,,,True,0.0,2.0,1.0,offpiste,12,0
2005-12-18,0.0,2005/06,VS,Bagnes,46.09907406,7.26626581,0.0,2640.0,W,45_90,3.0,,,,True,0.0,1.0,0.0,offpiste,12,0
2005-12-19,0.0,2005/06,GR,Vaz/Obervaz,46.75042143,9.51909216,0.0,2300.0,SE,35_40,3.0,,,,True,0.0,1.0,0.0,,12,0
2005-12-30,0.0,2005/06,GR,Zuoz,46.62219321,9.94754133,0.0,2680.0,SE,35_40,2.0,,,,True,1.0,1.0,1.0,tour,12,1
2005-12-31,0.0,2005/06,SG,Wildhaus,47.23124668,9.39845833,100.0,1950.0,NW,35_40,2.0,,,,True,0.0,1.0,0.0,tour,12,0
2005-12-31,0.0,2005/06,GR,Disentis/Mustér,46.70358435,8.79310036,0.0,2110.0,SE,35_40,3.0,,,,True,0.0,1.0,0.0,offpiste,12,0
2005-12-31,0.0,2005/06,OW,Engelberg,46.787772,8.40569015,100.0,2000.0,NW,,3.0,,,,True,0.0,1.0,0.0,offpiste,12,0
2005-12-31,0.0,2005/06,SG,Wildhaus,47.23354902,9.37938861,0.0,2050.0,NW,30_35,2.0,,,,True,0.0,3.0,0.0,tour,12,0
2005-12-31,0.0,2005/06,VS,Lax,46.40399756,8.10508413,100.0,1920.0,SE,,3.0,,,,True,0.0,3.0,0.0,,12,0
2006-01-01,0.0,2005/06,BE,Habkern,46.73952582,7.92106782,0.0,1900.0,W,30_35,2.0,,,,True,0.0,1.0,0.0,tour,1,0
2006-01-01,0.0,2005/06,VS,Nendaz,46.0964257,7.30312602,0.0,2650.0,N,35_40,3.0,,,,True,0.0,1.0,0.0,offpiste,1,0
2006-01-01,0.0,2005/06,NW,Wolfenschiessen,46.77738249,8.41087261,0.0,2350.0,NW,,3.0,,,,True,0.0,2.0,0.0,offpiste,1,0
2006-01-03,0.0,2005/06,VS,Nendaz,46.0917714,7.32421243,0.0,2850.0,N,35_40,3.0,,,,True,1.0,1.0,1.0,offpiste,1,1
2006-01-03,0.0,2005/06,GR,Davos,46.77688869,9.77881714,0.0,2200.0,E,35_40,3.0,,,,True,0.0,1.0,0.0,tour,1,0
2006-01-03,0.0,2005/06,UR,Unterschächen,46.88279612,8.82346224,0.0,2230.0,N,30_35,3.0,,,,True,0.0,1.0,0.0,tour,1,0
2006-01-04,0.0,2005/06,VS,Trient,46.04236913,6.9698525,0.0,2000.0,NW,35_40,3.0,,,,True,0.0,2.0,0.0,offpiste,1,0
2006-01-05,0.0,2005/06,BE,Hasliberg,46.75240834,8.26972049,0.0,2448.0,SW,35_40,2.0,,,,True,0.0,1.0,0.0,offpiste,1,0
2006-01-05,0.0,2005/06,BE,Diemtigen,46.5269019,7.53866702,0.0,2310.0,W,30_35,3.0,,,,True,0.0,2.0,0.0,tour,1,0
2006-01-05,0.0,2005/06,BE,Meiringen,46.69732597,8.10988145,0.0,2440.0,N,40_45,2.0,,,,True,0.0,2.0,0.0,tour,1,0
2006-01-05,0.0,2005/06,GR,Bivio,46.4572907,9.72255975,0.0,2600.0,SW,,2.0,,,,True,0.0,1.0,0.0,tour,1,0
2006-01-06,0.0,2005/06,BE,Diemtigen,46.51576292,7.51903551,0.0,2320.0,N,35_40,2.0,,,,True,0.0,1.0,0.0,tour,1,0
2006-01-06,0.0,2005/06,UR,Andermatt,46.59331548,8.61186806,0.0,2880.0,SE,35_40,2.0,,,,True,0.0,1.0,0.0,tour,1,0
2006-01-07,0.0,2005/06,VS,Fully,46.19682401,7.09482997,0.0,2720.0,SW,30_35,2.0,,,,True,0.0,1.0,0.0,tour,1,0
2006-01-08,0.0,2005/06,VS,Vouvry,46.35221331,6.80933213,0.0,2060.0,SW,35_40,2.0,,,,True,0.0,3.0,2.0,tour,1,0
2006-01-08,0.0,2005/06,VD,Bex,46.24492446,7.14976065,0.0,2710.0,W,40_45,2.0,,,,True,1.0,2.0,1.0,tour,1,1
2006-01-08,0.0,2005/06,GR,Davos,46.79261009,9.75145951,0.0,2625.0,E,30_35,2.0,,,,True,0.0,1.0,0.0,tour,1,0
2006-01-08,0.0,2005/06,BE,Saanen,46.45575327,7.3465483,0.0,2125.0,W,40_45,2.0,,,,True,0.0,1.0,0.0,tour,1,0
2006-01-08,0.0,2005/06,UR,Andermatt,46.59340015,8.66361599,0.0,2120.0,NW,35_40,2.0,,,,True,0.0,1.0,0.0,tour,1,0
2006-01-19,0.0,2005/06,OW,Engelberg,46.78318549,8.41608479,0.0,2350.0,NW,40_45,3.0,,,,True,0.0,1.0,1.0,offpiste,1,0
2006-01-20,0.0,2005/06,GR,Davos,46.77755194,9.75068183,0.0,2420.0,E,30_35,3.0,,,,True,0.0,1.0,0.0,tour,1,0
2006-01-20,0.0,2005/06,GR,Tschiertschen,46.77467737,9.59403207,100.0,2500.0,NW,35_40,3.0,,,,True,0.0,1.0,0.0,offpiste,1,0
2006-01-20,0.0,2005/06,BE,Rüschegg,46.71531261,7.43209788,0.0,1620.0,N,40_45,3.0,,,,True,0.0,1.0,0.0,tour,1,0
2006-01-21,0.0,2005/06,SG,Quarten,47.07125393,9.2331123,0.0,2000.0,NW,35_40,3.0,,,,True,1.0,4.0,1.0,offpiste,1,1
2006-01-21,0.0,2005/06,BE,Rüschegg,46.70257996,7.40764805,0.0,1835.0,NW,40_45,3.0,,,,True,1.0,1.0,1.0,tour,1,1
2006-01-22,0.0,2005/06,SZ,Muotathal,46.95732431,8.66639614,0.0,1840.0,NW,,3.0,,,,False,0.0,2.0,0.0,tour,1,0
2006-01-23,0.0,2005/06,GR,Samnaun,46.96553727,10.36157915,0.0,2310.0,NE,,3.0,,,,True,0.0,1.0,1.0,offpiste,1,0
2006-01-28,0.0,2005/06,GR,Bivio,46.4627201,9.63905109,0.0,1980.0,SE,35_40,3.0,,,,False,0.0,2.0,0.0,tour,1,0
2006-01-28,0.0,2005/06,GR,Davos,46.7736177,9.84439204,0.0,2460.0,NE,40_45,3.0,,,,True,0.0,1.0,0.0,offpiste,1,0
2006-01-28,0.0,2005/06,GR,Bivio,46.46481761,9.64226186,0.0,1930.0,E,30_35,3.0,,,,False,0.0,1.0,0.0,,1,0
2006-01-29,0.0,2005/06,OW,Giswil,46.80277351,8.12219932,0.0,1650.0,N,35_40,2.0,,,,False,0.0,1.0,0.0,tour,1,0
2006-01-29,0.0,2005/06,BE,Diemtigen,46.6046659,7.58325271,0.0,1980.0,NW,35_40,2.0,,,,True,0.0,2.0,0.0,tour,1,0
2006-01-30,0.0,2005/06,VS,Orsières,45.96648016,7.13742707,0.0,2220.0,NW,30_35,3.0,,,,True,0.0,3.0,0.0,tour,1,0
2006-01-30,0.0,2005/06,UR,Andermatt,46.6014247,8.61067347,,,,,3.0,,,,True,0.0,1.0,0.0,offpiste,1,0
2006-01-30,0.0,2005/06,UR,Andermatt,46.61038159,8.61452296,0.0,2660.0,N,30_35,3.0,,,,True,0.0,1.0,1.0,offpiste,1,0
2006-01-30,0.0,2005/06,UR,Andermatt,46.61003527,8.61320996,0.0,2660.0,SW,30_35,3.0,,,,True,0.0,1.0,0.0,offpiste,1,0
2006-01-31,0.0,2005/06,GR,Falera,46.85127677,9.17516513,0.0,2390.0,NE,35_40,2.0,,,,True,0.0,1.0,0.0,offpiste,1,0
2006-02-01,0.0,2005/06,VS,Ferden,46.39263345,7.74127453,0.0,1920.0,SE,35_40,2.0,,,,True,0.0,1.0,1.0,tour,2,0
2006-02-01,0.0,2005/06,UR,Realp,46.54517684,8.49314886,250.0,2380.0,E,,3.0,,,,True,0.0,1.0,0.0,tour,2,0
2006-02-04,0.0,2005/06,GR,Disentis/Mustér,46.70050769,8.7945924,0.0,1960.0,N,35_40,2.0,,,,False,0.0,1.0,1.0,offpiste,2,0
2006-02-05,0.0,2005/06,GR,Safien,46.61990094,9.25875062,0.0,2160.0,NE,35_40,2.0,,,,True,0.0,3.0,0.0,tour,2,0
2006-02-07,0.0,2005/06,TI,Quinto,46.53000837,8.70154923,0.0,2100.0,SE,,2.0,,,,True,0.0,2.0,0.0,tour,2,0
2006-02-09,0.0,2005/06,SG,Grabs,47.16385416,9.33952572,100.0,2000.0,N,35_40,3.0,,,,True,0.0,2.0,0.0,tour,2,0
2006-02-11,0.0,2005/06,UR,Andermatt,46.61957623,8.61276441,0.0,2275.0,NE,35_40,3.0,,,,True,0.0,1.0,0.0,offpiste,2,0
2006-02-11,0.0,2005/06,VS,Fully,46.18042492,7.11617216,0.0,2640.0,NE,35_40,2.0,,,,True,0.0,1.0,0.0,tour,2,0
2006-02-11,0.0,2005/06,GR,Davos,46.83609963,9.83122645,0.0,2200.0,NE,35_40,3.0,,,,True,0.0,2.0,0.0,offpiste,2,0
2006-02-11,0.0,2005/06,GR,Avers,46.43113489,9.60152204,0.0,2440.0,SW,35_40,2.0,,,,True,0.0,1.0,1.0,tour,2,0
2006-02-12,0.0,2005/06,GR,Tschiertschen,46.78868052,9.58633862,0.0,2310.0,NE,35_40,2.0,,,,True,0.0,1.0,0.0,offpiste,2,0
2006-02-12,0.0,2005/06,SZ,Muotathal,46.95709242,8.6670478,0.0,1860.0,N,,2.0,,,,True,0.0,1.0,0.0,offpiste,2,0
2006-02-13,0.0,2005/06,GR,Guarda,46.80009734,10.12484364,0.0,2530.0,SE,,2.0,,,,True,0.0,2.0,0.0,tour,2,0
2006-02-16,0.0,2005/06,SG,Vilters-Wangs,46.98955997,9.41461692,0.0,1900.0,NW,35_40,3.0,,,,True,0.0,1.0,0.0,,2,0
2006-02-17,0.0,2005/06,GR,Davos,46.83335406,9.80750008,0.0,2640.0,NE,35_40,3.0,,,,True,0.0,1.0,1.0,offpiste,2,0
2006-02-18,0.0,2005/06,VS,Bagnes,46.04495639,7.1889265,0.0,2180.0,NE,35_40,3.0,,,,True,0.0,1.0,1.0,offpiste,2,0
2006-02-18,0.0,2005/06,VS,Liddes,45.97006376,7.14901797,0.0,2350.0,N,,3.0,,,,True,0.0,3.0,1.0,,2,0
2006-02-18,0.0,2005/06,VS,Nendaz,46.16430819,7.27745265,0.0,1940.0,N,,3.0,,,,False,0.0,1.0,0.0,offpiste,2,0
2006-02-18,0.0,2005/06,GR,Zweisimmen,46.51018392,7.35583681,0.0,1920.0,NW,,3.0,,,,False,0.0,1.0,0.0,offpiste,2,0
2006-02-19,0.0,2005/06,VS,Bagnes,46.09817805,7.2685962,0.0,2640.0,S,,3.0,,,,True,0.0,1.0,1.0,offpiste,2,0
2006-02-19,0.0,2005/06,VS,Zermatt,45.99611065,7.78970184,100.0,2820.0,NW,35_40,3.0,,,,True,1.0,1.0,1.0,offpiste,2,1
2006-02-19,0.0,2005/06,GR,Poschiavo,46.29193931,10.02116243,0.0,2140.0,NE,35_40,3.0,,,,True,1.0,1.0,1.0,tour,2,1
2006-02-19,0.0,2005/06,GR,Klosters-Serneus,46.86256869,9.83502847,0.0,2120.0,NE,35_40,3.0,,,,True,0.0,2.0,0.0,offpiste,2,0
2006-02-20,0.0,2005/06,GR,Langwies,46.85264691,9.78841044,0.0,2145.0,SW,35_40,3.0,,,,True,0.0,1.0,0.0,offpiste,2,0
2006-02-20,0.0,2005/06,GR,Davos,46.80392841,9.90515904,0.0,2120.0,W,35_40,3.0,,,,True,0.0,1.0,0.0,offpiste,2,0
2006-02-20,0.0,2005/06,VS,Nax,46.2038984,7.49732767,500.0,2500.0,E,30_35,3.0,,,,True,0.0,1.0,0.0,offpiste,2,0
2006-02-20,0.0,2005/06,GR,Davos,46.72389681,9.86001048,0.0,2330.0,W,40_45,3.0,,,,True,0.0,1.0,0.0,tour,2,0
2006-02-20,0.0,2005/06,GR,Obersaxen,46.71394379,9.09546081,0.0,2060.0,N,30_35,3.0,,,,True,0.0,1.0,0.0,offpiste,2,0
2006-02-20,0.0,2005/06,GR,Silvaplana,46.43816312,9.81691132,0.0,2380.0,NW,40_45,3.0,,,,True,0.0,1.0,1.0,offpiste,2,0
2006-02-20,0.0,2005/06,GR,Disentis/Mustér,46.71167278,8.80814893,0.0,2110.0,N,35_40,3.0,,,,True,3.0,4.0,3.0,offpiste,2,1
2006-02-21,0.0,2005/06,VS,Riddes,46.10637179,7.27387315,100.0,2650.0,NW,,3.0,,,,True,0.0,1.0,0.0,offpiste,2,0
2006-02-21,0.0,2005/06,VS,Orsières,46.02770714,7.19907839,100.0,2370.0,W,,3.0,,,,True,0.0,2.0,0.0,tour,2,0
2006-02-21,0.0,2005/06,GR,Surcuolm,46.75545996,9.16278332,,1550.0,N,,3.0,,,,False,0.0,1.0,0.0,offpiste,2,0
2006-02-21,0.0,2005/06,GR,Klosters-Serneus,46.86345316,9.81420572,0.0,2080.0,N,35_40,3.0,,,,True,0.0,1.0,0.0,offpiste,2,0
2006-02-21,0.0,2005/06,VS,Orsières,45.93097607,7.11499766,0.0,2060.0,N,35_40,3.0,,,,True,1.0,1.0,1.0,offpiste,2,1
2006-02-22,0.0,2005/06,VS,Collombey-Muraz,46.25830834,6.88940031,0.0,2000.0,N,45_90,2.0,,,,True,1.0,1.0,1.0,tour,2,1
2006-02-22,0.0,2005/06,GR,Silvaplana,46.4814013,9.74077315,,2400.0,S,,3.0,,,,True,0.0,2.0,0.0,tour,2,0
2006-02-22,0.0,2005/06,GR,Avers,46.45661709,9.51887966,0.0,2200.0,NE,30_35,3.0,,,,True,0.0,2.0,0.0,tour,2,0
2006-02-23,0.0,2005/06,GR,Tavetsch/Tujetsch,46.64856165,8.78989184,0.0,2400.0,W,,3.0,,,,True,1.0,1.0,1.0,tour,2,1
2006-02-23,0.0,2005/06,VS,Bagnes,46.11612816,7.24331675,500.0,2250.0,W,,3.0,,,,True,0.0,1.0,0.0,,2,0
2006-02-23,0.0,2005/06,VS,Chalais,46.21745919,7.53103614,0.0,2530.0,NW,30_35,3.0,,,,True,0.0,1.0,0.0,tour,2,0
2006-02-23,0.0,2005/06,VS,Liddes,45.97940025,7.24509492,0.0,2620.0,W,30_35,3.0,,,,True,0.0,1.0,0.0,tour,2,0
2006-02-25,0.0,2005/06,VS,Zermatt,45.9882068,7.78577964,0.0,2960.0,N,35_40,3.0,,,,True,1.0,1.0,1.0,offpiste,2,1
2006-02-25,0.0,2005/06,GR,S-chanf,46.62779763,9.95459512,0.0,2680.0,SE,30_35,3.0,,,,True,0.0,2.0,1.0,tour,2,0
2006-02-25,0.0,2005/06,BE,Hasliberg,46.74927532,8.2675782,100.0,2300.0,W,35_40,2.0,,,,True,0.0,1.0,0.0,offpiste,2,0
2006-02-25,0.0,2005/06,VS,Zermatt,45.99068061,7.80005601,0.0,3130.0,NW,30_35,3.0,,,,True,0.0,1.0,0.0,offpiste,2,0
2006-02-25,0.0,2005/06,VS,Zermatt,46.00342581,7.78032551,0.0,2360.0,N,35_40,3.0,,,,True,0.0,1.0,0.0,offpiste,2,0
2006-02-26,0.0,2005/06,VS,Bourg-Saint-Pierre,45.86980338,7.17913889,0.0,2400.0,N,30_35,3.0,,,,True,0.0,2.0,2.0,tour,2,0
2006-02-26,0.0,2005/06,VS,Orsières,45.931061,7.11325681,0.0,2040.0,N,,3.0,,,,True,0.0,1.0,0.0,offpiste,2,0
2006-02-26,0.0,2005/06,VS,Zermatt,45.99845143,7.78907149,0.0,2690.0,W,30_35,3.0,,,,True,0.0,1.0,0.0,offpiste,2,0
2006-03-03,0.0,2005/06,VS,Nendaz,46.16002447,7.30348586,,2000.0,NE,35_40,3.0,,,,True,0.0,1.0,0.0,offpiste,3,0
2006-03-04,0.0,2005/06,LI,Vaduz,47.08841601,9.60192101,,2030.0,N,,3.0,,,,True,0.0,3.0,0.0,transportation.corridor,3,0
2006-03-04,0.0,2005/06,VD,Ormont-Dessus,46.36683891,7.1982331,0.0,2100.0,NW,,4.0,,,,True,1.0,2.0,1.0,tour,3,1
2006-03-04,0.0,2005/06,GR,Churwalden,46.76901238,9.52354254,0.0,2100.0,N,30_35,3.0,,,,True,0.0,3.0,0.0,offpiste,3,0
2006-03-06,0.0,2005/06,BE,Lauterbrunnen,46.55654477,7.84236761,0.0,2720.0,SE,35_40,3.0,,,,True,1.0,1.0,0.0,offpiste,3,1
2006-03-06,0.0,2005/06,SG,Grabs,47.16110676,9.35327937,0.0,1760.0,E,35_40,3.0,,,,False,0.0,6.0,0.0,offpiste,3,0
2006-03-06,0.0,2005/06,VS,Riddes,46.11345116,7.25626084,250.0,2220.0,NE,,3.0,,,,True,0.0,3.0,0.0,offpiste,3,0
2006-03-06,0.0,2005/06,VS,Riddes,46.12471175,7.26657297,250.0,2300.0,W,,3.0,,,,True,0.0,1.0,1.0,tour,3,0
2006-03-07,0.0,2005/06,VS,Zermatt,45.99337193,7.80233237,0.0,3000.0,N,35_40,3.0,,,,True,1.0,2.0,1.0,offpiste,3,1
2006-03-07,0.0,2005/06,UR,Andermatt,46.60280743,8.60744021,0.0,2770.0,NW,35_40,3.0,,,,True,0.0,1.0,0.0,offpiste,3,0
2006-03-07,0.0,2005/06,BE,Adelboden,46.47070699,7.49956937,500.0,2000.0,NE,,3.0,,,,True,0.0,2.0,0.0,offpiste,3,0
2006-03-10,0.0,2005/06,BE,Adelboden,46.44910627,7.51776542,0.0,1980.0,W,35_40,3.0,,,,True,1.0,1.0,1.0,offpiste,3,1
2006-03-10,0.0,2005/06,GR,Langwies,46.83317872,9.79857528,0.0,2620.0,E,40_45,3.0,,,,True,0.0,2.0,0.0,offpiste,3,0
2006-03-12,0.0,2005/06,UR,Hospental,46.60886168,8.54164689,0.0,1650.0,NW,,3.0,,,,True,0.0,1.0,0.0,transportation.corridor,3,0
2006-03-12,0.0,2005/06,VS,Nendaz,46.08259026,7.31867297,0.0,3210.0,N,45_90,3.0,,,,True,0.0,1.0,1.0,offpiste,3,0
2006-03-13,0.0,2005/06,GR,Davos,46.73067181,9.80521216,0.0,2330.0,SW,30_35,3.0,,,,True,1.0,2.0,1.0,offpiste,3,1
2006-03-14,0.0,2005/06,BE,Hasliberg,46.75513863,8.22722318,0.0,1950.0,N,40_45,3.0,,,,True,1.0,3.0,3.0,offpiste,3,1
2006-03-14,0.0,2005/06,GR,Langwies,46.85159777,9.77813276,100.0,2060.0,NW,,3.0,,,,True,0.0,1.0,0.0,offpiste,3,0
2006-03-14,0.0,2005/06,GR,Laax,46.87510859,9.18774332,0.0,2620.0,S,35_40,3.0,,,,True,0.0,1.0,0.0,offpiste,3,0
2006-03-14,0.0,2005/06,GR,Bivio,46.4707423,9.65227143,,2800.0,,,3.0,,,,True,0.0,1.0,0.0,tour,3,0
2006-03-14,0.0,2005/06,FR,Gruyères,46.55001528,7.02035192,100.0,1780.0,E,35_40,3.0,,,,True,0.0,1.0,0.0,offpiste,3,0
2006-03-17,0.0,2005/06,GL,Matt,46.99868944,9.24858464,0.0,2400.0,SW,35_40,2.0,,,,True,0.0,1.0,0.0,tour,3,0
2006-03-17,0.0,2005/06,GR,Susch,46.70616502,9.95975681,0.0,2635.0,NE,35_40,3.0,,,,True,1.0,4.0,1.0,tour,3,1
2006-03-18,0.0,2005/06,UR,Andermatt,46.61219128,8.6135179,,2250.0,,,2.0,,,,True,0.0,1.0,1.0,offpiste,3,0
2006-03-18,0.0,2005/06,GR,Davos,46.76484986,9.7953197,,,,,2.0,,,,True,0.0,1.0,0.0,tour,3,0
2006-03-18,0.0,2005/06,BE,Grindelwald,46.67623003,8.05420392,0.0,2640.0,SE,30_35,2.0,,,,True,0.0,2.0,1.0,,3,0
2006-03-19,0.0,2005/06,VS,Bourg-Saint-Pierre,45.89853311,7.19886979,0.0,2010.0,N,40_45,2.0,,,,True,1.0,2.0,1.0,offpiste,3,1
2006-03-19,0.0,2005/06,GR,Scuol,46.83631237,10.25617596,0.0,2540.0,SE,35_40,2.0,,,,True,0.0,1.0,0.0,offpiste,3,0
2006-03-19,0.0,2005/06,GR,Tschamutt,46.65630392,8.69509427,0.0,1980.0,SE,35_40,2.0,,,,True,0.0,1.0,1.0,tour,3,0
2006-03-24,0.0,2005/06,OW,Engelberg,46.78580964,8.42477629,0.0,2330.0,N,35_40,2.0,,3.0,,True,0.0,1.0,0.0,offpiste,3,0
2006-03-25,0.0,2005/06,VS,Hérémence,46.12214233,7.41793875,0.0,2425.0,NW,35_40,2.0,,2.0,,True,0.0,2.0,0.0,tour,3,0
2006-03-26,0.0,2005/06,BE,Diemtigen,46.60028626,7.57497978,0.0,1760.0,NW,30_35,2.0,,3.0,,True,0.0,4.0,0.0,tour,3,0
2006-03-26,0.0,2005/06,VS,Grafschaft,46.42182054,8.24228265,100.0,2700.0,NE,30_35,2.0,,3.0,,True,0.0,1.0,0.0,tour,3,0
2006-03-26,0.0,2005/06,TI,Bedretto,46.48253381,8.45676629,250.0,1950.0,SE,,2.0,,2.0,,True,0.0,2.0,0.0,tour,3,0
2006-03-27,0.0,2005/06,GR,Stampa,46.41718465,9.74767555,0.0,1900.0,NW,,2.0,,3.0,,True,0.0,1.0,0.0,tour,3,0
2006-03-30,0.0,2005/06,TI,Chironico,46.4366268,8.7251411,0.0,2660.0,N,30_35,2.0,,2.0,,True,0.0,3.0,1.0,tour,3,0
2006-03-31,0.0,2005/06,UR,Hospental,46.59628818,8.60273135,0.0,2810.0,N,30_35,2.0,,3.0,,True,0.0,1.0,1.0,tour,3,0
2006-03-31,0.0,2005/06,GR,Ardez,46.86547309,10.21584035,0.0,2768.0,SW,35_40,2.0,,3.0,,True,0.0,1.0,0.0,tour,3,0
2006-04-01,0.0,2005/06,TI,Bigniasco,46.41837074,8.46883087,100.0,2970.0,NW,,2.0,,3.0,,True,0.0,1.0,0.0,tour,4,0
2006-04-07,0.0,2005/06,VS,Zwischbergen,46.13085127,8.04675745,0.0,2835.0,NE,,2.0,,,,True,0.0,2.0,0.0,tour,4,0
2006-04-08,0.0,2005/06,VS,Evionnaz,46.12161184,6.96774899,0.0,2660.0,N,,2.0,,,,True,0.0,3.0,1.0,tour,4,0
2006-04-10,0.0,2005/06,GR,Bergün/Bravuogn,46.63409246,9.81665706,0.0,2340.0,N,35_40,2.0,,,,False,0.0,2.0,0.0,tour,4,0
2006-04-10,0.0,2005/06,GR,Vals,46.54415216,9.06483441,0.0,2660.0,NE,30_35,2.0,,,,True,0.0,3.0,2.0,tour,4,0
2006-04-11,0.0,2005/06,VS,Orsières,45.88991517,7.13205081,0.0,2220.0,S,,3.0,,,,True,0.0,2.0,0.0,tour,4,0
2006-04-12,0.0,2005/06,GR,S-chanf,46.58481016,10.0054619,0.0,2720.0,NE,30_35,3.0,,,,True,0.0,1.0,0.0,tour,4,0
2006-04-13,0.0,2005/06,GR,Bergün/Bravuogn,46.58392458,9.70846268,250.0,2900.0,NE,,3.0,,,,True,0.0,2.0,0.0,tour,4,0
2006-04-14,0.0,2005/06,GR,Bergün/Bravuogn,46.62037287,9.80129333,0.0,2580.0,NE,30_35,2.0,,2.0,,True,0.0,1.0,0.0,tour,4,0
2006-04-15,0.0,2005/06,GR,Davos,46.69081158,9.80699451,0.0,2640.0,N,40_45,2.0,,,,True,0.0,3.0,1.0,tour,4,0
2006-04-30,0.0,2005/06,GR,Davos,46.695178,9.90868728,0.0,2740.0,E,30_35,1.0,,,,False,0.0,1.0,0.0,tour,4,0
2006-04-30,0.0,2005/06,GR,Pontresina,46.3797986,9.87417021,100.0,3600.0,W,,1.0,,,,True,0.0,1.0,0.0,tour,4,0
2006-05-15,0.0,2005/06,GR,Klosters-Serneus,46.76405885,9.96685457,0.0,2960.0,N,35_40,,,,,,0.0,1.0,0.0,tour,5,0
2006-12-09,0.0,2006/07,GR,Pontresina,46.41023723,9.96987093,0.0,3000.0,N,35_40,3.0,,,,True,0.0,3.0,0.0,transportation.corridor,12,0
2006-12-11,0.0,2006/07,GR,Davos,46.83355289,9.80659089,0.0,2650.0,NE,40_45,3.0,,,,True,0.0,1.0,0.0,offpiste,12,0
2006-12-22,0.0,2006/07,GR,Klosters-Serneus,46.8385388,9.80484318,0.0,2570.0,N,30_35,2.0,,,,True,0.0,1.0,0.0,offpiste,12,0
2006-12-31,0.0,2006/07,VD,Château-d’Œx,46.38336125,7.14720458,100.0,2420.0,N,40_45,1.0,,,,True,0.0,2.0,0.0,tour,12,0
2007-01-01,0.0,2006/07,BE,Lauenen,46.38126899,7.34595968,100.0,2000.0,W,35_40,3.0,,,,True,1.0,2.0,1.0,tour,1,1
2007-01-02,0.0,2006/07,GR,Davos,46.73186122,9.80644237,0.0,2330.0,N,35_40,2.0,,,,True,0.0,1.0,0.0,offpiste,1,0
2007-01-03,0.0,2006/07,UR,Andermatt,46.6161034,8.62665908,,2200.0,E,35_40,3.0,,,,True,0.0,1.0,0.0,offpiste,1,0
2007-01-03,0.0,2006/07,VS,Anniviers,46.23832244,7.61287534,0.0,2450.0,NW,,3.0,,,,True,0.0,2.0,1.0,offpiste,1,0
2007-01-03,0.0,2006/07,VS,Riddes,46.10357239,7.26663958,,,,,3.0,,,,True,0.0,1.0,0.0,,1,0
2007-01-03,0.0,2006/07,SG,Vilters-Wangs,46.98171628,9.41551144,0.0,2160.0,NE,30_35,3.0,,,,True,0.0,2.0,1.0,offpiste,1,0
2007-01-03,0.0,2006/07,VS,Chandolin,46.25938071,7.60723629,100.0,2460.0,W,35_40,3.0,,,,True,0.0,2.0,0.0,offpiste,1,0
2007-01-03,0.0,2006/07,BE,Adelboden,46.44191765,7.50552292,0.0,2100.0,NE,30_35,4.0,,,,False,0.0,2.0,1.0,offpiste,1,0
2007-01-05,0.0,2006/07,VS,Nendaz,46.09282247,7.29899748,0.0,2740.0,N,35_40,3.0,,,,True,0.0,1.0,0.0,offpiste,1,0
2007-01-05,0.0,2006/07,GR,Samnaun,46.96958713,10.33681502,250.0,2800.0,SE,,3.0,,,,True,0.0,1.0,1.0,offpiste,1,0
2007-01-05,0.0,2006/07,VS,Fiesch,46.42192118,8.08579159,0.0,2730.0,E,35_40,3.0,,,,True,0.0,1.0,0.0,offpiste,1,0
2007-01-05,0.0,2006/07,GR,Laax,46.86990529,9.21013985,0.0,2460.0,SW,30_35,3.0,,,,True,0.0,1.0,0.0,offpiste,1,0
2007-01-05,0.0,2006/07,GL,Netstal,47.05161808,9.11675644,100.0,2240.0,NW,,3.0,,,,True,0.0,1.0,0.0,tour,1,0
2007-01-06,0.0,2006/07,VS,Arbaz,46.31868454,7.38475656,0.0,2600.0,NW,35_40,3.0,,,,True,0.0,1.0,0.0,offpiste,1,0
2007-01-06,0.0,2006/07,SG,Sevelen,47.13005312,9.39673107,0.0,2320.0,N,40_45,3.0,,,,True,0.0,18.0,1.0,tour,1,0
2007-01-06,0.0,2006/07,GR,Arosa,46.7483614,9.62917823,0.0,2340.0,N,,3.0,,,,True,0.0,1.0,0.0,tour,1,0
2007-01-06,0.0,2006/07,VS,Bagnes,46.11430832,7.23168201,,,,,3.0,,,,True,0.0,1.0,0.0,,1,0
2007-01-06,0.0,2006/07,GR,S-chanf,46.65889141,10.00310358,0.0,2090.0,NE,30_35,3.0,,,,False,1.0,1.0,1.0,tour,1,1
2007-01-06,0.0,2006/07,GL,Schwanden,46.95243554,9.11904491,0.0,2200.0,NW,,3.0,,,,True,0.0,3.0,2.0,tour,1,0
2007-01-06,0.0,2006/07,BE,Lauterbrunnen,46.55717261,7.84289392,0.0,2700.0,NE,40_45,3.0,,,,True,0.0,2.0,0.0,offpiste,1,0
2007-01-06,0.0,2006/07,VS,Martigny-Combe,46.04082478,7.02334415,100.0,2550.0,N,,3.0,,,,True,0.0,1.0,0.0,tour,1,0
2007-01-06,0.0,2006/07,LI,Triesenberg,47.08427599,9.60601193,,2190.0,NW,30_35,3.0,,,,True,1.0,1.0,1.0,tour,1,1
2007-01-07,0.0,2006/07,GR,Davos,46.83149613,9.81463041,0.0,2480.0,NE,35_40,3.0,,,,True,0.0,1.0,1.0,offpiste,1,0
2007-01-07,0.0,2006/07,NW,Wolfenschiessen,46.8661124,8.46926964,0.0,2340.0,W,35_40,3.0,,,,True,0.0,2.0,0.0,tour,1,0
2007-01-08,0.0,2006/07,SG,Mels,46.97013067,9.39852213,0.0,2570.0,W,30_35,3.0,,,,True,1.0,1.0,1.0,tour,1,1
2007-01-14,0.0,2006/07,GR,Davos,46.83251496,9.80890558,0.0,2620.0,NE,35_40,2.0,,,,True,0.0,1.0,0.0,offpiste,1,0
2007-01-14,0.0,2006/07,UR,Realp,46.61519986,8.41918399,0.0,3400.0,SE,45_90,2.0,,,,True,0.0,1.0,0.0,tour,1,0
2007-01-14,0.0,2006/07,VS,Obergoms,46.53542951,8.35112462,,,,,2.0,,,,True,0.0,1.0,0.0,tour,1,0
2007-01-20,0.0,2006/07,GR,Samnaun,46.97057938,10.34028767,0.0,2740.0,SE,35_40,3.0,,,,True,0.0,5.0,1.0,offpiste,1,0
2007-01-27,0.0,2006/07,VS,Radogne,46.37058804,7.49503854,250.0,2800.0,SW,35_40,2.0,,,,True,0.0,1.0,0.0,transportation.corridor,1,0
2007-01-27,0.0,2006/07,TI,Vaglio,46.10545441,9.00939783,250.0,1700.0,S,,2.0,,,,True,0.0,1.0,0.0,tour,1,0
2007-01-28,0.0,2006/07,VS,Troistorrents,46.20288243,6.84266937,,,,,2.0,,,,True,0.0,1.0,1.0,,1,0
2007-02-07,0.0,2006/07,UR,Realp,46.60189779,8.54542061,0.0,2060.0,N,35_40,2.0,,,,False,0.0,1.0,0.0,offpiste,2,0
2007-02-09,0.0,2006/07,GR,Davos,46.77751464,9.92792277,0.0,2090.0,N,30_35,2.0,,,,False,0.0,2.0,0.0,tour,2,0
2007-02-09,0.0,2006/07,GR,Klosters-Serneus,46.85837329,9.79876265,0.0,2220.0,E,35_40,2.0,,,,False,0.0,1.0,0.0,offpiste,2,0
2007-02-09,0.0,2006/07,GR,Fuldera,46.59768825,10.34205922,100.0,2470.0,NE,30_35,2.0,,,,True,0.0,1.0,0.0,tour,2,0
2007-02-13,0.0,2006/07,VD,Leysin,46.36028478,7.00328389,0.0,2000.0,SE,35_40,3.0,,,,True,1.0,1.0,1.0,offpiste,2,1
2007-02-14,0.0,2006/07,VS,Bagnes,46.03921736,7.19721958,0.0,2300.0,NW,40_45,3.0,,,,True,2.0,2.0,2.0,offpiste,2,1
2007-02-15,0.0,2006/07,VS,Riddes,46.10988709,7.27877733,0.0,2770.0,W,30_35,3.0,,,,True,0.0,3.0,3.0,offpiste,2,0
2007-02-15,0.0,2006/07,BE,Hasliberg,46.74169806,8.24534677,100.0,2080.0,N,35_40,3.0,,,,True,0.0,1.0,0.0,offpiste,2,0
2007-02-15,0.0,2006/07,GR,Samedan,46.50511413,9.94693614,0.0,2880.0,SW,,3.0,,,,True,0.0,1.0,0.0,tour,2,0
2007-02-15,0.0,2006/07,GR,Disentis/Mustér,46.69954315,8.7886836,0.0,2190.0,NE,,3.0,,,,False,0.0,1.0,0.0,offpiste,2,0
2007-02-15,0.0,2006/07,GR,Davos,46.82789245,9.80614508,0.0,2580.0,E,35_40,3.0,,,,True,0.0,1.0,1.0,offpiste,2,0
2007-02-15,0.0,2006/07,VS,Mont-Noble,46.22874093,7.42826774,,,,,3.0,,,,True,0.0,1.0,0.0,tour,2,0
2007-02-16,0.0,2006/07,BE,Adelboden,46.46584851,7.50112613,250.0,2050.0,N,,2.0,,,,True,0.0,1.0,0.0,offpiste,2,0
2007-02-16,0.0,2006/07,OW,Kerns,46.77920435,8.23346791,0.0,2220.0,E,35_40,3.0,,,,True,0.0,1.0,0.0,tour,2,0
2007-02-16,0.0,2006/07,VS,Bagnes,46.08286812,7.30198327,100.0,2880.0,SW,30_35,3.0,,,,True,0.0,3.0,0.0,transportation.corridor,2,0
2007-02-16,0.0,2006/07,VS,Anniviers,46.19811097,7.54007155,0.0,2660.0,E,35_40,3.0,,,,True,1.0,1.0,1.0,offpiste,2,1
2007-02-17,0.0,2006/07,BE,Grindelwald,46.67030823,8.01689216,0.0,2300.0,E,,2.0,,,,True,0.0,5.0,0.0,tour,2,0
2007-02-17,0.0,2006/07,GR,Davos,46.70988959,9.82431757,0.0,2940.0,SW,40_45,3.0,,,,True,0.0,1.0,0.0,tour,2,0
2007-02-17,0.0,2006/07,BE,Saanen,46.43992583,7.35275601,0.0,2400.0,NW,35_40,3.0,,,,True,0.0,7.0,3.0,tour,2,0
2007-02-18,0.0,2006/07,VD,Ormont-Dessous,46.38046799,7.10900552,100.0,2050.0,W,35_40,2.0,,,,True,0.0,4.0,0.0,tour,2,0
2007-02-19,0.0,2006/07,VS,Bourg-Saint-Pierre,45.92277957,7.22312492,0.0,2680.0,NE,30_35,2.0,,,,True,0.0,3.0,0.0,tour,2,0
2007-02-19,0.0,2006/07,VS,Nendaz,46.07244696,7.34105513,250.0,2900.0,N,30_35,2.0,,,,True,0.0,1.0,0.0,tour,2,0
2007-02-20,0.0,2006/07,GR,Schiers,47.00246128,9.81141804,0.0,2380.0,N,35_40,2.0,,,,True,0.0,1.0,0.0,tour,2,0
2007-02-20,0.0,2006/07,VS,Bourg-Saint-Pierre,45.94964523,7.20780212,,,,,2.0,,,,True,0.0,1.0,1.0,tour,2,0
2007-02-24,0.0,2006/07,UR,Andermatt,46.61108989,8.59808918,0.0,2380.0,W,35_40,2.0,,,,True,0.0,1.0,0.0,offpiste,2,0
2007-02-25,0.0,2006/07,GR,Davos,46.68638426,9.81216196,250.0,2700.0,SW,0_30,2.0,,,,False,0.0,2.0,0.0,tour,2,0
2007-02-27,0.0,2006/07,OW,Engelberg,46.79399482,8.41444702,,,NW,,3.0,,,,True,0.0,1.0,0.0,offpiste,2,0
2007-02-28,0.0,2006/07,OW,Kerns,46.78061917,8.2869174,0.0,2100.0,NW,45_90,3.0,,,,True,0.0,1.0,0.0,offpiste,2,0
2007-03-02,0.0,2006/07,OW,Kerns,46.75543147,8.286783,0.0,2210.0,NW,40_45,3.0,,,,True,0.0,1.0,0.0,transportation.corridor,3,0
2007-03-04,0.0,2006/07,VS,Bagnes,46.10114282,7.26612996,250.0,2660.0,W,,3.0,,,,True,0.0,1.0,0.0,offpiste,3,0
2007-03-04,0.0,2006/07,VS,Bagnes,46.10033445,7.26693426,100.0,2660.0,W,40_45,3.0,,,,True,0.0,1.0,0.0,offpiste,3,0
2007-03-04,,2006/07,VS,Bagnes,46.10060349,7.2663903,100.0,2650.0,W,40_45,3.0,,,,True,0.0,1.0,0.0,offpiste,3,0
2007-03-04,0.0,2006/07,VS,Bagnes,46.09916421,7.26639484,100.0,2640.0,W,40_45,3.0,,,,True,0.0,1.0,0.0,offpiste,3,0
2007-03-04,0.0,2006/07,GR,Nufenen,46.5710997,9.23244903,100.0,2730.0,E,,3.0,,,,True,0.0,2.0,0.0,tour,3,0
2007-03-04,0.0,2006/07,VS,Gampel-Bratsch,46.31559132,7.74242969,,,,,3.0,,,,True,0.0,1.0,0.0,tour,3,0
2007-03-04,0.0,2006/07,GR,Vaz/Obervaz,46.74751395,9.59333843,500.0,,NW,,3.0,,,,True,0.0,1.0,0.0,offpiste,3,0
2007-03-04,0.0,2006/07,GR,Safien,46.6224667,9.23885575,,,,,3.0,,,,True,0.0,1.0,0.0,tour,3,0
2007-03-04,0.0,2006/07,GR,Scuol,46.6916201,10.37197453,100.0,2340.0,N,30_35,3.0,,,,True,0.0,3.0,1.0,tour,3,0
2007-03-04,0.0,2006/07,GR,Davos,46.73968097,9.8241965,0.0,2220.0,NE,30_35,3.0,,,,True,0.0,1.0,0.0,offpiste,3,0
2007-03-04,0.0,2006/07,GR,Samedan,46.43265578,9.84335332,0.0,2700.0,E,,2.0,,,,True,0.0,1.0,0.0,tour,3,0
2007-03-04,0.0,2006/07,GR,Davos,46.80740473,9.94392054,0.0,2690.0,W,35_40,3.0,,,,True,0.0,2.0,0.0,tour,3,0
2007-03-04,0.0,2006/07,VD,Château-d’Œx,46.38265779,7.1535777,100.0,2400.0,NE,40_45,3.0,,,,True,1.0,2.0,1.0,tour,3,1
2007-03-04,0.0,2006/07,GR,Klosters-Serneus,46.85775055,9.81579051,0.0,2440.0,NE,35_40,3.0,,,,True,1.0,1.0,1.0,offpiste,3,1
2007-03-04,0.0,2006/07,VS,Zermatt,45.98887887,7.80088295,0.0,3220.0,W,35_40,3.0,,,,True,1.0,1.0,1.0,offpiste,3,1
2007-03-05,,2006/07,GR,Davos,46.76888271,9.85849657,0.0,2460.0,N,35_40,3.0,,,,True,0.0,1.0,0.0,offpiste,3,0
2007-03-05,0.0,2006/07,GR,Davos,46.72303225,9.88365888,0.0,2520.0,NE,30_35,3.0,,,,True,0.0,1.0,0.0,tour,3,0
2007-03-06,0.0,2006/07,VS,Nendaz,46.09389269,7.33170731,0.0,2620.0,NE,30_35,3.0,,,,True,0.0,2.0,0.0,offpiste,3,0
2007-03-07,,2006/07,GR,Ramosch,46.87448136,10.37408353,500.0,2600.0,E,,3.0,,,,True,0.0,2.0,1.0,tour,3,0
2007-03-08,,2006/07,VS,Grimentz,46.14053395,7.54604675,0.0,3030.0,NW,35_40,3.0,,,,True,0.0,2.0,0.0,tour,3,0
2007-03-09,0.0,2006/07,GR,Langwies,46.82808992,9.80530148,0.0,2590.0,SW,35_40,2.0,,,,True,0.0,1.0,0.0,offpiste,3,0
2007-03-09,0.0,2006/07,VS,Bagnes,45.95426232,7.27613635,,,,,2.0,,,,True,0.0,1.0,0.0,tour,3,0
2007-03-09,0.0,2006/07,GR,Safien,46.64856331,9.32217279,100.0,2630.0,NE,,2.0,,,,True,0.0,2.0,0.0,tour,3,0
2007-03-10,,2006/07,VS,Savièse,46.34475319,7.35420534,100.0,2800.0,NW,,2.0,,,,True,1.0,3.0,2.0,tour,3,1
2007-03-10,0.0,2006/07,VS,Bourg-Saint-Pierre,45.9195023,7.25162193,0.0,2480.0,N,30_35,2.0,,,,True,0.0,1.0,1.0,tour,3,0
2007-03-11,,2006/07,BE,Rüschegg,46.70685676,7.43079124,250.0,1900.0,N,,2.0,,,,True,0.0,1.0,0.0,tour,3,0
2007-03-11,0.0,2006/07,VS,Leukerbad,46.42384475,7.64703277,0.0,2880.0,SW,,3.0,,,,True,0.0,3.0,0.0,tour,3,0
2007-03-11,0.0,2006/07,GR,Davos,46.74051758,9.86560104,0.0,2640.0,NW,35_40,2.0,,,,True,0.0,1.0,0.0,tour,3,0
2007-03-11,0.0,2006/07,VS,Saas-Grund,46.13247003,7.99450062,100.0,3160.0,NW,,3.0,,,,True,0.0,1.0,0.0,tour,3,0
2007-03-11,0.0,2006/07,VS,Evolène,45.98855733,7.47089964,500.0,3237.0,E,,2.0,,,,True,0.0,1.0,0.0,tour,3,0
2007-03-11,0.0,2006/07,VS,Ayent,46.3312821,7.39318517,0.0,2500.0,N,,2.0,,,,True,0.0,1.0,0.0,tour,3,0
2007-03-11,0.0,2006/07,GR,Davos,46.77691338,9.91833179,0.0,2340.0,NE,30_35,2.0,,,,True,0.0,1.0,1.0,tour,3,0
2007-03-11,,2006/07,BE,Adelboden,46.42073939,7.55362535,250.0,2700.0,N,35_40,3.0,,,,True,0.0,1.0,0.0,tour,3,0
2007-03-11,0.0,2006/07,GR,Safien,46.57702421,9.23903938,100.0,2750.0,N,,3.0,,,,True,0.0,1.0,0.0,tour,3,0
2007-03-11,0.0,2006/07,GR,Arosa,46.74079751,9.68496198,0.0,2700.0,N,40_45,2.0,,,,True,0.0,3.0,1.0,tour,3,0
2007-03-12,0.0,2006/07,VS,Wiler,46.43382134,7.76521017,0.0,2820.0,SW,35_40,2.0,,,,True,0.0,1.0,0.0,tour,3,0
2007-03-12,0.0,2006/07,VS,Zermatt,46.00138403,7.82742739,0.0,2740.0,NW,0_30,2.0,,,,True,1.0,1.0,1.0,tour,3,1
2007-03-18,0.0,2006/07,GR,Davos,46.74780071,9.81892617,100.0,2130.0,E,40_45,2.0,,,,True,0.0,1.0,0.0,offpiste,3,0
2007-03-19,0.0,2006/07,VS,Martigny-Combe,46.04393243,7.02448319,0.0,2380.0,N,35_40,3.0,,,,True,0.0,2.0,1.0,tour,3,0
2007-03-20,0.0,2006/07,BE,Hasliberg,46.75570242,8.249483,100.0,1910.0,SW,,3.0,,,,True,0.0,1.0,0.0,transportation.corridor,3,0
2007-03-24,0.0,2006/07,VS,Mollens,46.36715556,7.51855571,0.0,2460.0,E,30_35,3.0,,,,True,1.0,4.0,1.0,offpiste,3,1
2007-03-25,0.0,2006/07,OW,Engelberg,46.78472717,8.4292748,0.0,2500.0,NW,35_40,3.0,,,,True,1.0,1.0,1.0,offpiste,3,1
2007-03-25,0.0,2006/07,GR,Davos,46.74155723,9.81622853,0.0,2320.0,NE,40_45,2.0,,,,True,0.0,1.0,0.0,offpiste,3,0
2007-03-25,0.0,2006/07,GR,Susch,46.70872127,9.95608203,0.0,2620.0,N,35_40,2.0,,,,True,1.0,1.0,1.0,tour,3,1
2007-03-25,0.0,2006/07,BE,Lauterbrunnen,46.5580466,7.87419854,,2000.0,N,,3.0,,,,True,0.0,1.0,0.0,offpiste,3,0
2007-03-26,0.0,2006/07,GR,Davos,46.85208053,9.82013119,0.0,2380.0,NE,30_35,3.0,,,,True,0.0,1.0,0.0,offpiste,3,0
2007-04-01,0.0,2006/07,GL,Elm,46.87132775,9.12189022,250.0,1800.0,NE,,2.0,,,,False,0.0,3.0,0.0,tour,4,0
2007-04-02,0.0,2006/07,GR,Molinis,46.79403513,9.64066707,0.0,2490.0,NE,40_45,2.0,,,,True,0.0,1.0,0.0,offpiste,4,0
2007-04-04,0.0,2006/07,VS,Bourg-Saint-Pierre,45.93313162,7.28200039,100.0,3400.0,SW,40_45,2.0,,,,True,0.0,4.0,0.0,tour,4,0
2007-04-06,,2006/07,VS,Anniviers,46.20549981,7.64368429,100.0,2860.0,NW,,2.0,,3.0,,True,0.0,1.0,0.0,tour,4,0
2007-04-07,0.0,2006/07,GR,Davos,46.76836599,9.85952118,0.0,2520.0,N,,2.0,,2.0,,True,0.0,1.0,0.0,offpiste,4,0
2007-04-07,0.0,2006/07,GR,Davos,46.72705706,9.8382305,0.0,2150.0,E,,2.0,,2.0,,True,0.0,1.0,0.0,tour,4,0
2007-04-08,0.0,2006/07,VS,Bourg-Saint-Pierre,45.86639517,7.17956705,250.0,2600.0,N,,2.0,,3.0,,True,0.0,1.0,0.0,tour,4,0
2007-04-09,0.0,2006/07,GR,Davos,46.71558535,9.84236503,100.0,2200.0,E,,2.0,,2.0,,True,0.0,1.0,0.0,tour,4,0
2007-04-12,0.0,2006/07,GR,Klosters-Serneus,46.85902823,9.82142289,100.0,2420.0,NW,35_40,1.0,,3.0,,True,0.0,1.0,0.0,offpiste,4,0
2007-04-15,0.0,2006/07,GR,Avers,46.4185768,9.55645547,,2300.0,W,,2.0,,3.0,,True,0.0,1.0,0.0,tour,4,0
2007-04-22,0.0,2006/07,GR,Bivio,46.45328095,9.70259907,0.0,2580.0,NE,,1.0,,2.0,,True,0.0,1.0,0.0,tour,4,0
2007-05-03,0.0,2006/07,VS,Zermatt,45.94046291,7.74744056,250.0,4100.0,SW,30_35,,,,,,0.0,5.0,0.0,tour,5,0
2007-05-08,0.0,2006/07,VS,Blatten,46.42060749,7.81976342,,,,,,,,,,0.0,1.0,0.0,tour,5,0
2007-05-17,0.0,2006/07,VS,Zermatt,45.98191803,7.78315906,100.0,2990.0,SW,45_90,,,,,,0.0,3.0,0.0,tour,5,0
2007-05-18,0.0,2006/07,BE,Gadmen,46.65645354,8.34794246,500.0,3200.0,NE,35_40,,,,,,0.0,2.0,0.0,tour,5,0
2007-05-28,0.0,2006/07,VS,Zermatt,45.9817302,7.78573857,250.0,2900.0,SE,,,,,,,0.0,1.0,0.0,transportation.corridor,5,0
2007-07-12,0.0,2006/07,BE,Lauterbrunnen,46.53508965,7.96363232,0.0,4000.0,SE,40_45,,,,,,6.0,14.0,0.0,tour,7,1
2007-08-11,0.0,2006/07,GR,Samedan,46.37949295,9.87457262,0.0,3600.0,W,,,,,,,0.0,2.0,0.0,tour,8,0
2007-08-11,0.0,2006/07,VS,Zermatt,45.93752804,7.85918119,0.0,4270.0,W,,,,,,,0.0,6.0,0.0,tour,8,0
2007-08-14,0.0,2006/07,BE,Guttannen,46.57387204,8.13000481,500.0,,S,,,,,,,0.0,2.0,0.0,tour,8,0
2007-11-29,0.0,2007/08,GR,Langwies,46.77554304,9.72531458,100.0,2700.0,N,,2.0,,,,True,0.0,1.0,0.0,tour,11,0
2007-12-01,0.0,2007/08,GR,Davos,46.67528844,9.83063259,100.0,2970.0,N,,2.0,,,,True,0.0,8.0,0.0,tour,12,0
2007-12-08,0.0,2007/08,VS,Leytron,46.18712666,7.20809199,,,,,,,,,,0.0,1.0,0.0,tour,12,0
2007-12-14,0.0,2007/08,UR,Andermatt,46.63430845,8.64926229,100.0,2750.0,W,35_40,,,,,,0.0,1.0,0.0,tour,12,0
2007-12-16,0.0,2007/08,VS,Nendaz,46.10210018,7.35763244,0.0,3070.0,W,,,,,,,0.0,2.0,0.0,tour,12,0
2007-12-21,0.0,2007/08,GR,Davos,46.80741638,9.91449424,0.0,2370.0,W,35_40,,,,,,0.0,1.0,0.0,offpiste,12,0
2007-12-22,0.0,2007/08,SG,Mels,47.03242193,9.30525711,0.0,2200.0,E,,,,,,,0.0,1.0,0.0,tour,12,0
2007-12-22,0.0,2007/08,OW,Kerns,46.81916939,8.30456057,250.0,1580.0,SW,,,,,,,0.0,1.0,0.0,tour,12,0
2008-01-03,0.0,2007/08,GR,Tavetsch/Tujetsch,46.65614557,8.66837063,250.0,2200.0,NE,30_35,2.0,,,,True,0.0,3.0,0.0,tour,1,0
2008-01-03,0.0,2007/08,BE,Lenk,46.4208573,7.52156152,0.0,2200.0,N,35_40,2.0,,,,True,1.0,1.0,1.0,tour,1,1
2008-01-04,,2007/08,VS,Albinen,46.36481462,7.65694197,0.0,2400.0,W,30_35,3.0,,,,True,0.0,1.0,0.0,offpiste,1,0
2008-01-04,0.0,2007/08,SZ,Oberiberg,47.00823798,8.83590576,0.0,1970.0,W,30_35,2.0,,,,True,0.0,1.0,0.0,tour,1,0
2008-01-04,0.0,2007/08,VS,Liddes,45.96847355,7.1793421,100.0,2160.0,NW,30_35,3.0,,,,True,0.0,8.0,1.0,tour,1,0
2008-01-04,0.0,2007/08,SZ,Muotathal,46.96340152,8.70727146,0.0,1560.0,N,30_35,3.0,,,,False,0.0,2.0,0.0,tour,1,0
2008-01-04,0.0,2007/08,GR,Klosters-Serneus,46.90015861,9.99032968,,2640.0,,,2.0,,,,True,0.0,1.0,1.0,tour,1,0
2008-01-04,0.0,2007/08,VS,Evolène,46.01788679,7.43347247,0.0,2880.0,SE,,3.0,,,,True,0.0,2.0,0.0,tour,1,0
2008-01-07,0.0,2007/08,VS,Riddes,46.10267811,7.27013402,250.0,2600.0,N,,3.0,,,,True,0.0,1.0,0.0,offpiste,1,0
2008-01-09,0.0,2007/08,GR,Stierva,46.64561387,9.50525434,0.0,2250.0,NE,35_40,3.0,,,,True,0.0,1.0,0.0,tour,1,0
2008-01-11,0.0,2007/08,VS,Grimentz,46.11441943,7.57186483,,,,,,,,,,0.0,1.0,0.0,tour,1,0
2008-01-13,0.0,2007/08,GR,Pontresina,46.4090524,9.96448092,0.0,2830.0,SW,35_40,,,,,,1.0,1.0,1.0,tour,1,1
2008-01-13,0.0,2007/08,VS,Zermatt,45.9905373,7.72475127,,2200.0,NE,,,,,,,0.0,1.0,0.0,offpiste,1,0
2008-01-13,0.0,2007/08,GR,Klosters-Serneus,46.84723073,9.81099698,0.0,2480.0,W,35_40,,,,,,1.0,3.0,2.0,offpiste,1,1
2008-01-13,0.0,2007/08,GR,Disentis/Mustér,46.70466054,8.79338893,0.0,2200.0,SE,35_40,,,,,,0.0,1.0,0.0,offpiste,1,0
2008-01-13,0.0,2007/08,VS,Bourg-Saint-Pierre,45.96058785,7.23819627,0.0,2680.0,W,,,,,,,0.0,1.0,1.0,tour,1,0
2008-01-13,0.0,2007/08,GR,Davos,46.7953448,9.91918088,250.0,2100.0,W,35_40,,,,,,0.0,1.0,0.0,tour,1,0
2008-01-13,0.0,2007/08,GR,Tschiertschen,46.79729318,9.58773045,0.0,2260.0,E,,,,,,,0.0,8.0,0.0,transportation.corridor,1,0
2008-01-13,0.0,2007/08,VS,Zermatt,45.9971661,7.7354988,,,,,,,,,,0.0,1.0,0.0,offpiste,1,0
2008-01-13,0.0,2007/08,GR,Davos,46.74717816,9.81252264,0.0,2210.0,W,35_40,,,,,,0.0,2.0,0.0,offpiste,1,0
2008-01-13,,2007/08,GR,Davos,46.73317699,9.80375149,0.0,2210.0,NW,35_40,,,,,,0.0,1.0,0.0,offpiste,1,0
2008-01-13,,2007/08,BE,Adelboden,46.42925327,7.58174447,,,,,,,,,,0.0,1.0,0.0,tour,1,0
2008-01-13,0.0,2007/08,FR,Grandvillard,46.5235881,7.14110689,100.0,2200.0,NW,40_45,,,,,,0.0,1.0,0.0,tour,1,0
2008-01-13,0.0,2007/08,GR,Davos,46.74526757,9.87497959,100.0,2400.0,NE,,,,,,,0.0,1.0,0.0,tour,1,0
2008-01-13,0.0,2007/08,SG,Grabs,47.15796954,9.32533435,0.0,1940.0,NE,30_35,,,,,,0.0,1.0,0.0,tour,1,0
2008-01-14,0.0,2007/08,GR,Klosters-Serneus,46.82931482,9.89648833,500.0,,,,,,,,,0.0,1.0,0.0,offpiste,1,0
2008-01-15,0.0,2007/08,GR,Zuoz,46.58818206,9.99961686,0.0,2510.0,N,35_40,,,,,,0.0,1.0,1.0,tour,1,0
2008-01-15,0.0,2007/08,VS,Zermatt,46.00036231,7.7819844,100.0,2520.0,NE,35_40,,,,,,1.0,1.0,1.0,offpiste,1,1
2008-01-17,0.0,2007/08,VS,Zermatt,45.9962011,7.75937126,0.0,2480.0,NW,,,,,,,0.0,1.0,0.0,offpiste,1,0
2008-01-18,0.0,2007/08,GR,Vals,46.58668177,9.12187795,0.0,2120.0,SE,30_35,,,,,,0.0,2.0,0.0,offpiste,1,0
2008-01-19,0.0,2007/08,GR,Silvaplana,46.44162279,9.82786855,100.0,2450.0,,,,,,,,0.0,2.0,1.0,offpiste,1,0
2008-01-19,0.0,2007/08,GR,Fideris,46.86891228,9.76623667,0.0,2280.0,NW,35_40,,,,,,0.0,1.0,1.0,tour,1,0
2008-01-19,0.0,2007/08,VS,Zermatt,46.03691625,7.80042619,0.0,3100.0,SW,35_40,,,,,,1.0,3.0,1.0,transportation.corridor,1,1
2008-01-21,0.0,2007/08,GR,Celerina/Schlarigna,46.51270053,9.7943765,100.0,2820.0,SE,,,,,,,0.0,1.0,0.0,offpiste,1,0
2008-01-24,0.0,2007/08,GR,Parpan,46.78454032,9.58158837,100.0,2200.0,W,0_30,,,,,,0.0,1.0,0.0,offpiste,1,0
2008-01-25,0.0,2007/08,VS,Bagnes,46.04124653,7.35854932,0.0,3060.0,SW,30_35,,,,,,0.0,1.0,0.0,tour,1,0
2008-01-31,0.0,2007/08,GR,Tschierv,46.62226102,10.27792604,0.0,2600.0,W,30_35,,,,,,0.0,4.0,0.0,tour,1,0
2008-02-03,0.0,2007/08,UR,Andermatt,46.60316976,8.6159325,250.0,,E,,,,,,,0.0,1.0,0.0,offpiste,2,0
2008-02-03,0.0,2007/08,SG,Wildhaus,47.23705243,9.32006876,0.0,1950.0,NE,40_45,,,,,,0.0,1.0,0.0,tour,2,0
2008-02-03,0.0,2007/08,SG,Amden,47.15474613,9.22286775,100.0,1600.0,NW,,,,,,,0.0,2.0,0.0,tour,2,0
2008-02-07,0.0,2007/08,GR,Langwies,46.83299078,9.79896043,0.0,2700.0,SE,40_45,2.0,,,,True,0.0,1.0,0.0,offpiste,2,0
2008-02-08,0.0,2007/08,BE,Lauterbrunnen,46.5720542,7.87855066,100.0,2380.0,N,,2.0,,,,True,0.0,1.0,0.0,offpiste,2,0
2008-02-08,0.0,2007/08,GR,Davos,46.72795986,9.81661032,0.0,2540.0,NW,45_90,2.0,,,,True,0.0,1.0,0.0,offpiste,2,0
2008-02-09,0.0,2007/08,VS,Grimentz,46.13598784,7.58848048,100.0,2880.0,SW,,2.0,,,,False,0.0,1.0,0.0,tour,2,0
2008-02-11,0.0,2007/08,GR,Davos,46.78536898,9.85387884,0.0,2180.0,NE,40_45,2.0,,,,True,0.0,1.0,0.0,offpiste,2,0
2008-02-13,0.0,2007/08,GR,Davos,46.67261417,9.77298727,500.0,2500.0,NE,,2.0,,,,True,0.0,1.0,0.0,tour,2,0
2008-02-17,0.0,2007/08,FR,Jaun,46.56341729,7.25970102,500.0,2130.0,NW,,1.0,,,,True,0.0,1.0,0.0,tour,2,0
2008-02-23,0.0,2007/08,GR,Mesocco,46.45411502,9.13965896,100.0,2600.0,E,30_35,1.0,,2.0,,True,0.0,1.0,0.0,tour,2,0
2008-02-27,0.0,2007/08,SG,Grabs,47.16293969,9.34041667,0.0,2000.0,NE,35_40,1.0,,,,True,0.0,1.0,0.0,offpiste,2,0
2008-03-02,0.0,2007/08,GR,Susch,46.70587361,9.96072442,0.0,2630.0,N,,3.0,,,,True,0.0,3.0,0.0,tour,3,0
2008-03-02,0.0,2007/08,TI,Bedretto,46.46741585,8.49658401,0.0,2680.0,NW,,3.0,,,,True,0.0,1.0,0.0,tour,3,0
2008-03-02,0.0,2007/08,TI,Bedretto,46.46501541,8.48377811,0.0,2520.0,N,,3.0,,,,True,0.0,2.0,1.0,tour,3,0
2008-03-02,0.0,2007/08,GR,Tschierv,46.63106118,10.24977288,100.0,2550.0,NE,30_35,2.0,,,,True,0.0,1.0,0.0,tour,3,0
2008-03-08,0.0,2007/08,GR,Davos,46.76967571,9.95949482,0.0,2700.0,W,,2.0,,,,True,0.0,1.0,0.0,tour,3,0
2008-03-10,0.0,2007/08,GR,Langwies,46.79853107,9.75459691,100.0,2380.0,NW,30_35,2.0,,,,True,0.0,1.0,0.0,tour,3,0
2008-03-13,0.0,2007/08,VS,Riddes,46.11434437,7.25237744,250.0,2280.0,N,,3.0,,,,True,0.0,1.0,0.0,offpiste,3,0
2008-03-13,0.0,2007/08,VS,Ayer,46.15792882,7.59449547,250.0,2400.0,NE,,3.0,,,,True,0.0,2.0,2.0,offpiste,3,0
2008-03-14,0.0,2007/08,VS,Visperterminen,46.28052874,7.97836753,,,,,3.0,,,,True,0.0,1.0,0.0,tour,3,0
2008-03-15,0.0,2007/08,VS,Evolène,46.01950595,7.43321407,0.0,2920.0,E,35_40,3.0,,3.0,,True,0.0,1.0,1.0,tour,3,0
2008-03-15,0.0,2007/08,VS,Grimentz,46.14306447,7.53285139,0.0,2870.0,E,30_35,2.0,,3.0,,True,0.0,5.0,1.0,tour,3,0
2008-03-16,0.0,2007/08,GR,Susch,46.74138262,9.94832605,0.0,2660.0,NE,0_30,2.0,,3.0,,True,0.0,8.0,4.0,tour,3,0
2008-03-18,0.0,2007/08,GR,Davos,46.80601151,9.78755411,0.0,2480.0,NE,35_40,2.0,,,,True,0.0,1.0,0.0,tour,3,0
2008-03-18,0.0,2007/08,GR,Zuoz,46.56874435,9.99947886,250.0,2800.0,SW,,2.0,,,,True,0.0,6.0,1.0,tour,3,0
2008-03-18,0.0,2007/08,GR,Bergün/Bravuogn,46.56974207,9.72013323,0.0,3110.0,NE,35_40,2.0,,,,True,1.0,1.0,1.0,tour,3,1
2008-03-19,0.0,2007/08,GR,Tschierv,46.62651743,10.28050178,0.0,2490.0,NE,,2.0,,,,True,0.0,1.0,1.0,tour,3,0
2008-03-20,0.0,2007/08,VS,Ayer,46.18629527,7.63291387,,2600.0,N,,2.0,,,,True,0.0,1.0,0.0,tour,3,0
2008-03-22,0.0,2007/08,OW,Lungern,46.791711,8.10660372,,1900.0,S,30_35,3.0,,,,True,0.0,1.0,0.0,offpiste,3,0
2008-03-22,0.0,2007/08,BE,Zweisimmen,46.4990255,7.35070839,0.0,1780.0,W,30_35,3.0,,,,True,0.0,1.0,0.0,offpiste,3,0
2008-03-22,0.0,2007/08,VD,Montreux,46.44713504,6.98171209,,1510.0,,,3.0,,,,False,0.0,1.0,1.0,offpiste,3,0
2008-03-22,0.0,2007/08,BE,Diemtigen,46.54700445,7.45793351,100.0,1800.0,SE,,3.0,,,,True,0.0,3.0,0.0,tour,3,0
2008-03-22,0.0,2007/08,GL,Luchsingen,46.963301,8.99966192,0.0,1680.0,N,,4.0,,,,False,0.0,1.0,0.0,offpiste,3,0
2008-03-24,0.0,2007/08,GR,Sent,46.85180524,10.29202,0.0,2860.0,NW,35_40,2.0,,,,True,0.0,2.0,0.0,tour,3,0
2008-03-25,0.0,2007/08,VS,Isérables,46.12337773,7.27692666,,,,,3.0,,,,True,0.0,1.0,0.0,,3,0
2008-03-25,0.0,2007/08,VS,Bagnes,45.97523735,7.38780402,0.0,3320.0,S,,3.0,,,,True,0.0,5.0,3.0,tour,3,0
2008-03-26,0.0,2007/08,GR,Sur,46.54124428,9.69154308,0.0,3040.0,SW,35_40,3.0,,,,True,0.0,1.0,0.0,tour,3,0
2008-03-28,0.0,2007/08,VS,Orsières,45.99929849,7.10045977,100.0,2470.0,N,35_40,3.0,,,,True,0.0,1.0,0.0,tour,3,0
2008-03-29,0.0,2007/08,VS,Ayer,46.0697305,7.67127197,100.0,3450.0,S,,2.0,,,,True,0.0,1.0,0.0,tour,3,0
2008-03-29,0.0,2007/08,VS,Trient,46.02362149,6.9827975,0.0,2460.0,N,45_90,3.0,,,,False,0.0,1.0,0.0,tour,3,0
2008-03-29,0.0,2007/08,GR,Davos,46.76388352,9.72783175,0.0,2750.0,SW,35_40,2.0,,,,True,0.0,2.0,0.0,tour,3,0
2008-03-29,0.0,2007/08,GR,Poschiavo,46.42451944,10.06802361,0.0,3010.0,E,40_45,2.0,,,,True,0.0,3.0,1.0,tour,3,0
2008-03-29,0.0,2007/08,VS,Orsières,46.01051113,7.09006225,,,,,3.0,,,,True,0.0,1.0,1.0,,3,0
2008-03-30,0.0,2007/08,UR,Spiringen,46.85943399,8.90063828,100.0,2480.0,N,,2.0,,3.0,,True,0.0,1.0,0.0,tour,3,0
2008-03-30,0.0,2007/08,VS,Evolène,46.00295396,7.45019021,100.0,2900.0,NE,,2.0,,2.0,,True,0.0,1.0,0.0,tour,3,0
2008-03-30,0.0,2007/08,VS,Zermatt,45.99621388,7.75485393,,,,,2.0,,2.0,,True,0.0,1.0,0.0,,3,0
2008-03-30,0.0,2007/08,VS,Hérémence,46.01230695,7.41346161,100.0,2950.0,N,,2.0,,2.0,,True,0.0,1.0,0.0,tour,3,0
2008-04-04,0.0,2007/08,NW,Wolfenschiessen,46.785142,8.39752306,0.0,1990.0,NE,30_35,3.0,,,,True,0.0,2.0,0.0,offpiste,4,0
2008-04-04,0.0,2007/08,GR,Davos,46.83196411,9.81029753,0.0,2610.0,NE,35_40,3.0,,,,True,0.0,1.0,0.0,offpiste,4,0
2008-04-07,0.0,2007/08,GR,Davos,46.77399086,9.85059151,0.0,2520.0,NW,45_90,3.0,,,,True,0.0,1.0,0.0,offpiste,4,0
2008-04-07,0.0,2007/08,GR,Langwies,46.83102622,9.7982186,250.0,2700.0,SE,35_40,3.0,,,,True,0.0,2.0,0.0,offpiste,4,0
2008-04-08,0.0,2007/08,VS,Hérémence,46.07761469,7.41795562,250.0,3050.0,NE,30_35,2.0,,,,True,0.0,1.0,0.0,tour,4,0
2008-04-08,0.0,2007/08,GR,Tschlin,46.94289426,10.43657903,0.0,2260.0,N,35_40,3.0,,,,True,0.0,1.0,0.0,tour,4,0
2008-04-08,0.0,2007/08,GR,Bivio,46.4531371,9.63202152,,2100.0,NW,,3.0,,,,False,0.0,1.0,0.0,tour,4,0
2008-04-13,0.0,2007/08,GL,Elm,46.9080533,9.09921183,0.0,2190.0,S,35_40,2.0,,,,False,0.0,1.0,0.0,tour,4,0
2008-04-16,0.0,2007/08,GR,Poschiavo,46.42437261,10.1127908,0.0,3060.0,SW,35_40,2.0,,,,True,1.0,4.0,2.0,tour,4,1
2008-04-19,0.0,2007/08,VS,Orsières,46.0029789,7.04286512,0.0,3160.0,NE,,2.0,,,,True,0.0,1.0,0.0,tour,4,0
2008-04-19,0.0,2007/08,VS,Bourg-Saint-Pierre,45.88478745,7.16685717,250.0,2400.0,N,40_45,2.0,,,,True,0.0,2.0,0.0,tour,4,0
2008-04-19,0.0,2007/08,VS,Bourg-Saint-Pierre,45.8825324,7.16429233,250.0,2630.0,N,,2.0,,,,True,0.0,2.0,0.0,tour,4,0
2008-04-23,0.0,2007/08,VS,Münster-Geschinen,46.51342704,8.22565929,500.0,2500.0,NE,,3.0,,,,True,0.0,1.0,0.0,tour,4,0
2008-04-23,0.0,2007/08,VS,Bagnes,46.05145575,7.30943902,,2210.0,,,3.0,,,,True,0.0,2.0,0.0,tour,4,0
2008-04-28,0.0,2007/08,VS,Orsières,45.96081911,7.02588572,500.0,,NE,,,,,,,0.0,2.0,0.0,tour,4,0
2008-05-03,0.0,2007/08,VS,Orsières,45.95999978,7.02080993,100.0,3820.0,NE,45_90,,,,,,0.0,1.0,0.0,tour,5,0
2008-05-03,0.0,2007/08,AI,Schwende,47.28690259,9.41439931,0.0,1450.0,E,,2.0,,3.0,,True,1.0,1.0,0.0,tour,5,1
2008-05-04,0.0,2007/08,GL,Linthal,46.82702181,8.95152243,0.0,2040.0,SE,30_35,2.0,,3.0,,True,0.0,2.0,0.0,tour,5,0
2008-05-06,0.0,2007/08,UR,Unterschächen,46.87223699,8.79997007,0.0,1590.0,S,,1.0,,3.0,,True,1.0,2.0,0.0,transportation.corridor,5,1
2008-05-10,0.0,2007/08,VS,Orsières,46.03046233,7.14676088,,,,,1.0,,2.0,,True,0.0,2.0,1.0,tour,5,0
2008-06-22,0.0,2007/08,VS,Saas-Fee,46.10714792,7.9262139,,,,,,,,,,0.0,1.0,1.0,tour,6,0
2008-06-28,0.0,2007/08,BE,Kandersteg,46.4326375,7.7014509,500.0,,,,,,,,,0.0,2.0,0.0,tour,6,0
2008-11-23,0.0,2008/09,GR,Davos,46.77317585,9.84614066,0.0,2520.0,N,40_45,3.0,,,,True,0.0,1.0,0.0,offpiste,11,0
2008-11-24,0.0,2008/09,GR,Celerina/Schlarigna,46.51246764,9.78823969,250.0,2780.0,SE,,3.0,,,,True,0.0,1.0,0.0,transportation.corridor,11,0
2008-11-26,0.0,2008/09,VD,Ormont-Dessous,46.33377685,7.21889867,100.0,2780.0,NW,,2.0,,,,True,1.0,1.0,1.0,offpiste,11,1
2008-11-27,0.0,2008/09,VS,Bourg-Saint-Pierre,45.89606817,7.22554889,0.0,2780.0,NW,30_35,2.0,,,,True,0.0,1.0,0.0,tour,11,0
2008-11-30,0.0,2008/09,GR,Davos,46.78266288,9.83880892,100.0,2140.0,NW,,3.0,,,,True,0.0,1.0,0.0,offpiste,11,0
2008-12-02,0.0,2008/09,VS,Zermatt,45.99432704,7.75406864,100.0,2540.0,NW,30_35,3.0,,,,True,0.0,2.0,0.0,offpiste,12,0
2008-12-05,0.0,2008/09,VS,Zermatt,45.99621388,7.75485393,,,,,3.0,,,,True,0.0,1.0,0.0,,12,0
2008-12-07,0.0,2008/09,VS,Zermatt,45.99583964,7.75994995,100.0,2540.0,NW,30_35,3.0,,,,True,0.0,1.0,0.0,offpiste,12,0
2008-12-08,0.0,2008/09,VS,Nendaz,46.08700286,7.33245771,0.0,2743.0,NE,35_40,3.0,,,,True,1.0,3.0,1.0,offpiste,12,1
2008-12-08,0.0,2008/09,VS,Riddes,46.17186246,7.22239974,,,,,3.0,,,,True,0.0,1.0,0.0,,12,0
2008-12-08,0.0,2008/09,BE,Frutigen,46.51799252,7.64244309,100.0,2200.0,NW,40_45,3.0,,,,True,0.0,1.0,0.0,offpiste,12,0
2008-12-13,0.0,2008/09,OW,Kerns,46.77768612,8.29420422,,2110.0,SW,,3.0,,,,False,0.0,1.0,0.0,offpiste,12,0
2008-12-13,0.0,2008/09,VS,Zermatt,45.99385634,7.77678105,0.0,2700.0,N,30_35,3.0,,,,True,0.0,2.0,0.0,offpiste,12,0
2008-12-14,0.0,2008/09,GL,Engi,46.98925587,9.18975396,0.0,2200.0,SE,,3.0,,,,False,0.0,1.0,0.0,tour,12,0
2008-12-14,0.0,2008/09,VS,Saint-Gingolph,46.35182485,6.77283014,250.0,,N,,3.0,,,,True,0.0,1.0,1.0,tour,12,0
2008-12-14,0.0,2008/09,SG,Amden,47.17071035,9.20281834,100.0,1510.0,N,,3.0,,,,False,0.0,1.0,0.0,tour,12,0
2008-12-14,0.0,2008/09,VD,Château-d’Œx,46.38129131,7.14336818,0.0,2300.0,NW,35_40,3.0,,,,True,0.0,1.0,0.0,tour,12,0
2008-12-14,0.0,2008/09,AI,Schwende,47.27660632,9.44996516,0.0,1570.0,SE,30_35,3.0,,,,False,1.0,2.0,0.0,tour,12,1
2008-12-14,0.0,2008/09,VS,Trient,46.03792713,7.01819945,250.0,2200.0,SW,,3.0,,,,True,1.0,3.0,1.0,tour,12,1
2008-12-20,0.0,2008/09,TI,Bedretto,46.47109643,8.49743709,100.0,2560.0,SW,0_30,3.0,,,,True,0.0,4.0,2.0,tour,12,0
2008-12-21,0.0,2008/09,VS,Isérables,46.13463817,7.28853888,0.0,2420.0,W,35_40,2.0,,,,True,0.0,1.0,0.0,offpiste,12,0
2008-12-21,0.0,2008/09,VS,Chandolin,46.25882333,7.60700112,0.0,2447.0,W,35_40,3.0,,,,True,1.0,2.0,1.0,offpiste,12,1
2008-12-21,0.0,2008/09,VS,Grimentz,46.14849618,7.58502027,0.0,2800.0,W,30_35,3.0,,,,True,0.0,1.0,0.0,offpiste,12,0
2008-12-21,0.0,2008/09,VS,Mont-Noble,46.22874093,7.42826774,,,,,3.0,,,,True,0.0,1.0,0.0,,12,0
2008-12-22,0.0,2008/09,GR,Samnaun,46.97164475,10.34442193,0.0,2680.0,SE,,3.0,,,,True,0.0,2.0,1.0,offpiste,12,0
2008-12-22,0.0,2008/09,VS,Mont-Noble,46.19544594,7.49045298,,,,,2.0,,,,True,0.0,1.0,0.0,tour,12,0
2008-12-22,0.0,2008/09,VS,Leytron,46.20491813,7.12509665,0.0,2200.0,NE,,2.0,,,,True,0.0,1.0,0.0,offpiste,12,0
2008-12-23,0.0,2008/09,GR,Silvaplana,46.50648701,9.72854566,0.0,3060.0,S,40_45,3.0,,,,False,0.0,1.0,0.0,tour,12,0
2008-12-23,0.0,2008/09,GR,Lantsch/Lenz,46.74209551,9.60385574,0.0,2840.0,S,40_45,3.0,,,,False,1.0,1.0,1.0,offpiste,12,1
2008-12-23,0.0,2008/09,GR,Laax,46.88201884,9.20647088,100.0,2810.0,E,35_40,2.0,,,,True,0.0,1.0,0.0,transportation.corridor,12,0
2008-12-24,0.0,2008/09,VS,Riederalp,46.35762265,8.03240421,,,,,2.0,,,,True,0.0,1.0,0.0,,12,0
2009-01-01,0.0,2008/09,VD,Château-d’Œx,46.44590537,7.15675911,0.0,1900.0,NW,40_45,2.0,,,,True,0.0,1.0,0.0,tour,1,0
2009-01-20,0.0,2008/09,VS,Zermatt,45.99990703,7.71899178,0.0,2250.0,NE,45_90,3.0,,,,True,1.0,3.0,1.0,offpiste,1,1
2009-01-21,0.0,2008/09,VS,Agarn,46.24744547,7.64415341,250.0,2750.0,NE,,3.0,,,,True,0.0,1.0,0.0,offpiste,1,0
2009-01-21,0.0,2008/09,VD,Ollon,46.3299468,7.12112916,100.0,1880.0,E,35_40,3.0,,,,True,0.0,1.0,0.0,offpiste,1,0
2009-01-22,0.0,2008/09,GR,Silvaplana,46.42530172,9.82936165,0.0,2800.0,N,40_45,3.0,,,,True,0.0,2.0,0.0,transportation.corridor,1,0
2009-01-22,0.0,2008/09,VS,Nendaz,46.10989518,7.28459746,100.0,2500.0,E,35_40,3.0,,,,True,0.0,1.0,0.0,offpiste,1,0
2009-01-22,0.0,2008/09,VS,Anniviers,46.14633826,7.58423795,,,,,3.0,,,,True,0.0,1.0,1.0,,1,0
2009-01-22,0.0,2008/09,GR,Silvaplana,46.4515001,9.82465827,100.0,2380.0,W,35_40,3.0,,,,True,0.0,2.0,0.0,offpiste,1,0
2009-01-24,0.0,2008/09,SG,Grabs,47.16762652,9.33992363,0.0,1880.0,E,40_45,3.0,,,,True,0.0,1.0,0.0,offpiste,1,0
2009-01-24,0.0,2008/09,SG,Grabs,47.1638498,9.33978941,0.0,1980.0,NE,40_45,3.0,,,,True,0.0,2.0,0.0,offpiste,1,0
2009-01-24,0.0,2008/09,VS,Arbaz,46.29889359,7.3834783,,,,,4.0,,,,True,0.0,1.0,0.0,,1,0
2009-01-25,0.0,2008/09,SZ,Unteriberg,47.00337877,8.82412749,100.0,1960.0,N,30_35,3.0,,,,True,0.0,2.0,0.0,tour,1,0
2009-01-25,0.0,2008/09,GR,Klosters-Serneus,46.81179698,9.93239262,250.0,2590.0,,30_35,3.0,,,,True,0.0,1.0,0.0,tour,1,0
2009-01-25,0.0,2008/09,BE,Hasliberg,46.74661094,8.26282593,0.0,2200.0,N,30_35,3.0,,,,True,1.0,2.0,1.0,offpiste,1,1
2009-01-25,0.0,2008/09,VS,Zermatt,46.01962319,7.74724182,,,,,3.0,,,,True,0.0,1.0,0.0,,1,0
2009-01-25,0.0,2008/09,VS,Leytron,46.18712666,7.20809199,,,,,3.0,,,,True,0.0,1.0,0.0,tour,1,0
2009-01-25,0.0,2008/09,GR,Tschiertschen,46.78974904,9.60219504,0.0,2320.0,E,30_35,3.0,,,,True,0.0,1.0,0.0,tour,1,0
2009-01-25,0.0,2008/09,VS,Nendaz,46.08826942,7.33055475,0.0,2780.0,NE,30_35,3.0,,,,True,1.0,2.0,1.0,offpiste,1,1
2009-01-28,0.0,2008/09,VS,Mont-Noble,46.22874093,7.42826774,,,,,3.0,,,,True,0.0,1.0,0.0,,1,0
2009-01-28,0.0,2008/09,VS,Grimentz,46.13472984,7.58744187,0.0,2850.0,W,30_35,3.0,,,,True,0.0,1.0,0.0,offpiste,1,0
2009-01-29,0.0,2008/09,VS,Riddes,46.12022368,7.27305517,0.0,2580.0,W,,3.0,,,,True,0.0,1.0,0.0,tour,1,0
2009-01-31,0.0,2008/09,VS,Bourg-Saint-Pierre,45.92652394,7.16613456,100.0,2800.0,NE,30_35,2.0,,,,True,0.0,1.0,0.0,tour,1,0
2009-02-02,0.0,2008/09,TI,Indemini,46.10394827,8.84392352,100.0,1280.0,S,35_40,2.0,,,,False,0.0,1.0,0.0,transportation.corridor,2,0
2009-02-06,0.0,2008/09,GR,Langwies,46.81143802,9.78931148,0.0,2525.0,N,45_90,2.0,,,,True,0.0,1.0,0.0,tour,2,0
2009-02-06,0.0,2008/09,VS,Zermatt,45.99837072,7.72182353,0.0,2180.0,E,30_35,3.0,,,,True,0.0,1.0,0.0,offpiste,2,0
2009-02-06,0.0,2008/09,GR,Mesocco,46.46112318,9.17008626,,1690.0,E,,4.0,,,,False,0.0,2.0,1.0,offpiste,2,0
2009-02-09,0.0,2008/09,VS,Troistorrents,46.25705274,6.88098319,,,,,3.0,,,,True,0.0,1.0,0.0,tour,2,0
2009-02-11,0.0,2008/09,VS,Nendaz,46.11031329,7.32637232,0.0,2240.0,W,30_35,3.0,,,,True,3.0,4.0,4.0,tour,2,1
2009-02-11,0.0,2008/09,VS,Zermatt,45.98986641,7.70487352,100.0,2620.0,SE,30_35,3.0,,,,True,0.0,1.0,0.0,offpiste,2,0
2009-02-13,0.0,2008/09,VS,Fieschertal,46.42355689,8.09855973,0.0,2560.0,S,30_35,3.0,,,,True,0.0,2.0,0.0,tour,2,0
2009-02-14,0.0,2008/09,GR,Flims,46.86336253,9.23790532,0.0,2100.0,E,40_45,3.0,,,,True,0.0,1.0,1.0,offpiste,2,0
2009-02-14,0.0,2008/09,VS,Mase,46.18744001,7.49018633,0.0,2620.0,SW,,3.0,,,,True,0.0,1.0,0.0,tour,2,0
2009-02-15,0.0,2008/09,UR,Sisikon,46.91717265,8.68976867,0.0,2090.0,N,35_40,3.0,,,,True,0.0,1.0,0.0,tour,2,0
2009-02-15,0.0,2008/09,VS,Saillon,46.19015469,7.12129572,500.0,2500.0,E,,3.0,,,,True,0.0,1.0,0.0,tour,2,0
2009-02-15,0.0,2008/09,VS,Liddes,45.96857337,7.22707278,100.0,2360.0,NW,30_35,3.0,,,,True,0.0,3.0,0.0,tour,2,0
2009-02-15,0.0,2008/09,GR,Saas,46.92249465,9.91585908,0.0,2380.0,W,35_40,3.0,,,,True,2.0,3.0,3.0,tour,2,1
2009-02-16,0.0,2008/09,GR,Klosters-Serneus,46.8159027,9.90911645,0.0,2380.0,N,40_45,3.0,,,,True,1.0,1.0,1.0,offpiste,2,1
2009-02-17,0.0,2008/09,GR,Disentis/Mustér,46.71191787,8.78833922,250.0,2500.0,S,35_40,3.0,,,,True,0.0,1.0,0.0,offpiste,2,0
2009-02-18,0.0,2008/09,VS,Mont-Noble,46.22874093,7.42826774,,,,,3.0,,,,True,0.0,1.0,0.0,,2,0
2009-02-18,0.0,2008/09,BE,Hasliberg,46.7405955,8.24860166,0.0,2200.0,N,45_90,4.0,,,,True,0.0,2.0,0.0,building,2,0
2009-02-18,0.0,2008/09,VS,Evolène,46.11358416,7.4955491,,,,,3.0,,,,True,0.0,1.0,0.0,tour,2,0
2009-02-18,0.0,2008/09,VS,Zermatt,46.01835992,7.80830897,1000.0,2820.0,W,30_35,3.0,,,,True,0.0,1.0,0.0,offpiste,2,0
2009-02-20,0.0,2008/09,VS,Liddes,45.99187602,7.18568413,,,,,3.0,,,,True,0.0,1.0,0.0,tour,2,0
2009-02-21,0.0,2008/09,VS,Hérémence,46.12209719,7.41703321,500.0,,,,3.0,,,,True,0.0,1.0,0.0,tour,2,0
2009-02-25,0.0,2008/09,GR,Samnaun,46.96959055,10.35794712,0.0,2380.0,SE,30_35,3.0,,,,True,0.0,1.0,1.0,offpiste,2,0
2009-02-27,1.0,2008/09,VS,Naters,46.40189472,7.95642778,0.0,3000.0,E,40_45,3.0,,,,True,0.0,1.0,0.0,offpiste,2,0
2009-02-27,0.0,2008/09,VS,Riddes,46.17186246,7.22239974,,,,,3.0,,,,True,0.0,1.0,0.0,,2,0
2009-02-28,0.0,2008/09,GR,Klosters-Serneus,46.85536378,9.81371717,0.0,2350.0,W,35_40,3.0,,3.0,,True,0.0,1.0,0.0,offpiste,2,0
2009-02-28,0.0,2008/09,GL,Engi,46.98982509,9.1937172,,2100.0,W,35_40,2.0,,3.0,,True,0.0,1.0,0.0,tour,2,0
2009-02-28,0.0,2008/09,GR,Davos,46.83152336,9.81332031,0.0,2560.0,NE,35_40,2.0,,3.0,,True,0.0,1.0,0.0,offpiste,2,0
2009-02-28,1.0,2008/09,VS,Zermatt,46.00710714,7.71747955,,,,,2.0,,3.0,,True,0.0,1.0,0.0,tour,2,0
2009-02-28,0.0,2008/09,BE,Wimmis,46.63831126,7.64106831,0.0,1925.0,W,35_40,2.0,,3.0,,True,0.0,1.0,0.0,tour,2,0
2009-02-28,1.0,2008/09,SG,Altstätten,47.28738669,9.51186082,0.0,725.0,SE,,2.0,,,,False,1.0,1.0,1.0,tour,2,1
2009-03-01,0.0,2008/09,GL,Schwanden,46.95276497,9.11498195,,,,,2.0,,,,True,0.0,2.0,0.0,tour,3,0
2009-03-01,0.0,2008/09,GR,Jenaz,46.89604024,9.71639474,0.0,1920.0,NE,30_35,2.0,,,,False,0.0,2.0,0.0,tour,3,0
2009-03-01,0.0,2008/09,GL,Haslen,46.93115059,9.08541237,250.0,2100.0,NW,30_35,2.0,,,,True,0.0,1.0,1.0,tour,3,0
2009-03-02,0.0,2008/09,GR,Susch,46.70623325,9.96074124,100.0,2600.0,N,,2.0,,,,True,0.0,3.0,0.0,tour,3,0
2009-03-03,4.0,2008/09,VS,Zermatt,45.99600105,7.82325895,,,,,2.0,,3.0,,True,0.0,1.0,0.0,,3,0
2009-03-05,0.0,2008/09,VS,Binn,46.37952478,8.26921365,500.0,,E,,3.0,,,,True,0.0,3.0,1.0,tour,3,0
2009-03-05,8.0,2008/09,VS,Binn,46.38581183,8.27060981,,,,,3.0,,,,True,0.0,1.0,1.0,tour,3,0
2009-03-07,0.0,2008/09,VS,Bagnes,46.0513805,7.25517595,,,,,3.0,,,,True,0.0,1.0,0.0,tour,3,0
2009-03-07,0.0,2008/09,VS,Evolène,46.0950645,7.4659198,0.0,2800.0,NE,,3.0,,,,True,0.0,3.0,0.0,tour,3,0
2009-03-07,0.0,2008/09,LU,Hasle,46.94066242,8.05329216,0.0,1455.0,NW,40_45,3.0,,,,False,1.0,1.0,1.0,offpiste,3,1
2009-03-08,0.0,2008/09,VS,Trient,46.056056,6.99544811,,,,,3.0,,,,True,0.0,1.0,0.0,,3,0
2009-03-08,0.0,2008/09,VS,St-Luc,46.20426331,7.64593399,,,,,3.0,,,,True,0.0,1.0,0.0,tour,3,0
2009-03-08,0.0,2008/09,VS,Anniviers,46.17918244,7.57590808,,,,,3.0,,,,True,0.0,1.0,0.0,tour,3,0
2009-03-10,0.0,2008/09,VS,Trient,46.03515,6.98631792,0.0,1780.0,NW,30_35,3.0,,,,False,0.0,1.0,1.0,tour,3,0
2009-03-11,0.0,2008/09,VS,Simplon,46.24552496,8.05102019,0.0,2360.0,NE,,3.0,,,,True,0.0,1.0,1.0,tour,3,0
2009-03-11,0.0,2008/09,BE,Grindelwald,46.59143218,7.95732833,250.0,2100.0,NE,35_40,3.0,,,,True,0.0,1.0,0.0,offpiste,3,0
2009-03-11,0.0,2008/09,LU,Luthern,47.00476757,7.93969084,0.0,1400.0,N,30_35,3.0,,,,False,1.0,1.0,1.0,tour,3,1
2009-03-13,0.0,2008/09,GR,Disentis/Mustér,46.71219518,8.79227011,0.0,2420.0,SE,40_45,3.0,,,,True,0.0,10.0,0.0,offpiste,3,0
2009-03-13,0.0,2008/09,TI,Dalpe,46.4576309,8.72147363,0.0,2600.0,S,35_40,2.0,,,,True,0.0,2.0,0.0,tour,3,0
2009-03-13,0.0,2008/09,VS,Nax,46.19093196,7.51829736,250.0,2540.0,NW,30_35,3.0,,,,True,0.0,1.0,0.0,tour,3,0
2009-03-13,0.0,2008/09,GR,Davos,46.8274075,9.80653021,0.0,2540.0,E,35_40,3.0,,,,True,0.0,1.0,0.0,offpiste,3,0
2009-03-14,0.0,2008/09,VS,Nax,46.21163641,7.49370782,0.0,2300.0,NE,35_40,3.0,,3.0,,True,1.0,1.0,1.0,tour,3,1
2009-03-14,0.0,2008/09,SG,Amden,47.15460307,9.22048886,100.0,1680.0,NW,35_40,3.0,,3.0,,True,1.0,1.0,1.0,tour,3,1
2009-03-20,0.0,2008/09,VS,Liddes,45.9820984,7.24482731,0.0,2690.0,NW,30_35,2.0,,2.0,,True,1.0,1.0,1.0,tour,3,1
2009-04-01,0.0,2008/09,BE,Kandersteg,46.46742016,7.62610954,500.0,1900.0,SE,,2.0,,3.0,,True,1.0,2.0,1.0,tour,4,1
2009-04-01,0.0,2008/09,GR,Samnaun,46.97328578,10.38238552,0.0,2440.0,N,35_40,2.0,,3.0,,True,1.0,1.0,1.0,offpiste,4,1
2009-04-06,0.0,2008/09,GR,Ruschein,46.87330255,9.15790141,250.0,2900.0,S,40_45,1.0,,3.0,,True,0.0,1.0,0.0,offpiste,4,0
2009-04-11,0.0,2008/09,VS,Saas-Almagell,46.06350785,7.92879681,0.0,3020.0,NE,35_40,2.0,,3.0,,True,0.0,2.0,1.0,tour,4,0
2009-04-12,0.0,2008/09,VS,Evolène,45.99570482,7.5483438,,3500.0,,,1.0,,3.0,,True,0.0,2.0,1.0,tour,4,0
2009-04-17,0.0,2008/09,VS,Zermatt,45.9568995,7.8407831,0.0,3420.0,NW,30_35,3.0,,,,True,0.0,1.0,0.0,tour,4,0
2009-04-17,0.0,2008/09,VS,Zermatt,45.96775569,7.71605363,100.0,2980.0,NE,35_40,3.0,,,,True,0.0,1.0,0.0,offpiste,4,0
2009-04-19,0.0,2008/09,UR,Wassen,46.72383796,8.48408184,250.0,2800.0,N,,2.0,,2.0,,True,0.0,1.0,0.0,tour,4,0
2009-04-27,0.0,2008/09,VS,Trient,46.0058299,7.03509898,0.0,3000.0,NW,40_45,2.0,,,,True,1.0,7.0,3.0,tour,4,1
2009-05-02,0.0,2008/09,GR,Pontresina,46.43945822,9.90379965,0.0,2990.0,NE,30_35,,,,,,0.0,3.0,3.0,tour,5,0
2009-05-25,0.0,2008/09,VS,Saas-Fee,46.10856566,7.88807261,0.0,3270.0,S,30_35,,,,,,1.0,1.0,0.0,tour,5,1
2009-06-13,0.0,2008/09,GR,Poschiavo,46.37828321,9.96798973,0.0,3770.0,SE,,,,,,,3.0,3.0,0.0,tour,6,1
2009-06-25,0.0,2008/09,VS,Zermatt,46.01962319,7.74724182,,,,,,,,,,0.0,1.0,0.0,tour,6,0
2009-07-02,0.0,2008/09,VS,Zermatt,45.93926965,7.8648935,100.0,4380.0,NW,35_40,,,,,,0.0,2.0,1.0,tour,7,0
2009-07-29,0.0,2008/09,GR,Flims,46.86913326,9.25931277,,,S,,,,,,,0.0,1.0,0.0,tour,7,0
2009-11-30,0.0,2009/10,UR,Andermatt,46.65644722,8.64008961,0.0,2040.0,SE,40_45,3.0,,,,True,0.0,10.0,0.0,transportation.corridor,11,0
2009-12-05,0.0,2009/10,OW,Alpnach,46.97335694,8.25565993,100.0,1720.0,E,,2.0,,,,False,0.0,1.0,0.0,tour,12,0
2009-12-05,0.0,2009/10,OW,Giswil,46.79778269,8.10667898,100.0,2000.0,E,,2.0,,,,True,0.0,1.0,0.0,tour,12,0
2009-12-12,0.0,2009/10,GR,Tavetsch/Tujetsch,46.64962536,8.66397629,0.0,2460.0,NE,35_40,2.0,,,,True,0.0,4.0,2.0,tour,12,0
2009-12-20,0.0,2009/10,NW,Wolfenschiessen,46.90579583,8.42723904,0.0,1840.0,NW,30_35,3.0,,,,True,0.0,1.0,0.0,offpiste,12,0
2009-12-21,0.0,2009/10,VS,Nendaz,46.10386213,7.28021751,100.0,2730.0,NE,30_35,3.0,,,,True,0.0,1.0,0.0,offpiste,12,0
2009-12-21,0.0,2009/10,VS,Vionnaz,46.31648608,6.82324806,0.0,1940.0,SE,35_40,3.0,,,,True,0.0,2.0,1.0,tour,12,0
2009-12-21,0.0,2009/10,VS,Trient,46.03445988,6.96503805,0.0,2150.0,N,,3.0,,,,True,1.0,2.0,1.0,offpiste,12,1
2009-12-22,0.0,2009/10,VS,Anniviers,46.17918244,7.57590808,,,,,3.0,,,,True,0.0,1.0,0.0,tour,12,0
2009-12-23,0.0,2009/10,VS,Randogne,46.34477182,7.49254375,500.0,2500.0,W,,3.0,,,,True,0.0,1.0,1.0,offpiste,12,0
2009-12-23,0.0,2009/10,VS,Riddes,46.1103927,7.25627106,0.0,2340.0,E,,3.0,,,,True,0.0,1.0,1.0,offpiste,12,0
2009-12-23,0.0,2009/10,VS,Bagnes,46.10347362,7.26094974,0.0,2480.0,NW,35_40,3.0,,,,True,0.0,1.0,0.0,offpiste,12,0
2009-12-23,0.0,2009/10,VS,Hérémence,46.18016036,7.40496642,,,,,3.0,,,,True,0.0,1.0,0.0,,12,0
2009-12-23,0.0,2009/10,VS,Vex,46.16692411,7.37519611,0.0,2100.0,NE,,3.0,,,,True,0.0,3.0,0.0,offpiste,12,0
2009-12-23,0.0,2009/10,GR,Davos,46.7659161,9.85706666,0.0,2590.0,SW,40_45,3.0,,,,False,0.0,1.0,0.0,offpiste,12,0
2009-12-25,0.0,2009/10,VS,Simplon,46.25289048,8.00117643,100.0,2400.0,SE,35_40,3.0,,,,True,0.0,2.0,1.0,tour,12,0
2009-12-26,0.0,2009/10,VS,Vex,46.16755155,7.37131118,100.0,2260.0,E,,3.0,,,,True,0.0,3.0,0.0,offpiste,12,0
2009-12-26,0.0,2009/10,VS,Ayent,46.31877767,7.39189729,100.0,2250.0,SE,45_90,3.0,,,,True,0.0,1.0,0.0,offpiste,12,0
2009-12-26,0.0,2009/10,VS,Nendaz,46.0829498,7.31841364,100.0,3150.0,N,,3.0,,,,True,0.0,1.0,1.0,offpiste,12,0
2009-12-26,0.0,2009/10,VS,Riddes,46.10358862,7.27764481,0.0,2700.0,W,,3.0,,,,True,0.0,1.0,0.0,offpiste,12,0
2009-12-26,0.0,2009/10,VS,Unterbäch,46.24416481,7.77457498,0.0,2240.0,NW,0_30,3.0,,,,True,0.0,1.0,0.0,offpiste,12,0
2009-12-27,0.0,2009/10,VS,Ayent,46.33173512,7.40214541,0.0,2550.0,SE,30_35,3.0,,,,True,0.0,2.0,0.0,transportation.corridor,12,0
2009-12-27,0.0,2009/10,TI,Bedretto,46.49826499,8.46813515,0.0,2120.0,S,,3.0,,,,True,0.0,3.0,0.0,tour,12,0
2009-12-27,0.0,2009/10,GR,Mesocco,46.49102479,9.19748826,0.0,2430.0,SE,40_45,3.0,,,,True,0.0,1.0,0.0,tour,12,0
2009-12-27,0.0,2009/10,GR,Sumvitg,46.76531075,8.90882179,250.0,2700.0,SE,,3.0,,,,True,0.0,2.0,0.0,tour,12,0
2009-12-27,0.0,2009/10,GR,Celerina/Schlarigna,46.51449074,9.79484551,0.0,2840.0,SE,40_45,3.0,,,,True,0.0,1.0,0.0,offpiste,12,0
2009-12-28,0.0,2009/10,GR,Flims,46.87796517,9.2640732,0.0,2590.0,S,30_35,2.0,,,,True,0.0,4.0,0.0,offpiste,12,0
2009-12-28,0.0,2009/10,VS,Mollens,46.36634641,7.51790479,500.0,,,,3.0,,,,True,0.0,1.0,0.0,offpiste,12,0
2009-12-29,0.0,2009/10,TI,Chironico,46.43033756,8.77118368,0.0,2660.0,S,30_35,2.0,,,,True,0.0,1.0,0.0,tour,12,0
2009-12-31,0.0,2009/10,VS,Zermatt,46.00275214,7.77999859,0.0,2440.0,N,30_35,3.0,,,,True,0.0,2.0,0.0,offpiste,12,0
2009-12-31,0.0,2009/10,VS,Anniviers,46.166644,7.51826189,100.0,3000.0,SE,,3.0,,,,True,0.0,1.0,1.0,tour,12,0
2010-01-02,0.0,2009/10,VS,Nax,46.19793851,7.53139168,0.0,2700.0,SW,35_40,3.0,,,,True,0.0,1.0,1.0,tour,1,0
2010-01-03,0.0,2009/10,GR,Davos,46.79048258,9.79172468,0.0,2255.0,SE,35_40,3.0,,,,True,0.0,1.0,0.0,tour,1,0
2010-01-03,0.0,2009/10,UR,Andermatt,46.66421445,8.6709719,0.0,2140.0,S,,3.0,,,,False,0.0,2.0,0.0,tour,1,0
2010-01-03,0.0,2009/10,BE,Diemtigen,46.52879126,7.53834466,0.0,2290.0,SW,35_40,2.0,,,,True,0.0,2.0,1.0,tour,1,0
2010-01-03,0.0,2009/10,BE,Diemtigen,46.54623309,7.54880707,500.0,2400.0,W,,2.0,,,,True,0.0,3.0,0.0,tour,1,0
2010-01-03,0.0,2009/10,BE,Diemtigen,46.52681154,7.53912301,0.0,2320.0,NW,35_40,2.0,,,,True,7.0,12.0,12.0,tour,1,1
2010-01-03,0.0,2009/10,BE,Diemtigen,46.52447652,7.53468759,0.0,2310.0,NW,30_35,2.0,,,,True,0.0,1.0,0.0,tour,1,0
2010-01-03,0.0,2009/10,VS,Liddes,46.03058894,7.20061556,0.0,2380.0,E,35_40,3.0,,,,True,1.0,2.0,1.0,tour,1,1
2010-01-12,0.0,2009/10,UR,Andermatt,46.60804503,8.62295738,0.0,2560.0,N,,3.0,,,,True,0.0,1.0,0.0,offpiste,1,0
2010-01-16,0.0,2009/10,GR,Davos,46.71426794,9.80423043,0.0,2510.0,NE,35_40,2.0,,,,True,0.0,1.0,0.0,offpiste,1,0
2010-01-16,0.0,2009/10,VS,Leukerbad,46.3797066,7.62970619,,,,,2.0,,,,True,0.0,1.0,0.0,,1,0
2010-01-16,0.0,2009/10,VS,Finhaut,46.08296934,6.97713132,,,,,2.0,,,,True,0.0,1.0,0.0,tour,1,0
2010-01-16,0.0,2009/10,TI,Quinto,46.54332659,8.775282,0.0,2630.0,W,35_40,2.0,,,,True,0.0,4.0,0.0,tour,1,0
2010-01-19,0.0,2009/10,BE,Saanen,46.43022657,7.37749033,0.0,2060.0,SE,30_35,2.0,,,,True,0.0,1.0,0.0,tour,1,0
2010-01-21,0.0,2009/10,FR,Charmey,46.62859587,7.23611194,100.0,1600.0,NW,35_40,2.0,,,,False,0.0,1.0,0.0,tour,1,0
2010-01-23,0.0,2009/10,VD,Ormont-Dessous,46.38787793,7.0619657,0.0,2120.0,NE,,2.0,,,,True,0.0,1.0,0.0,tour,1,0
2010-01-23,0.0,2009/10,GR,Flims,46.907434,9.23842218,0.0,3000.0,SW,40_45,2.0,,,,False,0.0,2.0,0.0,tour,1,0
2010-01-24,0.0,2009/10,AI,Schwende,47.25531374,9.36921097,100.0,1700.0,NW,30_35,2.0,,,,False,0.0,1.0,0.0,tour,1,0
2010-01-30,0.0,2009/10,VS,Randogne,46.33541901,7.48669019,500.0,2050.0,S,,3.0,,,,True,0.0,1.0,0.0,offpiste,1,0
2010-01-31,0.0,2009/10,TI,Bedretto,46.50556763,8.45641739,0.0,2680.0,SE,35_40,3.0,,,,True,0.0,2.0,1.0,tour,1,0
2010-01-31,0.0,2009/10,OW,Alpnach,46.96671336,8.22809506,250.0,1780.0,SE,,3.0,,,,True,0.0,1.0,1.0,tour,1,0
2010-01-31,0.0,2009/10,SG,Amden,47.16815375,9.19349907,100.0,1580.0,SE,30_35,3.0,,,,False,0.0,1.0,0.0,tour,1,0
2010-01-31,0.0,2009/10,SG,Amden,47.15646166,9.20498657,0.0,1680.0,NE,45_90,3.0,,,,True,1.0,1.0,1.0,tour,1,1
2010-01-31,0.0,2009/10,BE,Adelboden,46.45190297,7.50520985,0.0,1810.0,NW,30_35,3.0,,,,True,1.0,1.0,1.0,offpiste,1,1
2010-01-31,0.0,2009/10,VS,Anniviers,46.19388648,7.53617761,0.0,2740.0,SE,35_40,3.0,,,,True,1.0,1.0,1.0,offpiste,1,1
2010-01-31,0.0,2009/10,BE,Guggisberg,46.68070636,7.37328568,0.0,1760.0,SE,35_40,3.0,,,,True,0.0,3.0,1.0,tour,1,0
2010-02-02,0.0,2009/10,FR,Charmey,46.59456048,7.17634191,100.0,1620.0,N,30_35,3.0,,,,True,0.0,3.0,0.0,tour,2,0
2010-02-02,0.0,2009/10,VS,Evolène,46.11358416,7.4955491,,,,,3.0,,,,True,0.0,1.0,0.0,tour,2,0
2010-02-03,0.0,2009/10,GR,Tavetsch/Tujetsch,46.66895004,8.70675863,100.0,2100.0,NE,35_40,3.0,,,,True,0.0,3.0,0.0,offpiste,2,0
2010-02-03,0.0,2009/10,VS,Nendaz,46.10992884,7.31162873,0.0,2480.0,N,,3.0,,,,True,0.0,2.0,0.0,offpiste,2,0
2010-02-03,0.0,2009/10,NE,Villiers,47.11571731,7.0192296,0.0,1360.0,SE,,,,,,,0.0,4.0,0.0,tour,2,0
2010-02-04,0.0,2009/10,BE,Lauterbrunnen,46.60981085,7.86391167,0.0,2170.0,N,40_45,3.0,,,,True,1.0,1.0,1.0,tour,2,1
2010-02-04,,2009/10,GR,Obersaxen,46.70604646,9.03407282,,2200.0,,,2.0,,,,True,0.0,1.0,0.0,tour,2,0
2010-02-05,0.0,2009/10,OW,Giswil,46.79664365,8.06147376,0.0,1780.0,N,30_35,3.0,,,,False,0.0,3.0,0.0,offpiste,2,0
2010-02-05,0.0,2009/10,GR,Vals,46.61621878,9.20691653,0.0,2000.0,NE,35_40,2.0,,,,True,0.0,1.0,1.0,tour,2,0
2010-02-06,0.0,2009/10,GR,Davos,46.82894186,9.83995574,0.0,1980.0,E,40_45,3.0,,,,True,0.0,1.0,1.0,offpiste,2,0
2010-02-06,0.0,2009/10,GR,Safien,46.61857924,9.26262374,250.0,2100.0,E,,3.0,,,,True,0.0,1.0,0.0,tour,2,0
2010-02-06,0.0,2009/10,VS,Mollens,46.36841375,7.52024693,0.0,2450.0,SE,30_35,3.0,,,,True,0.0,1.0,1.0,offpiste,2,0
2010-02-06,0.0,2009/10,BE,Meiringen,46.68554689,8.10895072,100.0,2060.0,N,35_40,3.0,,,,True,0.0,1.0,1.0,tour,2,0
2010-02-06,0.0,2009/10,VS,Anniviers,46.22997206,7.65588309,0.0,2800.0,SW,30_35,3.0,,,,True,0.0,1.0,0.0,,2,0
2010-02-06,0.0,2009/10,VS,Evolène,46.10352349,7.44251686,100.0,2450.0,E,,3.0,,,,True,0.0,1.0,1.0,offpiste,2,0
2010-02-06,0.0,2009/10,FR,Haut-Intyamon,46.50187731,7.08325466,0.0,1676.0,NW,30_35,3.0,,,,True,0.0,1.0,0.0,tour,2,0
2010-02-07,0.0,2009/10,VS,Evolène,46.10425185,7.44740533,,2300.0,E,,3.0,,,,True,0.0,1.0,1.0,offpiste,2,0
2010-02-07,0.0,2009/10,BE,Beatenberg,46.7345328,7.82682164,100.0,1730.0,N,30_35,3.0,,,,True,0.0,3.0,2.0,tour,2,0
2010-02-07,0.0,2009/10,GR,Churwalden,46.76937279,9.52597934,0.0,1920.0,N,45_90,3.0,,,,False,0.0,2.0,0.0,offpiste,2,0
2010-02-07,0.0,2009/10,VS,Zermatt,46.02036859,7.7991546,0.0,3070.0,S,45_90,3.0,,,,True,0.0,1.0,0.0,,2,0
2010-02-07,0.0,2009/10,GR,Peist,46.85057915,9.72168392,0.0,2390.0,W,,3.0,,,,True,1.0,2.0,1.0,tour,2,1
2010-02-08,0.0,2009/10,GR,Davos,46.81204651,9.89596178,0.0,2120.0,S,40_45,3.0,,,,True,0.0,1.0,0.0,offpiste,2,0
2010-02-08,0.0,2009/10,BE,Wimmis,46.64038803,7.63663548,0.0,1780.0,SW,30_35,3.0,,,,True,0.0,1.0,1.0,tour,2,0
2010-02-08,0.0,2009/10,VS,Naters,46.3823502,7.94168283,0.0,2750.0,SE,30_35,3.0,,,,True,0.0,1.0,0.0,tour,2,0
2010-02-08,0.0,2009/10,GR,Avers,46.4045261,9.58582632,500.0,2800.0,N,,3.0,,,,True,0.0,1.0,0.0,tour,2,0
2010-02-08,0.0,2009/10,BE,Brienz,46.78667102,8.04236875,250.0,2200.0,S,,3.0,,,,True,0.0,1.0,0.0,,2,0
2010-02-08,0.0,2009/10,OW,Kerns,46.76819326,8.30046881,100.0,2040.0,NW,,3.0,,,,True,0.0,2.0,0.0,offpiste,2,0
2010-02-13,0.0,2009/10,GR,Langwies,46.83555355,9.79251593,0.0,2700.0,SW,,3.0,,,,True,0.0,3.0,0.0,offpiste,2,0
2010-02-14,0.0,2009/10,BE,Grindelwald,46.6639639,8.01734692,100.0,2440.0,E,30_35,2.0,,,,True,0.0,1.0,0.0,tour,2,0
2010-02-14,0.0,2009/10,NW,Wolfenschiessen,46.86746867,8.4685086,0.0,2250.0,NW,35_40,2.0,,,,True,0.0,3.0,0.0,tour,2,0
2010-02-18,0.0,2009/10,GR,Bivio,46.43339334,9.63851142,0.0,2400.0,E,30_35,3.0,,,,True,0.0,3.0,2.0,offpiste,2,0
2010-02-18,0.0,2009/10,GR,Mathon,46.63674928,9.35076173,100.0,2580.0,S,35_40,2.0,,,,True,0.0,1.0,0.0,tour,2,0
2010-02-19,0.0,2009/10,GR,Davos,46.77753991,9.91849165,100.0,2300.0,NE,,2.0,,,,True,0.0,1.0,0.0,tour,2,0
2010-02-19,0.0,2009/10,VS,Saas-Grund,46.13859357,7.99319128,0.0,3170.0,SW,30_35,3.0,,,,True,0.0,1.0,0.0,transportation.corridor,2,0
2010-02-20,0.0,2009/10,GR,Safien,46.61294465,9.24864496,0.0,2364.0,E,45_90,3.0,,,,True,2.0,9.0,4.0,tour,2,1
2010-02-20,0.0,2009/10,UR,Realp,46.5602914,8.47348853,0.0,2170.0,NW,35_40,3.0,,,,True,1.0,1.0,1.0,tour,2,1
2010-02-20,0.0,2009/10,BE,Saxeten,46.61528789,7.84202289,0.0,2100.0,W,35_40,2.0,,,,True,1.0,1.0,1.0,tour,2,1
2010-02-21,0.0,2009/10,FR,Grandvillard,46.50356264,7.12076338,250.0,1800.0,NW,30_35,2.0,,,,True,0.0,3.0,1.0,tour,2,0
2010-02-21,0.0,2009/10,GR,Scuol,46.7681695,10.33540323,0.0,2470.0,NW,30_35,3.0,,,,True,1.0,1.0,1.0,tour,2,1
2010-02-23,,2009/10,VS,Albinen,46.35210773,7.66858312,100.0,2440.0,SW,30_35,2.0,,,,True,0.0,1.0,0.0,tour,2,0
2010-02-23,0.0,2009/10,VS,Riddes,46.10896065,7.26080255,,,,,2.0,,,,True,0.0,1.0,0.0,,2,0
2010-02-24,0.0,2009/10,VS,Leytron,46.18712666,7.20809199,,,,,3.0,,,,True,0.0,1.0,0.0,tour,2,0
2010-02-24,0.0,2009/10,GR,S-chanf,46.63962458,9.92835904,100.0,2250.0,SE,,3.0,,,,True,0.0,1.0,0.0,tour,2,0
2010-02-24,0.0,2009/10,GR,Avers,46.44461089,9.5356025,250.0,2450.0,NE,,3.0,,,,True,0.0,1.0,0.0,offpiste,2,0
2010-02-25,0.0,2009/10,GR,Avers,46.47171886,9.53443764,0.0,2360.0,NW,,3.0,,,,True,1.0,1.0,1.0,tour,2,1
2010-02-25,0.0,2009/10,VS,Evionnaz,46.127946,6.97675104,100.0,2580.0,NW,30_35,3.0,,,,True,0.0,1.0,1.0,tour,2,0
2010-02-26,0.0,2009/10,UR,Andermatt,46.60355319,8.62233688,100.0,2740.0,NE,,3.0,,,,True,0.0,1.0,1.0,offpiste,2,0
2010-02-26,0.0,2009/10,GR,Davos,46.83522794,9.82987628,250.0,2260.0,E,30_35,3.0,,,,True,0.0,1.0,1.0,offpiste,2,0
2010-02-26,0.0,2009/10,TI,Bedretto,46.48741171,8.54138926,100.0,2300.0,NE,40_45,3.0,,,,True,0.0,5.0,2.0,tour,2,0
2010-02-26,0.0,2009/10,VS,Törbel,46.23337105,7.80328644,0.0,2810.0,NE,35_40,3.0,,,,True,1.0,1.0,1.0,tour,2,1
2010-02-27,0.0,2009/10,GR,Avers,46.43004767,9.56861666,500.0,2700.0,E,,3.0,,,,True,0.0,2.0,0.0,tour,2,0
2010-02-27,0.0,2009/10,SZ,Morschach,46.97700554,8.65567367,250.0,,E,,3.0,,,,True,0.0,1.0,1.0,tour,2,0
2010-02-27,0.0,2009/10,GR,Davos,46.76058317,9.86578485,250.0,2500.0,N,,3.0,,,,True,0.0,1.0,0.0,offpiste,2,0
2010-02-27,0.0,2009/10,BE,Zweisimmen,46.55339895,7.30041768,100.0,1950.0,SE,,3.0,,,,True,0.0,1.0,0.0,tour,2,0
2010-02-27,0.0,2009/10,VS,Orsières,46.01953132,7.09813957,100.0,2300.0,NE,,3.0,,,,True,0.0,5.0,0.0,transportation.corridor,2,0
2010-02-27,0.0,2009/10,VS,Bagnes,46.05166236,7.21228092,0.0,1625.0,NE,30_35,3.0,,,,False,1.0,1.0,1.0,offpiste,2,1
2010-02-28,0.0,2009/10,GR,Langwies,46.80624362,9.75148175,0.0,2225.0,NE,40_45,3.0,,,,True,1.0,1.0,1.0,tour,2,1
2010-03-01,0.0,2009/10,GR,Bever,46.52597136,9.72180799,100.0,2600.0,NE,30_35,3.0,,,,True,0.0,1.0,0.0,tour,3,0
2010-03-02,0.0,2009/10,VS,Bourg-Saint-Pierre,45.94825746,7.18975423,100.0,2100.0,E,30_35,3.0,,,,True,0.0,1.0,0.0,tour,3,0
2010-03-03,0.0,2009/10,GR,Madulain,46.61321242,9.91584416,100.0,2720.0,SW,,3.0,,,,False,0.0,2.0,0.0,tour,3,0
2010-03-06,0.0,2009/10,UR,Silenen,46.70858098,8.72678492,100.0,2420.0,N,30_35,,,,,,0.0,3.0,1.0,tour,3,0
2010-03-07,0.0,2009/10,NW,Wolfenschiessen,46.77897363,8.4141751,100.0,2400.0,N,35_40,3.0,,,,True,0.0,1.0,0.0,offpiste,3,0
2010-03-08,0.0,2009/10,GR,Vals,46.55446097,9.12006693,0.0,2800.0,N,35_40,2.0,,,,True,0.0,1.0,0.0,tour,3,0
2010-03-08,0.0,2009/10,GR,Bivio,46.47618278,9.62227348,0.0,2240.0,E,40_45,3.0,,,,True,0.0,1.0,0.0,tour,3,0
2010-03-10,0.0,2009/10,VS,Salvan,46.08603196,6.93599371,0.0,2560.0,S,,2.0,,,,True,0.0,1.0,0.0,tour,3,0
2010-03-10,0.0,2009/10,VS,Fully,46.19502885,7.09613669,0.0,2680.0,SW,35_40,2.0,,,,True,0.0,4.0,1.0,tour,3,0
2010-03-13,0.0,2009/10,UR,Göschenen,46.63500249,8.48863245,0.0,2200.0,N,30_35,2.0,,,,True,0.0,3.0,0.0,tour,3,0
2010-03-13,0.0,2009/10,VS,Eisten,46.19634936,7.93650733,0.0,2800.0,SW,30_35,2.0,,,,True,0.0,1.0,0.0,tour,3,0
2010-03-13,0.0,2009/10,GR,Vals,46.53968675,9.04476363,0.0,2220.0,W,35_40,2.0,,,,True,0.0,1.0,0.0,tour,3,0
2010-03-15,0.0,2009/10,VS,Täsch,46.03642325,7.85221772,0.0,2980.0,NW,35_40,2.0,,,,True,0.0,1.0,1.0,tour,3,0
2010-03-17,,2009/10,GR,Celerina/Schlarigna,46.51742872,9.83082454,0.0,2260.0,SE,35_40,2.0,,2.0,,True,0.0,1.0,0.0,offpiste,3,0
2010-03-18,0.0,2009/10,VS,Naters,46.38915192,7.98802733,100.0,2380.0,SE,,2.0,,3.0,,True,0.0,1.0,0.0,offpiste,3,0
2010-03-20,0.0,2009/10,GR,Scuol,46.68155217,10.38329001,0.0,2600.0,E,,,,,,,0.0,2.0,0.0,tour,3,0
2010-03-21,0.0,2009/10,GR,Celerina/Schlarigna,46.52123847,9.82512599,250.0,2400.0,S,35_40,3.0,,,,True,0.0,1.0,0.0,offpiste,3,0
2010-03-24,0.0,2009/10,VD,Ormont-Dessus,46.33373794,7.19967816,500.0,,NW,,2.0,,3.0,,True,0.0,1.0,0.0,offpiste,3,0
2010-03-27,0.0,2009/10,GR,Pontresina,46.40734703,9.9723382,100.0,3000.0,E,,3.0,,,,True,0.0,1.0,0.0,offpiste,3,0
2010-03-27,1.0,2009/10,GR,Mathon,46.6457979,9.36911285,250.0,2500.0,NE,30_35,3.0,,,,True,0.0,1.0,0.0,tour,3,0
2010-03-28,0.0,2009/10,VS,Anniviers,46.16706899,7.54791161,100.0,2380.0,NE,,3.0,,,,True,0.0,1.0,0.0,,3,0
2010-04-02,0.0,2009/10,GR,Klosters-Serneus,46.85847221,9.82435016,0.0,2500.0,NW,35_40,2.0,,,,True,0.0,1.0,0.0,offpiste,4,0
2010-04-02,0.0,2009/10,GR,Davos,46.7853571,9.95200075,0.0,2750.0,NW,35_40,3.0,,,,True,0.0,1.0,0.0,tour,4,0
2010-04-02,0.0,2009/10,VS,Zermatt,45.98905169,7.80307798,0.0,3275.0,NE,35_40,3.0,,,,True,0.0,1.0,0.0,offpiste,4,0
2010-04-02,0.0,2009/10,GR,Safien,46.62213648,9.23127022,0.0,2840.0,E,35_40,3.0,,,,True,0.0,4.0,1.0,tour,4,0
2010-04-02,0.0,2009/10,GR,Zuoz,46.61072463,9.89150417,0.0,2710.0,NE,,3.0,,,,True,0.0,1.0,0.0,tour,4,0
2010-04-02,0.0,2009/10,GR,Davos,46.83203006,9.81058892,0.0,2600.0,NE,40_45,3.0,,,,True,0.0,1.0,0.0,offpiste,4,0
2010-04-02,0.0,2009/10,GR,Guarda,46.84750666,10.15443371,100.0,3060.0,W,35_40,2.0,,,,True,0.0,1.0,0.0,tour,4,0
2010-04-03,0.0,2009/10,GR,Pontresina,46.42790754,9.91759153,0.0,2580.0,NE,30_35,3.0,,,,True,0.0,5.0,2.0,tour,4,0
2010-04-03,0.0,2009/10,GR,Langwies,46.83555566,9.76825546,0.0,2550.0,N,35_40,3.0,,,,True,0.0,1.0,0.0,tour,4,0
2010-04-03,0.0,2009/10,GR,Bergün/Bravuogn,46.62137244,9.87343941,0.0,3350.0,E,45_90,3.0,,,,True,1.0,2.0,0.0,tour,4,1
2010-04-03,0.0,2009/10,GR,Splügen,46.56533173,9.2836586,100.0,2500.0,N,30_35,3.0,,,,True,0.0,5.0,0.0,tour,4,0
2010-04-05,0.0,2009/10,GR,Falera,46.83531154,9.22272871,0.0,2020.0,SE,35_40,3.0,,,,True,0.0,1.0,0.0,offpiste,4,0
2010-04-05,0.0,2009/10,GR,Klosters-Serneus,46.85823265,10.05341815,0.0,2530.0,S,35_40,3.0,,,,True,0.0,1.0,0.0,tour,4,0
2010-04-05,0.0,2009/10,GR,Pontresina,46.41817968,9.97089251,250.0,2800.0,N,,3.0,,,,True,0.0,1.0,0.0,offpiste,4,0
2010-04-05,0.0,2009/10,TI,Capriasca,46.10932258,9.02231574,0.0,1610.0,S,,3.0,,,,False,1.0,1.0,1.0,tour,4,1
2010-04-05,0.0,2009/10,GR,Hinterrhein,46.49930286,9.09573553,100.0,2220.0,S,35_40,3.0,,,,True,0.0,1.0,0.0,tour,4,0
2010-04-06,0.0,2009/10,TI,Blenio,46.63178459,8.95416701,100.0,3020.0,S,40_45,3.0,,,,True,0.0,2.0,0.0,tour,4,0
2010-04-06,0.0,2009/10,GR,Klosters-Serneus,46.85926774,9.82504145,0.0,2480.0,NW,,3.0,,,,True,0.0,1.0,0.0,offpiste,4,0
2010-04-07,0.0,2009/10,GR,Langwies,46.83892935,9.78151618,100.0,2600.0,N,30_35,3.0,,,,True,0.0,1.0,0.0,offpiste,4,0
2010-04-07,0.0,2009/10,VS,Anniviers,46.15654196,7.6690532,0.0,2950.0,NW,30_35,2.0,,,,True,1.0,2.0,1.0,tour,4,1
2010-04-09,0.0,2009/10,GR,Fideris,46.85722738,9.74466181,100.0,2330.0,NW,40_45,2.0,,3.0,,True,0.0,2.0,0.0,tour,4,0
2010-04-10,0.0,2009/10,VS,Vouvry,46.33625017,6.88796347,,,,,2.0,,,,True,0.0,1.0,0.0,tour,4,0
2010-04-11,0.0,2009/10,VS,Evolène,46.11358416,7.4955491,,,,,2.0,,,,True,0.0,2.0,0.0,tour,4,0
2010-04-18,0.0,2009/10,VS,Zermatt,45.95877628,7.79075231,100.0,2780.0,NE,30_35,1.0,,2.0,,True,1.0,2.0,1.0,offpiste,4,1
2010-04-20,0.0,2009/10,GR,Samnaun,46.971842,10.37901859,250.0,2600.0,N,,2.0,,2.0,,True,0.0,1.0,0.0,offpiste,4,0
2010-04-24,0.0,2009/10,GR,Davos,46.73060688,9.86188258,0.0,2210.0,N,,2.0,,3.0,,True,0.0,6.0,0.0,tour,4,0
2010-04-24,1.0,2009/10,VS,Bagnes,46.0748424,7.30809119,,2950.0,,,1.0,,3.0,,True,0.0,1.0,0.0,tour,4,0
2010-04-24,0.0,2009/10,VS,Liddes,45.97985002,7.24509333,500.0,2700.0,NW,,1.0,,3.0,,True,0.0,1.0,1.0,tour,4,0
2010-04-25,0.0,2009/10,VS,Nendaz,46.18818263,7.30522937,,,,,1.0,,3.0,,True,0.0,1.0,0.0,,4,0
2010-05-05,0.0,2009/10,VS,Saas-Almagell,46.06395368,7.92970541,500.0,3000.0,NE,,4.0,,,,True,0.0,2.0,0.0,tour,5,0
2010-06-06,0.0,2009/10,BE,Kandersteg,46.48403511,7.74259219,0.0,2520.0,N,30_35,,,,,,1.0,3.0,0.0,tour,6,1
2010-11-03,0.0,2010/11,VS,Saas-Almagell,46.05956563,7.90382208,,,,,,,,,,0.0,1.0,0.0,,11,0
2010-11-20,0.0,2010/11,VS,Saas-Almagell,46.05062291,7.89082616,,,,,,,,,,0.0,1.0,0.0,tour,11,0
2010-11-27,0.0,2010/11,UR,Hospental,46.59309568,8.54393545,0.0,2354.0,NW,35_40,3.0,,,,True,0.0,1.0,1.0,offpiste,11,0
2010-11-27,0.0,2010/11,VS,Saillon,46.1904774,7.10834098,,2300.0,W,,3.0,,,,False,0.0,2.0,0.0,tour,11,0
2010-12-04,0.0,2010/11,VS,Obergoms,46.58496474,8.40535294,100.0,2980.0,SE,30_35,2.0,,,,True,0.0,1.0,0.0,tour,12,0
2010-12-10,0.0,2010/11,VS,Blitzingen,46.44296601,8.20251383,,,,,3.0,,,,True,0.0,1.0,0.0,tour,12,0
2010-12-11,0.0,2010/11,GR,Tavetsch/Tujetsch,46.63960763,8.65852436,100.0,2600.0,S,,3.0,,,,True,0.0,1.0,0.0,tour,12,0
2010-12-11,0.0,2010/11,GR,Laax,46.86875174,9.23105356,100.0,2300.0,E,30_35,3.0,,,,True,0.0,1.0,1.0,offpiste,12,0
2010-12-11,0.0,2010/11,TI,Bedretto,46.48933389,8.43045288,100.0,2450.0,NE,30_35,3.0,,,,True,0.0,1.0,0.0,tour,12,0
2010-12-12,0.0,2010/11,GR,Klosters-Serneus,46.86233983,9.8365009,100.0,2100.0,NE,30_35,3.0,,,,True,0.0,1.0,0.0,offpiste,12,0
2010-12-17,0.0,2010/11,NW,Wolfenschiessen,46.77861951,8.42398999,,2800.0,N,,3.0,,,,True,0.0,1.0,0.0,,12,0
2010-12-18,0.0,2010/11,NW,Wolfenschiessen,46.77656223,8.3950789,100.0,2350.0,NE,35_40,3.0,,,,True,0.0,1.0,0.0,offpiste,12,0
2010-12-19,0.0,2010/11,GR,Davos,46.69997202,9.84742478,500.0,2250.0,SE,,2.0,,,,True,0.0,2.0,1.0,tour,12,0
2010-12-19,0.0,2010/11,UR,Unterschächen,46.83147318,8.75069895,250.0,1700.0,E,35_40,3.0,,,,False,1.0,1.0,1.0,tour,12,1
2010-12-22,0.0,2010/11,GR,Davos,46.70862421,9.80557895,100.0,2600.0,NW,35_40,2.0,,,,True,0.0,1.0,1.0,tour,12,0
2010-12-22,0.0,2010/11,BE,Diemtigen,46.53388386,7.47749419,0.0,2150.0,NW,35_40,2.0,,,,True,0.0,1.0,0.0,tour,12,0
2010-12-23,0.0,2010/11,VS,Conthey,46.23046172,7.30512583,,,,,3.0,,,,True,0.0,1.0,0.0,tour,12,0
2010-12-26,0.0,2010/11,GR,Flims,46.87816135,9.25627235,100.0,2500.0,SW,35_40,2.0,,,,True,0.0,4.0,0.0,offpiste,12,0
2010-12-26,0.0,2010/11,VS,Zermatt,46.0228644,7.79219793,100.0,2850.0,W,30_35,3.0,,,,True,0.0,1.0,0.0,offpiste,12,0
2010-12-27,0.0,2010/11,GR,Laax,46.88301155,9.2051125,0.0,2890.0,E,35_40,2.0,,,,True,0.0,1.0,0.0,offpiste,12,0
2010-12-27,0.0,2010/11,UR,Andermatt,46.66380336,8.65057676,0.0,2280.0,SE,35_40,3.0,,,,True,1.0,1.0,1.0,tour,12,1
2010-12-29,0.0,2010/11,UR,Andermatt,46.63631832,8.65061343,250.0,2800.0,NW,,2.0,,,,True,0.0,1.0,0.0,tour,12,0
2010-12-29,0.0,2010/11,UR,Isenthal,46.87598973,8.47628065,100.0,2020.0,E,30_35,3.0,,,,False,0.0,1.0,0.0,tour,12,0
2010-12-29,0.0,2010/11,VS,Naters,46.40341622,7.95813279,100.0,3000.0,SE,35_40,2.0,,,,True,0.0,3.0,0.0,offpiste,12,0
2011-01-02,0.0,2010/11,VS,Anniviers,46.23911323,7.65028005,0.0,2920.0,SW,40_45,2.0,,,,True,0.0,1.0,0.0,offpiste,1,0
2011-01-02,0.0,2010/11,VS,Bellwald,46.42344901,8.16061058,,,,,2.0,,,,True,0.0,1.0,0.0,,1,0
2011-01-06,0.0,2010/11,GR,Davos,46.77732911,9.9281762,100.0,2100.0,NW,30_35,1.0,,,,True,0.0,1.0,0.0,tour,1,0
2011-01-09,0.0,2010/11,SZ,Muotathal,46.93130684,8.72542543,100.0,2260.0,NE,,2.0,,,,True,0.0,5.0,0.0,tour,1,0
2011-01-12,0.0,2010/11,GR,Pontresina,46.4244588,9.97183664,250.0,2660.0,NE,40_45,3.0,,,,True,0.0,1.0,0.0,transportation.corridor,1,0
2011-01-14,0.0,2010/11,TI,Bedretto,46.52356288,8.47604512,250.0,3000.0,S,30_35,2.0,,,,True,0.0,1.0,0.0,tour,1,0
2011-01-16,0.0,2010/11,VS,Anniviers,46.1301286,7.67456994,500.0,3100.0,SW,,2.0,,,,True,0.0,1.0,0.0,tour,1,0
2011-01-29,0.0,2010/11,UR,Göschenen,46.6314526,8.48333967,,2300.0,N,,2.0,,,,False,0.0,1.0,0.0,tour,1,0
2011-01-30,0.0,2010/11,GR,Trimmis,46.8717674,9.62285553,,2400.0,N,,2.0,,,,True,0.0,2.0,0.0,tour,1,0
2011-01-30,0.0,2010/11,GR,Tavetsch/Tujetsch,46.61922025,8.68026124,250.0,2500.0,E,,2.0,,,,True,0.0,1.0,0.0,tour,1,0
2011-01-31,0.0,2010/11,BE,Adelboden,46.4599962,7.59835736,250.0,2870.0,SW,40_45,2.0,,,,True,2.0,2.0,2.0,tour,1,1
2011-02-01,0.0,2010/11,GR,Ramosch,46.8779965,10.24484139,,2700.0,NE,,1.0,,,,True,0.0,1.0,1.0,tour,2,0
2011-02-02,0.0,2010/11,VS,Isérables,46.12915366,7.29062407,100.0,2600.0,W,,1.0,,,,True,0.0,1.0,0.0,offpiste,2,0
2011-02-05,0.0,2010/11,UR,Erstfeld,46.83133541,8.5699298,0.0,1680.0,NE,35_40,2.0,,,,False,1.0,1.0,1.0,tour,2,1
2011-02-06,0.0,2010/11,VS,Leukerbad,46.40069954,7.53132193,0.0,3160.0,SE,0_30,2.0,,,,True,0.0,1.0,0.0,tour,2,0
2011-02-18,0.0,2010/11,GR,Pontresina,46.43618553,9.94634901,100.0,2250.0,NW,30_35,2.0,,,,False,0.0,1.0,0.0,offpiste,2,0
2011-02-19,0.0,2010/11,VS,Fieschertal,46.53552037,8.02288324,0.0,3530.0,S,30_35,1.0,,,,True,0.0,1.0,0.0,tour,2,0
2011-02-22,0.0,2010/11,VS,Randogne,46.36222086,7.49749866,100.0,2600.0,SE,30_35,3.0,,,,True,0.0,1.0,0.0,,2,0
2011-02-23,0.0,2010/11,VS,Täsch,46.02147844,7.84319482,0.0,3020.0,N,30_35,3.0,,,,True,0.0,2.0,0.0,tour,2,0
2011-02-25,0.0,2010/11,VS,Randogne,46.34516427,7.49918183,0.0,2240.0,SE,30_35,3.0,,,,True,0.0,1.0,0.0,offpiste,2,0
2011-02-26,0.0,2010/11,GR,Celerina/Schlarigna,46.52541548,9.78880197,100.0,2900.0,SE,,3.0,,,,True,0.0,2.0,0.0,tour,2,0
2011-02-26,0.0,2010/11,GR,Davos,46.7905679,9.79631443,500.0,2100.0,SE,30_35,3.0,,,,False,0.0,1.0,0.0,tour,2,0
2011-02-26,0.0,2010/11,GR,Molinis,46.79515356,9.64333346,100.0,2370.0,N,40_45,3.0,,,,True,0.0,1.0,1.0,offpiste,2,0
2011-02-27,0.0,2010/11,SZ,Schwyz,47.00453058,8.76939575,100.0,,SE,,3.0,,,,True,0.0,2.0,0.0,offpiste,2,0
2011-02-28,0.0,2010/11,VD,Leysin,46.36212912,7.00568597,100.0,1900.0,NE,40_45,3.0,,,,True,0.0,2.0,0.0,offpiste,2,0
2011-02-28,0.0,2010/11,VS,Riddes,46.10671942,7.26572436,0.0,2580.0,NE,35_40,3.0,,,,True,0.0,1.0,1.0,offpiste,2,0
2011-02-28,0.0,2010/11,VD,Ormont-Dessous,46.38790357,7.11705936,100.0,1850.0,N,,3.0,,,,True,0.0,1.0,0.0,tour,2,0
2011-03-01,1.0,2010/11,VS,Hérémence,46.11584664,7.42570217,100.0,2880.0,NW,,3.0,,,,True,0.0,1.0,0.0,tour,3,0
2011-03-01,0.0,2010/11,BE,Gsteig,46.36535084,7.27113874,100.0,2080.0,NE,45_90,3.0,,,,True,1.0,3.0,2.0,tour,3,1
2011-03-01,0.0,2010/11,GR,Davos,46.7735484,9.90790692,0.0,2540.0,NE,35_40,3.0,,,,True,0.0,2.0,0.0,tour,3,0
2011-03-01,0.0,2010/11,VS,Salvan,46.0812633,6.90636984,100.0,2000.0,NE,35_40,3.0,,,,True,0.0,2.0,0.0,tour,3,0
2011-03-01,0.0,2010/11,SZ,Morschach,46.95769877,8.66082049,500.0,1800.0,NE,,3.0,,,,True,0.0,1.0,0.0,offpiste,3,0
2011-03-01,0.0,2010/11,VS,Mollens,46.36230381,7.50971285,100.0,2925.0,NE,40_45,3.0,,,,True,1.0,1.0,0.0,offpiste,3,1
2011-03-02,0.0,2010/11,GR,Klosters-Serneus,46.85876929,9.82305137,100.0,2500.0,NW,35_40,3.0,,,,True,0.0,1.0,0.0,offpiste,3,0
2011-03-02,0.0,2010/11,GR,Davos,46.83156418,9.81135516,0.0,2620.0,NE,35_40,3.0,,,,True,0.0,1.0,0.0,offpiste,3,0
2011-03-02,0.0,2010/11,BE,Diemtigen,46.52287528,7.51031447,,2000.0,E,,3.0,,,,True,0.0,1.0,0.0,tour,3,0
2011-03-02,0.0,2010/11,VS,Zermatt,46.01962319,7.74724182,,,,,3.0,,,,True,0.0,1.0,0.0,,3,0
2011-03-03,0.0,2010/11,BE,Adelboden,46.4292549,7.5804435,,2400.0,NW,,3.0,,,,True,0.0,1.0,0.0,offpiste,3,0
2011-03-03,0.0,2010/11,FR,Charmey,46.6504251,7.24471704,0.0,1620.0,N,35_40,3.0,,,,False,0.0,1.0,0.0,tour,3,0
2011-03-04,0.0,2010/11,GR,Ardez,46.84675269,10.15964307,500.0,3060.0,E,,2.0,,,,True,0.0,2.0,0.0,tour,3,0
2011-03-04,0.0,2010/11,VS,Saas-Grund,46.14195681,7.98605584,,3000.0,N,,3.0,,,,True,0.0,4.0,1.0,offpiste,3,0
2011-03-05,0.0,2010/11,VS,Liddes,45.95222293,7.15491573,,,,,2.0,,,,True,0.0,1.0,0.0,tour,3,0
2011-03-05,0.0,2010/11,VS,Unterbäch,46.23458512,7.75883024,500.0,2600.0,E,35_40,2.0,,,,True,0.0,1.0,0.0,tour,3,0
2011-03-05,0.0,2010/11,VS,Evolène,46.01218377,7.43515138,0.0,2825.0,NE,35_40,2.0,,,,True,0.0,1.0,1.0,tour,3,0
2011-03-06,0.0,2010/11,VS,Orsières,45.91784807,7.08678509,,,,,3.0,,,,True,0.0,1.0,0.0,tour,3,0
2011-03-06,0.0,2010/11,UR,Isenthal,46.84829353,8.54694621,100.0,2800.0,W,30_35,2.0,,,,True,0.0,1.0,0.0,tour,3,0
2011-03-06,0.0,2010/11,VS,Ried-Brig,46.26223428,8.06018354,100.0,2550.0,NW,35_40,3.0,,,,True,0.0,1.0,0.0,tour,3,0
2011-03-06,0.0,2010/11,VS,Zermatt,45.99600105,7.82325895,,,,,3.0,,,,True,0.0,1.0,0.0,,3,0
2011-03-08,0.0,2010/11,VS,Simplon,46.24982563,8.03745296,0.0,2040.0,N,35_40,3.0,,,,False,0.0,1.0,0.0,tour,3,0
2011-03-09,0.0,2010/11,VS,Saas-Fee,46.07029107,7.92032748,500.0,2850.0,N,35_40,2.0,,,,True,0.0,1.0,0.0,offpiste,3,0
2011-03-09,0.0,2010/11,GR,Fideris,46.85562198,9.73947675,100.0,2300.0,NW,,2.0,,,,True,0.0,1.0,1.0,tour,3,0
2011-03-10,0.0,2010/11,BE,Saxeten,46.61514252,7.84495909,0.0,2270.0,NW,35_40,2.0,,,,True,1.0,1.0,1.0,tour,3,1
2011-03-11,0.0,2010/11,VS,Saas-Almagell,46.07747456,7.92336384,,,,,2.0,,,,True,0.0,2.0,0.0,offpiste,3,0
2011-03-12,0.0,2010/11,SZ,Riemenstalden,46.9359479,8.70859351,250.0,1840.0,N,35_40,2.0,,,,True,0.0,2.0,0.0,tour,3,0
2011-03-12,0.0,2010/11,VS,Zermatt,46.00210164,7.82801337,0.0,2740.0,NW,30_35,3.0,,,,True,2.0,3.0,3.0,tour,3,1
2011-03-13,0.0,2010/11,VS,Bourg-Saint-Pierre,45.89782194,7.20286684,100.0,2120.0,NE,35_40,3.0,,,,False,2.0,2.0,2.0,tour,3,1
2011-03-18,0.0,2010/11,GR,Bever,46.53353366,9.69689444,0.0,3240.0,E,35_40,3.0,,,,True,0.0,4.0,0.0,tour,3,0
2011-03-18,0.0,2010/11,VS,Zermatt,45.99593295,7.78899083,100.0,2830.0,N,30_35,3.0,,,,True,0.0,2.0,0.0,offpiste,3,0
2011-03-18,0.0,2010/11,UR,Andermatt,46.60368811,8.60928668,100.0,2900.0,W,,3.0,,,,True,0.0,1.0,0.0,offpiste,3,0
2011-03-19,0.0,2010/11,GR,Davos,46.85343476,9.81559973,0.0,2440.0,E,30_35,3.0,,,,True,0.0,1.0,0.0,offpiste,3,0
2011-03-19,0.0,2010/11,GR,Davos,46.82836771,9.82655553,0.0,2360.0,NE,40_45,3.0,,,,True,0.0,1.0,0.0,offpiste,3,0
2011-03-19,0.0,2010/11,VS,Zermatt,45.9883879,7.78539364,100.0,2950.0,NE,30_35,3.0,,,,True,0.0,1.0,0.0,offpiste,3,0
2011-03-19,0.0,2010/11,GR,Davos,46.78718174,9.95496858,0.0,2770.0,W,35_40,3.0,,,,True,3.0,4.0,4.0,tour,3,1
2011-03-20,0.0,2010/11,BE,Grindelwald,46.67151206,8.04828241,100.0,2430.0,SW,30_35,3.0,,,,True,1.0,1.0,1.0,offpiste,3,1
2011-03-20,0.0,2010/11,FR,Grandvillard,46.51980071,7.13760917,500.0,2050.0,W,,3.0,,,,False,0.0,1.0,0.0,tour,3,0
2011-03-20,0.0,2010/11,VS,Oberems,46.23167645,7.65835278,100.0,2860.0,NE,,3.0,,,,True,0.0,3.0,0.0,offpiste,3,0
2011-03-20,0.0,2010/11,VS,Nendaz,46.06731924,7.35167454,100.0,3120.0,NW,,3.0,,,,True,0.0,1.0,1.0,tour,3,0
2011-03-20,0.0,2010/11,GR,Klosters-Serneus,46.86500874,9.82162233,0.0,2120.0,N,,3.0,,,,False,0.0,1.0,0.0,offpiste,3,0
2011-03-20,0.0,2010/11,BE,Innertkirchen,46.77089412,8.37998671,,2200.0,NW,35_40,3.0,,,,True,0.0,1.0,0.0,offpiste,3,0
2011-03-20,0.0,2010/11,VS,Visperterminen,46.22177336,7.94214416,,,,,3.0,,,,True,0.0,1.0,0.0,tour,3,0
2011-03-20,0.0,2010/11,VS,Bagnes,46.02891615,7.27074874,,,,,3.0,,,,True,0.0,1.0,0.0,tour,3,0
2011-03-20,0.0,2010/11,SG,Mels,47.01630162,9.31166878,250.0,2210.0,NW,35_40,3.0,,,,True,0.0,1.0,0.0,tour,3,0
2011-03-20,0.0,2010/11,VS,Bagnes,46.01040889,7.23078405,,,,,3.0,,,,True,0.0,1.0,0.0,tour,3,0
2011-03-20,0.0,2010/11,VS,Evolène,46.11358416,7.4955491,,,,,3.0,,,,True,0.0,1.0,0.0,tour,3,0
2011-03-20,0.0,2010/11,UR,Andermatt,46.61381029,8.61355309,0.0,2480.0,NW,,3.0,,,,True,0.0,1.0,0.0,offpiste,3,0
2011-03-20,0.0,2010/11,VS,Zermatt,45.96179604,7.81115181,0.0,2630.0,W,35_40,3.0,,,,True,1.0,2.0,1.0,tour,3,1
2011-03-21,0.0,2010/11,VS,Zermatt,45.9882076,7.78552155,0.0,2960.0,NE,30_35,3.0,,,,True,0.0,1.0,0.0,offpiste,3,0
2011-03-26,0.0,2010/11,VS,Bourg-Saint-Pierre,45.93106838,7.22528387,100.0,2190.0,NE,35_40,3.0,,,,False,5.0,10.0,9.0,tour,3,1
2011-03-27,0.0,2010/11,GR,Samedan,46.50957627,9.91585784,100.0,2500.0,NE,,2.0,,,,True,0.0,1.0,0.0,tour,3,0
2011-04-01,0.0,2010/11,VS,Anniviers,46.17418487,7.64928997,100.0,2820.0,NW,,2.0,,3.0,,True,3.0,7.0,4.0,tour,4,1
2011-04-02,0.0,2010/11,OW,Sachseln,46.82318254,8.24794324,100.0,2100.0,N,40_45,2.0,,3.0,,True,0.0,1.0,0.0,tour,4,0
2011-04-03,0.0,2010/11,GR,Davos,46.72548084,9.87015896,100.0,2480.0,NW,30_35,2.0,,3.0,,True,0.0,1.0,0.0,tour,4,0
2011-04-04,0.0,2010/11,VS,Obergoms,46.49287087,8.40628925,100.0,2740.0,N,,2.0,,3.0,,True,0.0,2.0,0.0,tour,4,0
2011-04-06,0.0,2010/11,VS,Anniviers,46.08647904,7.61187386,,,,,3.0,,3.0,,True,0.0,1.0,0.0,tour,4,0
2011-04-08,0.0,2010/11,GR,Davos,46.77471323,9.84664167,100.0,2400.0,NW,,2.0,,3.0,,True,0.0,1.0,0.0,offpiste,4,0
2011-04-11,0.0,2010/11,VS,Steg-Hohtenn,46.31377461,7.74891065,,,,,2.0,,2.0,,True,0.0,1.0,0.0,tour,4,0
2011-04-22,0.0,2010/11,GR,Davos,46.69409686,9.95522927,100.0,3080.0,N,40_45,1.0,,2.0,,True,0.0,1.0,0.0,tour,4,0
2011-04-22,0.0,2010/11,GR,Davos,46.69510267,9.95084192,100.0,2940.0,N,,1.0,,2.0,,True,0.0,1.0,0.0,tour,4,0
2011-04-25,0.0,2010/11,GR,Davos,46.7836806,9.90298677,250.0,2480.0,N,,2.0,,2.0,,True,0.0,1.0,0.0,tour,4,0
2011-04-27,0.0,2010/11,VS,Hérémence,46.18016036,7.40496642,,,,,1.0,,2.0,,True,0.0,1.0,1.0,tour,4,0
2011-05-05,0.0,2010/11,VS,Saas-Almagell,45.99834938,7.91491839,500.0,3400.0,N,30_35,,,,,,0.0,1.0,0.0,tour,5,0
2011-05-25,0.0,2010/11,BE,Gadmen,46.69163114,8.42344835,250.0,3100.0,NE,,,,,,,0.0,1.0,0.0,tour,5,0
2011-07-29,0.0,2010/11,VS,Saas-Balen,46.16708016,7.99925551,250.0,,W,,,,,,,0.0,3.0,0.0,tour,7,0
2011-12-07,0.0,2011/12,VS,Saas-Fee,46.06465526,7.91291161,250.0,3100.0,N,,,,,,,1.0,2.0,2.0,transportation.corridor,12,1
2011-12-11,0.0,2011/12,VS,Saas-Almagell,45.99948087,7.96391328,0.0,2970.0,NE,30_35,3.0,,,,True,1.0,2.0,1.0,tour,12,1
2011-12-11,0.0,2011/12,GR,Obersaxen,46.69445142,9.02679961,0.0,2800.0,NE,35_40,2.0,,,,True,0.0,1.0,0.0,tour,12,0
2011-12-16,0.0,2011/12,GR,Davos,46.81907116,9.82784728,250.0,2130.0,SE,,2.0,,,,True,0.0,1.0,0.0,offpiste,12,0
2011-12-18,0.0,2011/12,TI,Faido,46.49727918,8.86492532,0.0,2500.0,NW,30_35,3.0,,,,True,0.0,2.0,0.0,tour,12,0
2011-12-20,2.0,2011/12,VS,Fully,46.16350042,7.11174095,1000.0,2000.0,SE,,3.0,,,,True,1.0,1.0,1.0,transportation.corridor,12,1
2011-12-23,0.0,2011/12,GR,Ftan,46.82083846,10.24487503,0.0,2775.0,E,,3.0,,,,True,0.0,1.0,1.0,tour,12,0
2011-12-23,0.0,2011/12,VS,Ried-Brig,46.26529422,8.05500416,250.0,2400.0,,40_45,3.0,,,,True,0.0,1.0,0.0,tour,12,0
2011-12-23,0.0,2011/12,GR,Bever,46.52663539,9.71921526,0.0,2690.0,NE,35_40,3.0,,,,True,1.0,1.0,1.0,tour,12,1
2011-12-25,0.0,2011/12,GR,Samnaun,46.98118725,10.3535936,100.0,2700.0,N,30_35,3.0,,,,True,0.0,1.0,0.0,offpiste,12,0
2011-12-26,0.0,2011/12,GR,Celerina/Schlarigna,46.50703093,9.79002397,0.0,2910.0,N,,3.0,,,,True,0.0,1.0,0.0,offpiste,12,0
2011-12-26,0.0,2011/12,VD,Leysin,46.36380295,7.0202262,500.0,,NE,,3.0,,,,True,0.0,1.0,0.0,offpiste,12,0
2011-12-26,0.0,2011/12,VS,Riddes,46.09886801,7.27906821,0.0,2900.0,NW,,3.0,,,,True,0.0,3.0,0.0,offpiste,12,0
2011-12-27,0.0,2011/12,GR,Tavetsch/Tujetsch,46.72194625,8.77714316,100.0,2890.0,NW,35_40,3.0,,,,True,0.0,1.0,0.0,tour,12,0
2011-12-27,0.0,2011/12,GR,Tavetsch/Tujetsch,46.71904958,8.77327767,100.0,2830.0,NW,,3.0,,,,True,0.0,1.0,0.0,tour,12,0
2011-12-28,0.0,2011/12,GR,Langwies,46.83804633,9.78069086,0.0,2630.0,N,35_40,2.0,,,,True,0.0,3.0,0.0,offpiste,12,0
2011-12-29,0.0,2011/12,GR,Celerina/Schlarigna,46.52505665,9.78656984,0.0,2995.0,E,35_40,3.0,,,,True,1.0,2.0,1.0,tour,12,1
2012-01-01,0.0,2011/12,GR,Vals,46.61020702,9.16774627,0.0,1460.0,E,30_35,3.0,,,,False,0.0,1.0,0.0,offpiste,1,0
2012-01-02,0.0,2011/12,UR,Andermatt,46.61456584,8.61356951,250.0,2400.0,W,,3.0,,,,True,0.0,1.0,0.0,offpiste,1,0
2012-01-03,0.0,2011/12,VS,Bagnes,46.07903842,7.31997341,,3170.0,S,35_40,3.0,,,,True,0.0,1.0,0.0,offpiste,1,0
2012-01-03,0.0,2011/12,GR,Arosa,46.78907149,9.66137463,250.0,2150.0,SE,,3.0,,,,False,0.0,1.0,0.0,transportation.corridor,1,0
2012-01-03,0.0,2011/12,GR,Avers,46.42197381,9.57923014,100.0,2820.0,NE,40_45,3.0,,,,True,2.0,4.0,3.0,tour,1,1
2012-01-03,0.0,2011/12,BE,Lauterbrunnen,46.59283766,7.81758391,100.0,2750.0,E,,3.0,,,,True,0.0,1.0,0.0,tour,1,0
2012-01-05,0.0,2011/12,VS,Monthey,46.20645494,6.94978342,0.0,2020.0,N,0_30,3.0,,,,True,0.0,1.0,0.0,tour,1,0
2012-01-07,0.0,2011/12,GR,Mesocco,46.43342343,9.17332723,500.0,2100.0,E,30_35,3.0,,,,True,0.0,1.0,1.0,tour,1,0
2012-01-09,0.0,2011/12,GR,Arosa,46.78780387,9.63713689,0.0,2510.0,S,,3.0,,,,True,0.0,1.0,0.0,transportation.corridor,1,0
2012-01-15,0.0,2011/12,FR,Grandvillard,46.50938261,7.12717864,0.0,1700.0,NW,30_35,1.0,,,,True,0.0,1.0,0.0,tour,1,0
2012-01-24,1.0,2011/12,BE,Villeret,47.13190615,7.03368058,100.0,1418.0,NE,30_35,,,,,,0.0,1.0,0.0,tour,1,0
2012-01-26,0.0,2011/12,BE,Hasliberg,46.76032645,8.25073066,0.0,2000.0,SW,0_30,3.0,,,,True,0.0,1.0,1.0,transportation.corridor,1,0
2012-01-26,0.0,2011/12,GR,Saas,46.92875751,9.86505749,0.0,2520.0,SW,35_40,3.0,,,,True,0.0,1.0,0.0,offpiste,1,0
2012-01-29,0.0,2011/12,GR,Samedan,46.50716643,9.93507823,500.0,2668.0,NW,,2.0,,2.0,,True,0.0,1.0,0.0,,1,0
2012-02-04,0.0,2011/12,BE,Boltigen,46.60847487,7.32076993,0.0,1844.0,SW,,3.0,,,,True,0.0,1.0,1.0,tour,2,0
2012-02-04,0.0,2011/12,UR,Gurtnellen,46.76579237,8.54747592,100.0,2455.0,NE,,3.0,,,,True,0.0,2.0,2.0,tour,2,0
2012-02-05,0.0,2011/12,VS,Ormont-Dessus,46.36758111,7.16085607,100.0,1760.0,S,30_35,3.0,,,,False,0.0,1.0,0.0,tour,2,0
2012-02-05,0.0,2011/12,VS,Ayent,46.32797867,7.38835732,500.0,2750.0,SW,35_40,2.0,,,,True,0.0,1.0,0.0,offpiste,2,0
2012-02-05,0.0,2011/12,VS,Liddes,45.99025105,7.24647614,250.0,3060.0,SW,35_40,2.0,,,,True,0.0,1.0,0.0,tour,2,0
2012-02-08,0.0,2011/12,VS,Saas-Grund,46.14308528,7.97585609,0.0,2630.0,W,30_35,2.0,,,,True,0.0,1.0,0.0,tour,2,0
2012-02-08,0.0,2011/12,VS,Zermatt,46.01838793,7.77041208,0.0,2270.0,NW,30_35,2.0,,,,False,0.0,3.0,0.0,transportation.corridor,2,0
2012-02-08,0.0,2011/12,GR,Davos,46.69686804,9.86435609,0.0,2650.0,E,35_40,2.0,,,,True,0.0,1.0,0.0,tour,2,0
2012-02-08,0.0,2011/12,UR,Andermatt,46.58186014,8.67418452,100.0,2480.0,N,0_30,2.0,,,,True,0.0,3.0,0.0,tour,2,0
2012-02-08,0.0,2011/12,NW,Hergiswil,46.98058536,8.25116949,0.0,1940.0,NW,35_40,2.0,,,,False,1.0,1.0,1.0,tour,2,1
2012-02-09,0.0,2011/12,GR,Langwies,46.79887149,9.76309034,0.0,2300.0,N,35_40,3.0,,,,False,1.0,1.0,0.0,tour,2,1
2012-02-09,0.0,2011/12,VS,Oberems,46.20603028,7.66278417,,,,,2.0,,,,True,0.0,1.0,0.0,,2,0
2012-02-10,0.0,2011/12,VS,Obergoms,46.55082065,8.31701118,0.0,2530.0,SE,40_45,3.0,,,,True,1.0,2.0,1.0,tour,2,1
2012-02-11,0.0,2011/12,VS,Zermatt,46.01886309,7.81928779,0.0,2905.0,SW,30_35,3.0,,,,True,0.0,1.0,0.0,,2,0
2012-02-12,0.0,2011/12,VS,Unterbäch,46.22288526,7.76077036,100.0,2930.0,N,,3.0,,,,True,0.0,1.0,0.0,tour,2,0
2012-02-12,0.0,2011/12,BE,Diemtigen,46.55541935,7.5370897,0.0,2080.0,NW,35_40,2.0,,,,True,0.0,2.0,0.0,tour,2,0
2012-02-12,0.0,2011/12,GR,Haldenstein,46.89156421,9.47302173,0.0,2499.0,E,40_45,3.0,,,,True,1.0,1.0,0.0,tour,2,1
2012-02-12,0.0,2011/12,GR,Lantsch/Lenz,46.72748552,9.60931501,100.0,2710.0,NW,35_40,3.0,,,,True,0.0,1.0,0.0,tour,2,0
2012-02-14,0.0,2011/12,GR,Zernez,46.69082251,10.03894358,100.0,2320.0,SE,,2.0,,,,True,0.0,2.0,0.0,tour,2,0
2012-02-16,0.0,2011/12,VS,Randogne,46.34537548,7.49049198,0.0,2450.0,SW,30_35,3.0,,,,True,0.0,1.0,0.0,,2,0
2012-02-17,0.0,2011/12,GR,Flims,46.86379349,9.23853629,0.0,2050.0,E,30_35,3.0,,,,True,0.0,1.0,0.0,offpiste,2,0
2012-02-17,0.0,2011/12,BE,Hasliberg,46.76005941,8.25914366,100.0,,S,35_40,3.0,,,,True,0.0,1.0,0.0,offpiste,2,0
2012-02-17,0.0,2011/12,GR,Churwalden,46.76767691,9.59304478,250.0,2517.0,W,30_35,3.0,,,,True,0.0,1.0,1.0,offpiste,2,0
2012-02-17,0.0,2011/12,GR,Zuoz,46.60596972,9.90330217,250.0,2460.0,S,30_35,3.0,,,,True,0.0,1.0,0.0,tour,2,0
2012-02-17,0.0,2011/12,BE,Guggisberg,46.7011749,7.3801908,500.0,1550.0,W,,3.0,,,,True,0.0,2.0,0.0,tour,2,0
2012-02-17,0.0,2011/12,GR,Davos,46.82947168,9.81893369,0.0,2480.0,NE,40_45,3.0,,,,True,1.0,1.0,1.0,offpiste,2,1
2012-02-18,0.0,2011/12,BE,Boltigen,46.56898062,7.29420839,0.0,1380.0,W,40_45,3.0,,,,False,0.0,1.0,0.0,tour,2,0
2012-02-18,0.0,2011/12,GR,Samedan,46.50754993,9.91798102,500.0,2500.0,N,,3.0,,,,True,0.0,1.0,0.0,tour,2,0
2012-02-20,0.0,2011/12,BE,Guttannnen,46.55276827,8.19493513,,,,,3.0,,,,True,0.0,1.0,0.0,tour,2,0
2012-02-22,0.0,2011/12,OW,Engelberg,46.85333729,8.41814541,100.0,2500.0,W,35_40,3.0,,,,True,0.0,1.0,0.0,tour,2,0
2012-02-22,,2011/12,FR,Plaffeien,46.66858921,7.34690423,500.0,,,,3.0,,,,True,0.0,1.0,0.0,tour,2,0
2012-02-22,0.0,2011/12,LU,Flühli,46.81424991,7.95056345,100.0,1950.0,NE,35_40,3.0,,,,True,0.0,1.0,0.0,tour,2,0
2012-02-24,0.0,2011/12,NW,Stans,46.93733043,8.35650312,0.0,1340.0,N,45_90,2.0,,3.0,,False,1.0,1.0,1.0,transportation.corridor,2,1
2012-02-24,0.0,2011/12,VS,Miège,46.31234918,7.54638602,,,,,2.0,,3.0,,True,0.0,1.0,0.0,,2,0
2012-02-25,0.0,2011/12,SO,Selzach,47.24675321,7.44463398,0.0,1122.0,N,35_40,,,,,,0.0,1.0,0.0,tour,2,0
2012-02-25,0.0,2011/12,GR,Zernez,46.67928774,10.16318593,500.0,1840.0,,,3.0,,,,True,0.0,6.0,0.0,transportation.corridor,2,0
2012-02-29,0.0,2011/12,VS,Troistorrents,46.25336367,6.86286572,,,,,2.0,,3.0,,True,0.0,1.0,0.0,,2,0
2012-03-02,0.0,2011/12,SZ,Muotathal,46.9492906,8.77572613,100.0,1360.0,NW,,1.0,,3.0,,True,0.0,1.0,0.0,tour,3,0
2012-03-04,0.0,2011/12,BE,Innertkirchen,46.77829094,8.37206252,100.0,2145.0,S,,1.0,,3.0,,True,0.0,4.0,0.0,transportation.corridor,3,0
2012-03-06,0.0,2011/12,GR,Sent,46.91231393,10.2785538,100.0,2670.0,W,,3.0,,,,True,0.0,1.0,0.0,,3,0
2012-03-11,0.0,2011/12,VS,Binn,46.40238393,8.3041151,0.0,3044.0,SW,35_40,2.0,,,,False,0.0,1.0,0.0,tour,3,0
2012-03-12,0.0,2011/12,GR,Scuol,46.84655824,10.25862838,0.0,2780.0,SE,,2.0,,,,False,0.0,1.0,0.0,,3,0
2012-03-13,0.0,2011/12,GR,Samedan,46.40435081,9.83103989,0.0,2923.0,SE,,2.0,,2.0,,False,0.0,1.0,0.0,tour,3,0
2012-03-13,0.0,2011/12,VS,Betten,46.4745844,8.01011711,100.0,3458.0,S,,2.0,,3.0,,False,0.0,1.0,0.0,tour,3,0
2012-03-13,0.0,2011/12,GR,Saas,46.93011421,9.86601213,,2618.0,,35_40,2.0,,2.0,,True,0.0,1.0,0.0,,3,0
2012-03-16,0.0,2011/12,VS,Zermatt,46.01962319,7.74724182,,,,,1.0,,2.0,,True,0.0,1.0,0.0,,3,0
2012-03-20,0.0,2011/12,VD,Ormont-Dessus,46.33795668,7.21272549,0.0,2400.0,NW,35_40,2.0,,,,True,0.0,1.0,0.0,offpiste,3,0
2012-03-20,0.0,2011/12,VD,Château-d’Œx,46.44958635,7.18820951,500.0,1700.0,W,35_40,2.0,,,,False,0.0,1.0,0.0,,3,0
2012-03-20,0.0,2011/12,GR,Klosters-Serneus,46.8588838,9.82187568,0.0,2430.0,N,35_40,3.0,,,,True,0.0,1.0,1.0,offpiste,3,0
2012-03-20,0.0,2011/12,VS,Binn,46.34802724,8.20702526,250.0,2340.0,N,30_35,3.0,,,,True,0.0,2.0,0.0,tour,3,0
2012-03-20,0.0,2011/12,BE,Gsteig,46.33980547,7.23918813,100.0,2093.0,E,35_40,3.0,,,,True,0.0,1.0,0.0,offpiste,3,0
2012-03-20,0.0,2011/12,BE,Diemtigen,46.56777621,7.53000371,0.0,2220.0,NE,30_35,2.0,,,,True,0.0,1.0,0.0,tour,3,0
2012-03-21,0.0,2011/12,GR,Klosters-Serneus,46.82296476,9.89882051,0.0,2180.0,NE,35_40,3.0,,,,False,0.0,1.0,0.0,,3,0
2012-03-22,1.0,2011/12,VS,Zermatt,45.95632318,7.76603786,0.0,2804.0,N,,3.0,,,,True,0.0,1.0,0.0,,3,0
2012-03-23,0.0,2011/12,GR,Davos,46.69080886,9.80712518,100.0,2650.0,N,,2.0,,,,True,0.0,1.0,0.0,tour,3,0
2012-03-25,0.0,2011/12,GR,Klosters-Serneus,46.82407298,9.93692143,100.0,2580.0,NE,40_45,2.0,,2.0,,True,0.0,1.0,0.0,tour,3,0
2012-03-25,0.0,2011/12,GR,Klosters-Serneus,46.81875269,9.90467179,100.0,2420.0,N,40_45,2.0,,2.0,,True,0.0,1.0,0.0,offpiste,3,0
2012-03-25,1.0,2011/12,GR,Klosters-Serneus,46.88527342,9.92241311,100.0,2540.0,NW,,2.0,,2.0,,True,0.0,1.0,0.0,tour,3,0
2012-03-30,0.0,2011/12,VS,Trient,46.056056,6.99544811,,,,,1.0,,2.0,,True,0.0,1.0,0.0,tour,3,0
2012-03-31,0.0,2011/12,GR,Bivio,46.44817585,9.67869031,0.0,2650.0,N,35_40,2.0,,2.0,,True,0.0,3.0,0.0,tour,3,0
2012-03-31,0.0,2011/12,GR,Davos,46.72222951,9.87238098,0.0,2700.0,N,,2.0,,2.0,,True,0.0,1.0,0.0,tour,3,0
2012-04-09,0.0,2011/12,GR,Zernez,46.69913505,9.99896081,100.0,2920.0,NE,35_40,2.0,,,,True,0.0,1.0,0.0,tour,4,0
2012-04-09,0.0,2011/12,VS,Randogne,46.36718178,7.4884466,0.0,2768.0,S,30_35,3.0,,,,True,0.0,1.0,0.0,offpiste,4,0
2012-04-09,0.0,2011/12,VS,Saas-Fee,46.0474228,7.88799625,100.0,3760.0,N,,3.0,,,,True,0.0,4.0,0.0,tour,4,0
2012-04-09,0.0,2011/12,VS,Bourg-Saint-Pierre,45.89402522,7.24486808,0.0,3500.0,SW,45_90,3.0,,,,True,1.0,1.0,0.0,tour,4,1
2012-04-10,0.0,2011/12,VS,Fieschertal,46.42535437,8.14372381,,,,,2.0,,,,True,0.0,1.0,0.0,tour,4,0
2012-04-12,0.0,2011/12,GR,Davos,46.73913168,9.8799385,0.0,2640.0,N,35_40,2.0,,,,True,0.0,1.0,0.0,tour,4,0
2012-04-13,0.0,2011/12,NW,Wolfenschiessen,46.85600828,8.45434915,100.0,2400.0,N,,2.0,,,,True,0.0,1.0,0.0,,4,0
2012-04-13,0.0,2011/12,VD,Ormont-Dessus,46.33466929,7.21525866,0.0,2660.0,NW,30_35,3.0,,,,True,0.0,1.0,0.0,offpiste,4,0
2012-04-17,0.0,2011/12,GR,Lavin,46.79786525,10.07034091,0.0,3305.0,S,40_45,2.0,,,,True,1.0,3.0,1.0,tour,4,1
2012-04-17,0.0,2011/12,VS,Anniviers,46.19461166,7.65984852,0.0,2900.0,NW,,2.0,,,,True,1.0,2.0,1.0,tour,4,1
2012-04-21,0.0,2011/12,VS,Zermatt,46.01962319,7.74724182,,,,,3.0,,,,True,0.0,1.0,0.0,,4,0
2012-04-22,0.0,2011/12,VS,Evolène,46.09515449,7.46579054,0.0,2800.0,NE,,3.0,,,,True,0.0,1.0,0.0,tour,4,0
2012-04-22,0.0,2011/12,UR,Andermatt,46.61123238,8.61228295,0.0,2560.0,NW,,3.0,,,,True,0.0,2.0,2.0,offpiste,4,0
2012-04-22,0.0,2011/12,VS,Bagnes,46.00946673,7.32787026,0.0,2140.0,NE,35_40,3.0,,,,False,0.0,1.0,1.0,tour,4,0
2012-04-23,0.0,2011/12,FR,Plaffeien,46.65547089,7.36822116,0.0,2100.0,NW,30_35,2.0,,,,True,1.0,2.0,0.0,tour,4,1
2012-04-24,0.0,2011/12,VS,Evolène,46.00215517,7.53793983,0.0,3254.0,N,,3.0,,,,True,0.0,4.0,0.0,tour,4,0
2012-04-25,0.0,2011/12,SZ,Riemenstalden,46.9186216,8.71741452,100.0,2450.0,N,30_35,3.0,,,,True,0.0,3.0,0.0,tour,4,0
2012-04-25,0.0,2011/12,VS,Nendaz,46.09436459,7.30217432,0.0,2800.0,N,,3.0,,,,True,1.0,1.0,1.0,offpiste,4,1
2012-04-26,0.0,2011/12,GR,Tarasp,46.73487188,10.26330743,100.0,3000.0,E,,3.0,,,,True,0.0,3.0,0.0,tour,4,0
2012-05-17,0.0,2011/12,GR,Davos,46.67610884,9.83056436,0.0,2970.0,N,,,,,,,0.0,1.0,0.0,tour,5,0
2012-10-27,0.0,2012/13,GR,Pontresina,46.38010064,9.90844958,250.0,3950.0,NE,,,,,,,1.0,1.0,1.0,tour,10,1
2012-11-12,0.0,2012/13,GR,Pontresina,46.4176814,9.97144183,100.0,2740.0,N,35_40,,,,,,1.0,1.0,1.0,offpiste,11,1
2012-11-30,0.0,2012/13,VS,Zermatt,45.9863743,7.76692736,0.0,2850.0,W,35_40,3.0,,,,True,0.0,1.0,0.0,offpiste,11,0
2012-12-05,0.0,2012/13,VS,Saas-Fee,46.09196994,7.89892621,500.0,,N,45_90,3.0,,,,True,0.0,2.0,0.0,transportation.corridor,12,0
2012-12-08,0.0,2012/13,GR,Celerina/Schlarigna,46.52803401,9.82294827,0.0,2700.0,SW,35_40,3.0,,,,True,0.0,3.0,1.0,offpiste,12,0
2012-12-09,,2012/13,VS,Bagnes,46.1037918,7.26308252,100.0,,NW,35_40,3.0,,,,True,0.0,3.0,1.0,offpiste,12,0
2012-12-09,0.0,2012/13,OW,Engelberg,46.79079919,8.41362947,0.0,2190.0,N,35_40,3.0,,,,True,0.0,13.0,1.0,offpiste,12,0
2012-12-09,0.0,2012/13,VS,Champéry,46.17783571,6.87013831,,,,,3.0,,,,True,0.0,1.0,0.0,offpiste,12,0
2012-12-10,0.0,2012/13,OW,Wolfenschiessen,46.78941927,8.3698322,500.0,,NE,,4.0,,,,True,0.0,3.0,0.0,,12,0
2012-12-12,0.0,2012/13,GR,Samnaun,46.97037963,10.34106587,100.0,2680.0,SE,35_40,3.0,,,,True,0.0,3.0,0.0,offpiste,12,0
2012-12-12,1.0,2012/13,GR,Arosa,46.78955181,9.63982863,250.0,2640.0,,,3.0,,,,True,0.0,1.0,0.0,offpiste,12,0
2012-12-16,0.0,2012/13,GR,Falera,46.84988203,9.18403809,0.0,2300.0,E,35_40,3.0,,,,True,0.0,1.0,0.0,offpiste,12,0
2012-12-19,0.0,2012/13,VS,Nendaz,46.10504457,7.28978415,0.0,2525.0,NE,40_45,3.0,,,,True,1.0,4.0,1.0,offpiste,12,1
2012-12-19,0.0,2012/13,VS,Anniviers,46.15128148,7.58755173,100.0,2870.0,N,,3.0,,,,True,0.0,1.0,0.0,offpiste,12,0
2012-12-23,0.0,2012/13,SG,Vilters-Wangs,46.99795005,9.39655285,0.0,2260.0,N,45_90,4.0,,,,True,1.0,1.0,1.0,tour,12,1
2012-12-23,0.0,2012/13,GR,Davos,46.84181422,9.81180732,0.0,2560.0,SE,,4.0,,,,True,0.0,1.0,0.0,offpiste,12,0
2012-12-23,0.0,2012/13,VS,Randogne,46.35589865,7.49410085,0.0,2675.0,SE,30_35,3.0,,,,True,0.0,1.0,0.0,offpiste,12,0
2012-12-28,0.0,2012/13,VS,Bagnes,46.10086978,7.26406178,,,,,3.0,,,,True,0.0,1.0,0.0,offpiste,12,0
2012-12-28,0.0,2012/13,GR,Arosa,46.78983418,9.63918508,250.0,2600.0,NE,35_40,3.0,,,,True,0.0,2.0,0.0,offpiste,12,0
2012-12-28,0.0,2012/13,GR,Davos,46.81985845,9.82893106,100.0,2130.0,SE,,3.0,,,,True,0.0,1.0,0.0,offpiste,12,0
2012-12-29,0.0,2012/13,GR,Davos,46.79540709,9.95744991,0.0,2940.0,SW,40_45,3.0,,,,True,0.0,1.0,0.0,tour,12,0
2012-12-29,0.0,2012/13,GR,Scuol,46.68593734,10.34432677,100.0,2580.0,E,,3.0,,,,True,0.0,2.0,0.0,tour,12,0
2012-12-29,0.0,2012/13,GR,Bivio,46.48421103,9.72643111,100.0,2690.0,SE,,3.0,,,,True,0.0,2.0,0.0,tour,12,0
2012-12-30,0.0,2012/13,GR,Davos,46.72478096,9.79415682,100.0,2260.0,N,,3.0,,,,True,0.0,1.0,1.0,offpiste,12,0
2013-01-03,0.0,2012/13,VS,Icogne,46.37581683,7.46333142,250.0,2860.0,SE,30_35,2.0,,,,True,0.0,1.0,0.0,tour,1,0
2013-01-03,0.0,2012/13,GR,Guarda,46.83120722,10.13577452,250.0,2340.0,W,30_35,2.0,,,,True,0.0,1.0,0.0,tour,1,0
2013-01-04,0.0,2012/13,GR,Davos,46.76121077,9.96541121,,3000.0,N,35_40,2.0,,,,True,0.0,1.0,0.0,tour,1,0
2013-01-04,0.0,2012/13,TI,Biasca,46.34629704,9.02350669,,2520.0,NE,,1.0,,,,True,0.0,1.0,0.0,tour,1,0
2013-01-05,0.0,2012/13,GR,Mesocco,46.44998043,9.16322149,500.0,2180.0,S,0_30,3.0,,,,False,0.0,2.0,0.0,tour,1,0
2013-01-06,0.0,2012/13,GR,Arosa,46.74267893,9.59681041,,2600.0,W,35_40,2.0,,,,True,0.0,1.0,0.0,offpiste,1,0
2013-01-06,0.0,2012/13,VS,Bagnes,46.0100919,7.22962335,100.0,3040.0,NW,40_45,2.0,,,,True,0.0,1.0,0.0,tour,1,0
2013-01-11,0.0,2012/13,SZ,Innerthal,47.04872289,8.94265391,,2300.0,N,,3.0,,,,True,0.0,1.0,0.0,,1,0
2013-01-17,0.0,2012/13,VD,Leysin,46.37892494,7.02270929,100.0,1970.0,SE,40_45,3.0,,,,False,0.0,1.0,0.0,tour,1,0
2013-01-18,0.0,2012/13,VS,Reckingen-Gluringen,46.4959,8.2234508,250.0,2600.0,SE,35_40,3.0,,,,True,0.0,1.0,0.0,tour,1,0
2013-01-19,0.0,2012/13,BE,Kandergrund,46.54087353,7.71279656,100.0,2690.0,W,30_35,2.0,,,,True,1.0,2.0,1.0,tour,1,1
2013-01-19,0.0,2012/13,VS,Isérables,46.13382423,7.28530628,100.0,2200.0,W,,2.0,,,,True,0.0,1.0,0.0,offpiste,1,0
2013-01-19,0.0,2012/13,UR,Sisikon,46.92665996,8.67771128,100.0,1900.0,W,35_40,3.0,,,,False,0.0,1.0,0.0,tour,1,0
2013-01-20,0.0,2012/13,SZ,Morschach,46.96726275,8.63859221,500.0,1880.0,NE,45_90,3.0,,,,False,0.0,2.0,0.0,offpiste,1,0
2013-01-20,0.0,2012/13,VS,Bourg-Saint-Pierre,45.96156897,7.23354916,100.0,2720.0,S,35_40,2.0,,,,False,0.0,1.0,0.0,tour,1,0
2013-01-23,0.0,2012/13,GR,Silvaplana,46.43414729,9.83709332,100.0,2700.0,W,40_45,3.0,,,,True,0.0,1.0,1.0,offpiste,1,0
2013-01-24,0.0,2012/13,GR,Alvaneu,46.70903781,9.6267306,100.0,2250.0,E,40_45,2.0,,,,True,1.0,1.0,1.0,tour,1,1
2013-01-29,0.0,2012/13,VS,Leuk,46.25240232,7.63898511,100.0,2750.0,N,,2.0,,,,True,0.0,1.0,0.0,tour,1,0
2013-01-29,0.0,2012/13,FR,Semsales,46.5359826,6.99673556,500.0,1750.0,,,3.0,,,,False,1.0,1.0,1.0,tour,1,1
2013-01-30,0.0,2012/13,VS,Anniviers,46.14040371,7.58228098,100.0,2550.0,W,,3.0,,,,False,0.0,2.0,0.0,offpiste,1,0
2013-02-02,0.0,2012/13,VS,Hérémence,46.01158866,7.42043356,,,,,3.0,,,,True,0.0,4.0,0.0,tour,2,0
2013-02-03,0.0,2012/13,NW,Wolfenschiessen,46.78410063,8.41426789,0.0,2260.0,NW,30_35,3.0,,,,True,0.0,1.0,0.0,offpiste,2,0
2013-02-03,0.0,2012/13,VS,Anniviers,46.24105555,7.64581473,0.0,2890.0,SW,40_45,3.0,,,,True,1.0,1.0,1.0,tour,2,1
2013-02-04,0.0,2012/13,GR,Klosters-Serneus,46.86409816,9.83719601,0.0,2040.0,N,35_40,3.0,,,,True,0.0,1.0,1.0,offpiste,2,0
2013-02-05,0.0,2012/13,GR,Arosa,46.79041313,9.64182916,250.0,2500.0,E,35_40,3.0,,,,True,0.0,1.0,0.0,offpiste,2,0
2013-02-07,0.0,2012/13,VS,Leytron,46.19400207,7.14698639,100.0,2100.0,E,,3.0,,,,True,0.0,1.0,0.0,tour,2,0
2013-02-08,0.0,2012/13,VS,Evolène,46.09209715,7.46061725,250.0,2820.0,NW,,3.0,,,,True,0.0,1.0,0.0,tour,2,0
2013-02-10,,2012/13,UR,Andermatt,46.62176587,8.62717525,250.0,1900.0,E,,3.0,,,,False,0.0,1.0,0.0,offpiste,2,0
2013-02-10,0.0,2012/13,GR,Haldenstein,46.8953918,9.4687822,100.0,2750.0,NE,,3.0,,,,True,0.0,2.0,0.0,tour,2,0
2013-02-10,0.0,2012/13,VS,Mont-Noble,46.19625624,7.48889925,100.0,2600.0,W,,3.0,,,,True,0.0,1.0,0.0,tour,2,0
2013-02-11,0.0,2012/13,GR,Davos,46.77741046,9.92857298,250.0,2100.0,NW,30_35,3.0,,,,False,0.0,1.0,0.0,tour,2,0
2013-02-12,0.0,2012/13,VS,Anniviers,46.15128827,7.58230964,250.0,2600.0,W,35_40,2.0,,,,True,1.0,1.0,1.0,offpiste,2,1
2013-02-12,0.0,2012/13,GR,Tavetsch/Tujetsch,46.64814762,8.79066535,250.0,2450.0,W,,3.0,,,,True,0.0,1.0,0.0,tour,2,0
2013-02-13,0.0,2012/13,VS,Nendaz,46.08917086,7.31488333,0.0,3150.0,SW,35_40,2.0,,,,True,2.0,6.0,4.0,offpiste,2,1
2013-02-13,0.0,2012/13,GR,Klosters-Serneus,46.85846974,9.82015177,,2440.0,N,,2.0,,,,True,0.0,1.0,0.0,,2,0
2013-02-13,0.0,2012/13,VS,Isérables,46.13328988,7.28931894,0.0,2470.0,W,40_45,2.0,,,,True,1.0,1.0,0.0,offpiste,2,1
2013-02-13,0.0,2012/13,VS,Hérémence,46.03542785,7.43359997,250.0,3200.0,SW,30_35,2.0,,,,True,0.0,1.0,1.0,tour,2,0
2013-02-13,0.0,2012/13,GR,Davos,46.71344554,9.89421518,0.0,2810.0,SW,,2.0,,,,True,0.0,2.0,0.0,tour,2,0
2013-02-15,0.0,2012/13,VS,Randogne,46.34673963,7.49704024,100.0,2350.0,NE,35_40,2.0,,,,True,0.0,1.0,0.0,offpiste,2,0
2013-02-16,0.0,2012/13,FR,Haut-Intyamon,46.47127148,6.98866972,100.0,1700.0,SE,40_45,2.0,,,,False,0.0,1.0,0.0,tour,2,0
2013-02-16,0.0,2012/13,VS,Anniviers,46.20237043,7.6479997,100.0,2720.0,S,40_45,2.0,,,,True,1.0,2.0,2.0,tour,2,1
2013-02-16,0.0,2012/13,BE,Diemtigen,46.5449102,7.51686241,250.0,1900.0,W,35_40,2.0,,,,True,0.0,1.0,0.0,tour,2,0
2013-02-16,0.0,2012/13,VS,Orsières,46.02224656,7.10367527,0.0,2160.0,NE,40_45,2.0,,,,True,1.0,1.0,1.0,tour,2,1
2013-02-16,0.0,2012/13,VS,Anniviers,46.12773758,7.67798815,500.0,3000.0,SW,,2.0,,,,True,0.0,2.0,1.0,tour,2,0
2013-02-17,0.0,2012/13,VS,Bagnes,46.10670664,7.25757666,,,,,2.0,,,,True,0.0,1.0,0.0,offpiste,2,0
2013-02-17,0.0,2012/13,GR,Bergün/Bravuogn,46.68457205,9.84706402,250.0,2800.0,,35_40,2.0,,,,True,0.0,1.0,0.0,tour,2,0
2013-02-17,0.0,2012/13,VS,Finhaut,46.07957615,6.92272566,250.0,,,,2.0,,,,True,0.0,1.0,0.0,tour,2,0
2013-02-18,0.0,2012/13,GR,Bergün/Bravuogn,46.5667555,9.77415789,100.0,2840.0,SE,40_45,2.0,,,,True,0.0,2.0,0.0,tour,2,0
2013-02-19,0.0,2012/13,GR,Klosters-Serneus,46.85789455,9.85187563,500.0,2140.0,NE,30_35,2.0,,,,False,0.0,1.0,0.0,offpiste,2,0
2013-02-22,0.0,2012/13,GR,Klosters-Serneus,46.81551757,9.91027863,0.0,2420.0,NE,40_45,2.0,,,,True,0.0,1.0,1.0,offpiste,2,0
2013-02-22,0.0,2012/13,VS,Nendaz,46.18818263,7.30522937,,,,,2.0,,,,True,0.0,1.0,0.0,tour,2,0
2013-02-25,0.0,2012/13,VS,Simplon,46.25865704,8.01542443,100.0,2340.0,SE,35_40,3.0,,,,True,0.0,1.0,0.0,tour,2,0
2013-02-25,0.0,2012/13,OW,Engelberg,46.77661486,8.44752366,500.0,2150.0,NE,,2.0,,,,False,0.0,1.0,0.0,tour,2,0
2013-02-26,0.0,2012/13,BE,Kandersteg,46.47402312,7.69904738,,,,35_40,2.0,,,,True,0.0,1.0,0.0,tour,2,0
2013-02-28,0.0,2012/13,VD,Ormont-Dessous,46.38524914,7.11365626,100.0,1990.0,NE,40_45,2.0,,,,False,0.0,1.0,0.0,tour,2,0
2013-02-28,0.0,2012/13,VS,Evolène,46.02352237,7.52308967,100.0,3500.0,W,45_90,2.0,,,,True,0.0,1.0,0.0,tour,2,0
2013-02-28,0.0,2012/13,VS,Miège,46.31234918,7.54638602,,,,,2.0,,,,True,0.0,1.0,0.0,tour,2,0
2013-03-02,0.0,2012/13,VS,Savièse,46.34169761,7.35823661,100.0,2900.0,SW,40_45,2.0,,2.0,,True,0.0,1.0,0.0,tour,3,0
2013-03-02,0.0,2012/13,VS,Champéry,46.15441524,6.79551107,500.0,,,,2.0,,2.0,,True,0.0,1.0,0.0,offpiste,3,0
2013-03-04,0.0,2012/13,GR,Tavetsch/Tujetsch,46.65450072,8.6954443,0.0,1890.0,SE,45_90,1.0,,2.0,,True,1.0,1.0,1.0,tour,3,1
2013-03-04,0.0,2012/13,OW,Engelberg,46.78464624,8.45487713,500.0,1700.0,N,30_35,1.0,,2.0,,True,0.0,1.0,0.0,tour,3,0
2013-03-05,0.0,2012/13,SG,Sevelen,47.12005544,9.41310632,0.0,1820.0,NE,35_40,2.0,,3.0,,True,0.0,2.0,0.0,tour,3,0
2013-03-05,0.0,2012/13,UR,Andermatt,46.62138564,8.62912551,500.0,1900.0,E,,2.0,,3.0,,True,0.0,1.0,0.0,,3,0
2013-03-06,0.0,2012/13,SG,Quarten,47.06538979,9.23182305,250.0,2150.0,NW,35_40,2.0,,,,True,0.0,1.0,0.0,offpiste,3,0
2013-03-07,0.0,2012/13,VS,Bourg-Saint-Pierre,45.89746268,7.20312606,100.0,2150.0,NW,30_35,2.0,,,,True,0.0,2.0,0.0,tour,3,0
2013-03-08,0.0,2012/13,GR,Davos,46.7104823,9.8686975,,,,,2.0,,,,True,0.0,1.0,0.0,,3,0
2013-03-09,0.0,2012/13,VS,Saas-Almagell,46.06180953,7.96625686,250.0,2200.0,W,,2.0,,2.0,,True,0.0,1.0,0.0,tour,3,0
2013-03-16,0.0,2012/13,BE,Kandersteg,46.4782881,7.72120455,250.0,2750.0,W,,2.0,,,,True,0.0,3.0,0.0,tour,3,0
2013-03-16,0.0,2012/13,GR,S-chanf,46.68857917,9.94095122,100.0,2980.0,E,30_35,2.0,,,,True,0.0,1.0,0.0,tour,3,0
2013-03-16,0.0,2012/13,GR,Pigniu,46.87397702,9.06942664,250.0,2900.0,E,,2.0,,,,True,0.0,1.0,0.0,tour,3,0
2013-03-16,0.0,2012/13,VS,Champéry,46.1362424,6.84624401,250.0,2340.0,NW,35_40,2.0,,,,True,0.0,3.0,0.0,tour,3,0
2013-03-16,0.0,2012/13,GR,Klosters-Serneus,46.89594479,10.01770207,100.0,2600.0,SW,30_35,2.0,,,,True,0.0,1.0,0.0,tour,3,0
2013-03-16,0.0,2012/13,VS,Orsières,45.95673508,7.04597231,250.0,3450.0,NW,,2.0,,,,True,0.0,1.0,0.0,tour,3,0
2013-03-16,0.0,2012/13,GR,Susch,46.70469868,9.95687542,100.0,2740.0,E,35_40,2.0,,,,True,0.0,1.0,0.0,tour,3,0
2013-03-17,0.0,2012/13,VS,Ayer,46.12153428,7.62880246,,,E,,2.0,,,,True,0.0,3.0,0.0,,3,0
2013-03-17,0.0,2012/13,VD,Bex,46.2562664,7.15268323,250.0,2600.0,NE,35_40,2.0,,,,True,0.0,1.0,0.0,tour,3,0
2013-03-18,0.0,2012/13,GR,S-chanf,46.631348,9.89505403,0.0,2960.0,NW,35_40,2.0,,,,True,0.0,2.0,1.0,tour,3,0
2013-03-19,0.0,2012/13,VS,Conthey,46.29627865,7.28108487,100.0,2380.0,SE,,3.0,,,,True,0.0,3.0,0.0,tour,3,0
2013-03-19,0.0,2012/13,VS,Trient,46.03738635,6.96359187,0.0,2065.0,N,40_45,3.0,,,,True,1.0,1.0,1.0,offpiste,3,1
2013-03-19,0.0,2012/13,VS,Nendaz,46.18818263,7.30522937,,,,,3.0,,,,True,0.0,1.0,0.0,offpiste,3,0
2013-03-21,0.0,2012/13,BE,Adelboden,46.5044842,7.55797194,0.0,1775.0,N,40_45,3.0,,,,False,0.0,2.0,0.0,transportation.corridor,3,0
2013-03-21,0.0,2012/13,GR,Disentis/Mustér,46.71910566,8.77386772,0.0,2820.0,SE,35_40,2.0,,,,True,1.0,5.0,2.0,offpiste,3,1
2013-03-21,0.0,2012/13,GR,Klosters-Serneus,46.82172534,9.93521284,0.0,2670.0,SW,30_35,2.0,,,,True,0.0,3.0,1.0,tour,3,0
2013-03-22,0.0,2012/13,GR,Tavetsch/Tujetsch,46.63168022,8.69343781,0.0,2560.0,NW,35_40,3.0,,,,True,0.0,1.0,0.0,tour,3,0
2013-03-23,0.0,2012/13,GR,Susch,46.76207797,9.96689255,100.0,3060.0,NE,,3.0,,,,True,0.0,2.0,1.0,tour,3,0
2013-03-23,0.0,2012/13,GR,Samedan,46.49635662,9.94001413,0.0,3070.0,NE,30_35,3.0,,,,True,0.0,1.0,0.0,tour,3,0
2013-03-23,0.0,2012/13,VS,Hérémence,46.06824175,7.37222189,0.0,2900.0,N,40_45,3.0,,,,True,0.0,1.0,0.0,tour,3,0
2013-03-24,0.0,2012/13,BE,Innertkirchen,46.5957373,8.17230626,250.0,,,,2.0,,,,True,0.0,5.0,0.0,tour,3,0
2013-03-24,0.0,2012/13,VS,Anniviers,46.13413442,7.62496454,,,,,3.0,,,,True,0.0,1.0,0.0,,3,0
2013-03-29,0.0,2012/13,AI,Schwende,47.24907953,9.34374791,100.0,2450.0,SE,35_40,2.0,,,,True,0.0,1.0,0.0,,3,0
2013-03-29,0.0,2012/13,GR,Poschiavo,46.40047295,10.14361711,0.0,2370.0,W,35_40,2.0,,,,True,2.0,5.0,4.0,tour,3,1
2013-03-29,0.0,2012/13,GR,Celerina/Schlarigna,46.50728316,9.79088215,250.0,2900.0,N,40_45,2.0,,,,True,0.0,1.0,0.0,,3,0
2013-03-30,0.0,2012/13,UR,Realp,46.58245907,8.40802206,100.0,2880.0,SE,30_35,3.0,,,,True,0.0,1.0,0.0,tour,3,0
2013-03-31,0.0,2012/13,GR,Poschiavo,46.43058196,10.12806733,0.0,2991.0,S,0_30,,,,,,0.0,5.0,1.0,tour,3,0
2013-03-31,0.0,2012/13,VS,Täsch,46.02141148,7.84179973,0.0,3020.0,N,40_45,2.0,,,,True,0.0,1.0,0.0,tour,3,0
2013-03-31,0.0,2012/13,VS,Anniviers,46.17202608,7.53756284,100.0,2610.0,,35_40,3.0,,,,True,0.0,1.0,0.0,offpiste,3,0
2013-03-31,0.0,2012/13,VS,Evolène,46.11404816,7.43346337,,2600.0,N,35_40,3.0,,,,True,0.0,1.0,1.0,offpiste,3,0
2013-03-31,0.0,2012/13,VS,Saint-Martin,46.12205423,7.44187135,0.0,2490.0,N,,3.0,,,,True,0.0,1.0,1.0,offpiste,3,0
2013-04-01,0.0,2012/13,VS,Riddes,46.17186246,7.22239974,,,,,3.0,,,,True,0.0,1.0,0.0,offpiste,4,0
2013-04-01,1.0,2012/13,GR,Saas,46.92447709,9.90741197,500.0,,,,2.0,,,,True,0.0,1.0,0.0,tour,4,0
2013-04-01,0.0,2012/13,VS,Chalais,46.21939553,7.53890592,0.0,2460.0,NE,35_40,3.0,,,,True,0.0,1.0,0.0,tour,4,0
2013-04-01,0.0,2012/13,VS,Nendaz,46.09289817,7.32653741,0.0,2790.0,N,,3.0,,,,True,0.0,1.0,0.0,offpiste,4,0
2013-04-02,0.0,2012/13,VS,Nendaz,46.18818263,7.30522937,,,,,3.0,,,,True,0.0,1.0,0.0,offpiste,4,0
2013-04-05,0.0,2012/13,VS,Leukerbad,46.4034668,7.62263782,100.0,2390.0,NW,35_40,2.0,,,,True,0.0,3.0,0.0,tour,4,0
2013-04-06,0.0,2012/13,VS,Obergoms,46.61550197,8.41857586,0.0,3340.0,N,,2.0,,,,True,0.0,3.0,0.0,tour,4,0
2013-04-11,0.0,2012/13,BE,Innertkirchen,46.62858158,8.18476562,250.0,3180.0,E,35_40,2.0,,,,True,0.0,3.0,1.0,tour,4,0
2013-04-12,0.0,2012/13,VS,Fieschertal,46.51479341,8.07973406,0.0,3320.0,S,35_40,3.0,,3.0,,True,1.0,13.0,7.0,tour,4,1
2013-04-13,0.0,2012/13,GR,S-chanf,46.67030354,9.87054863,0.0,2910.0,N,35_40,2.0,,3.0,,True,0.0,2.0,0.0,tour,4,0
2013-04-13,0.0,2012/13,VS,Savièse,46.34327788,7.31498032,0.0,3000.0,S,35_40,3.0,,3.0,,True,0.0,2.0,0.0,tour,4,0
2013-04-13,0.0,2012/13,UR,Realp,46.61982995,8.45543485,100.0,3200.0,E,35_40,2.0,,3.0,,True,0.0,1.0,0.0,tour,4,0
2013-04-13,0.0,2012/13,GR,Pontresina,46.3802989,9.97042454,0.0,2625.0,N,,2.0,,3.0,,True,0.0,2.0,0.0,tour,4,0
2013-04-13,0.0,2012/13,VS,Zermatt,45.98138349,7.67258683,0.0,3380.0,SE,40_45,2.0,,3.0,,True,1.0,3.0,0.0,tour,4,1
2013-04-14,0.0,2012/13,VS,Fieschertal,46.54040187,8.01824266,0.0,3730.0,S,35_40,3.0,,4.0,,True,1.0,2.0,1.0,tour,4,1
2013-04-14,0.0,2012/13,VS,Salvan,46.09306018,6.94885893,100.0,2200.0,S,,3.0,,4.0,,True,0.0,1.0,0.0,tour,4,0
2013-04-15,0.0,2012/13,VS,Orsières,45.98486334,7.05893284,100.0,2680.0,SE,40_45,3.0,,4.0,,True,0.0,3.0,0.0,tour,4,0
2013-04-15,0.0,2012/13,VS,Anniviers,46.1104913,7.61557151,100.0,2800.0,SE,35_40,2.0,,4.0,,True,0.0,2.0,1.0,tour,4,0
2013-04-21,0.0,2012/13,GR,Bergün/Bravuogn,46.61751229,9.82624525,,,,,3.0,,,,True,0.0,1.0,0.0,tour,4,0
2013-04-26,0.0,2012/13,UR,Wassen,46.72632888,8.48713908,500.0,2600.0,N,,1.0,,2.0,,True,0.0,1.0,0.0,tour,4,0
2013-05-02,0.0,2012/13,VS,Evolène,45.98752647,7.45380027,100.0,3750.0,NW,35_40,3.0,,,,True,0.0,5.0,4.0,tour,5,0
2013-05-13,0.0,2012/13,GR,Pontresina,46.3810617,9.96850944,250.0,3600.0,E,30_35,,,,,,0.0,2.0,1.0,tour,5,0
2013-05-20,0.0,2012/13,VS,Fieschertal,46.53903426,8.05590347,250.0,3350.0,SW,,,,,,,0.0,2.0,0.0,,5,0
2013-05-27,0.0,2012/13,VS,Hérémence,46.07238049,7.42571246,100.0,3420.0,N,45_90,,,,,,0.0,4.0,0.0,tour,5,0
2013-05-27,0.0,2012/13,BE,Gadmen,46.70966442,8.38676577,100.0,2890.0,SE,30_35,,,,,,0.0,1.0,0.0,tour,5,0
2013-06-30,0.0,2012/13,VS,Zermatt,45.9431911,7.74976404,0.0,3835.0,NW,35_40,,,,,,0.0,5.0,0.0,tour,6,0
2013-11-06,0.0,2013/14,UR,Andermatt,46.60319672,8.61332248,,,SE,,,,,,,0.0,1.0,0.0,,11,0
2013-11-28,0.0,2013/14,VS,Simplon,46.23340133,8.00382708,100.0,1950.0,E,,,,,,,0.0,1.0,0.0,tour,11,0
2013-12-01,0.0,2013/14,BE,Lauterbrunnen,46.62231937,7.86270441,0.0,2110.0,NE,35_40,2.0,,,,True,0.0,2.0,0.0,tour,12,0
2013-12-01,0.0,2013/14,GR,Tavetsch/Tujetsch,46.64250317,8.6745131,100.0,2050.0,E,40_45,2.0,,,,False,0.0,1.0,0.0,tour,12,0
2013-12-02,0.0,2013/14,UR,Attinghausen,46.83651713,8.54604834,0.0,2280.0,NE,,2.0,,,,True,0.0,1.0,0.0,tour,12,0
2013-12-22,0.0,2013/14,LI,Triesen,47.05726571,9.59000099,,2370.0,N,35_40,1.0,,,,True,1.0,1.0,1.0,tour,12,1
2013-12-26,0.0,2013/14,VS,Zermatt,46.00614422,7.74200211,,,,,4.0,,,,True,0.0,2.0,0.0,transportation.corridor,12,0
2013-12-26,0.0,2013/14,UR,Realp,46.57723465,8.49275604,0.0,1750.0,N,45_90,3.0,,,,True,1.0,1.0,1.0,tour,12,1
2013-12-27,0.0,2013/14,GR,Klosters-Serneus,46.85255584,9.80808355,0.0,2330.0,N,30_35,3.0,,,,True,0.0,2.0,0.0,offpiste,12,0
2013-12-27,0.0,2013/14,GR,Davos,46.78150374,9.84982756,0.0,2420.0,NE,35_40,3.0,,,,True,0.0,1.0,1.0,offpiste,12,0
2013-12-27,0.0,2013/14,GR,Vaz/Obervaz,46.76385222,9.59496092,500.0,2400.0,SW,35_40,3.0,,,,True,0.0,1.0,0.0,offpiste,12,0
2013-12-27,0.0,2013/14,GR,Safiental,46.61944085,9.25938808,100.0,,NE,35_40,3.0,,,,True,0.0,1.0,1.0,tour,12,0
2013-12-27,0.0,2013/14,VS,Saas-Fee,46.08911695,7.91015034,0.0,2240.0,NE,40_45,3.0,,,,True,0.0,1.0,0.0,offpiste,12,0
2013-12-28,0.0,2013/14,GR,Safiental,46.7089288,9.30373049,0.0,2000.0,NE,30_35,3.0,,,,True,0.0,2.0,0.0,tour,12,0
2013-12-28,0.0,2013/14,GR,Klosters-Serneus,46.8595908,9.80820987,0.0,2120.0,N,30_35,3.0,,,,True,0.0,1.0,0.0,offpiste,12,0
2013-12-29,0.0,2013/14,VS,Nendaz,46.14308921,7.29884297,0.0,2320.0,N,35_40,3.0,,,,True,0.0,1.0,0.0,offpiste,12,0
2013-12-29,0.0,2013/14,VS,Isérables,46.13891554,7.29195636,0.0,2400.0,W,35_40,3.0,,,,True,0.0,1.0,0.0,offpiste,12,0
2013-12-29,0.0,2013/14,BE,Adelboden,46.44122726,7.59478869,100.0,2580.0,NW,30_35,3.0,,,,True,0.0,2.0,0.0,tour,12,0
2013-12-29,0.0,2013/14,VD,Ormont-Dessous,46.37940834,7.11590085,0.0,2150.0,NW,35_40,3.0,,,,True,0.0,1.0,1.0,tour,12,0
2013-12-29,0.0,2013/14,VD,Bex,46.28420766,7.17524291,100.0,2050.0,NW,30_35,3.0,,,,True,1.0,1.0,1.0,tour,12,1
2013-12-29,0.0,2013/14,VS,Orsières,45.90832438,7.09926851,0.0,2072.0,NE,35_40,3.0,,,,True,1.0,1.0,1.0,tour,12,1
2013-12-30,0.0,2013/14,GR,Arosa,46.84451787,9.79421985,0.0,2400.0,NW,35_40,3.0,,,,True,0.0,1.0,1.0,offpiste,12,0
2013-12-30,0.0,2013/14,GR,Davos,46.68199074,9.76599176,0.0,2590.0,E,40_45,3.0,,,,True,1.0,2.0,1.0,tour,12,1
2013-12-30,0.0,2013/14,GR,Scuols,46.81098116,10.27189283,,2150.0,,,3.0,,,,True,0.0,1.0,0.0,offpiste,12,0
2013-12-30,0.0,2013/14,VS,Grafschaft,46.46735706,8.18723408,100.0,2480.0,E,,3.0,,,,True,0.0,2.0,1.0,tour,12,0
2013-12-30,0.0,2013/14,GR,Lantsch/Lenz,46.73498196,9.59934244,100.0,2520.0,SE,30_35,3.0,,,,True,0.0,1.0,0.0,offpiste,12,0
2013-12-30,0.0,2013/14,VS,Hérémence,46.12921352,7.34703461,0.0,2900.0,N,30_35,3.0,,,,True,0.0,1.0,0.0,tour,12,0
2013-12-30,0.0,2013/14,VS,Orsières,46.01101435,7.08127998,100.0,2640.0,N,35_40,3.0,,,,True,1.0,1.0,1.0,tour,12,1
2013-12-30,0.0,2013/14,VS,Evolène,46.00117302,7.48477021,0.0,2390.0,N,40_45,3.0,,,,True,1.0,1.0,1.0,tour,12,1
2013-12-31,0.0,2013/14,GR,Davos,46.75623263,9.8672257,0.0,2580.0,E,35_40,3.0,,,,True,0.0,1.0,0.0,offpiste,12,0
2013-12-31,0.0,2013/14,GR,Davos,46.7337786,9.81809744,0.0,2500.0,NE,35_40,3.0,,,,True,0.0,1.0,0.0,offpiste,12,0
2013-12-31,0.0,2013/14,BE,Lauterbrunnen,46.54897157,7.85941789,100.0,2180.0,NE,30_35,3.0,,,,True,0.0,1.0,0.0,offpiste,12,0
2013-12-31,0.0,2013/14,GR,Davos,46.70790009,9.81831606,100.0,2600.0,W,30_35,3.0,,,,True,0.0,1.0,0.0,tour,12,0
2014-01-03,0.0,2013/14,VS,Nendaz,46.15094546,7.34550964,0.0,2440.0,NE,35_40,3.0,,,,True,0.0,1.0,1.0,offpiste,1,0
2014-01-05,0.0,2013/14,GR,Silvaplana,46.4796848,9.77326866,0.0,2980.0,S,35_40,3.0,,,,True,0.0,2.0,0.0,transportation.corridor,1,0
2014-01-05,0.0,2013/14,VS,Nendaz,46.10386927,7.28539039,0.0,2640.0,N,30_35,3.0,,,,True,0.0,1.0,1.0,offpiste,1,0
2014-01-05,0.0,2013/14,VS,Nendaz,46.11105563,7.29842056,0.0,2210.0,NE,35_40,3.0,,,,True,0.0,1.0,1.0,offpiste,1,0
2014-01-05,0.0,2013/14,VS,Nendaz,46.16371489,7.27773922,0.0,2025.0,NW,40_45,3.0,,,,True,1.0,1.0,0.0,offpiste,1,1
2014-01-05,0.0,2013/14,VS,Simplon,46.25652552,8.00463775,100.0,2580.0,SE,40_45,3.0,,,,True,0.0,3.0,0.0,tour,1,0
2014-01-05,0.0,2013/14,VS,Mont-Noble,46.20817642,7.48644842,0.0,2595.0,NW,30_35,3.0,,,,True,0.0,1.0,0.0,offpiste,1,0
2014-01-05,0.0,2013/14,TI,Bedretto,46.49921417,8.46763208,0.0,2190.0,S,35_40,3.0,,,,True,0.0,2.0,1.0,tour,1,0
2014-01-05,0.0,2013/14,VS,Mont-Noble,46.18644978,7.49173961,100.0,2680.0,W,40_45,3.0,,,,True,4.0,6.0,4.0,tour,1,1
2014-01-05,0.0,2013/14,VS,Bagnes,46.09934254,7.26535978,100.0,2600.0,W,35_40,3.0,,,,True,0.0,3.0,0.0,offpiste,1,0
2014-01-07,0.0,2013/14,VS,Isérables,46.13933838,7.29199404,0.0,2400.0,NW,40_45,3.0,,,,True,0.0,1.0,0.0,offpiste,1,0
2014-01-12,0.0,2013/14,VS,Bagnes,46.09937162,7.26673039,100.0,2700.0,W,,3.0,,,,True,0.0,1.0,0.0,offpiste,1,0
2014-01-18,0.0,2013/14,GL,Glarus,47.06728295,9.09749546,100.0,1600.0,NW,30_35,3.0,,,,False,0.0,2.0,0.0,tour,1,0
2014-01-18,0.0,2013/14,GL,Glarus,47.05585084,9.11030652,,1900.0,,,3.0,,,,True,0.0,1.0,0.0,tour,1,0
2014-01-18,0.0,2013/14,SZ,Muotathal,47.00109795,8.88214122,0.0,1850.0,NW,,3.0,,,,True,0.0,1.0,0.0,,1,0
2014-01-19,0.0,2013/14,VS,Fully,46.18324058,7.10993896,100.0,2660.0,W,40_45,3.0,,,,True,0.0,2.0,0.0,tour,1,0
2014-01-19,0.0,2013/14,GR,Davos,46.73194182,9.86724365,0.0,2400.0,W,35_40,3.0,,,,True,0.0,1.0,0.0,tour,1,0
2014-01-22,0.0,2013/14,VS,Bagnes,46.10608311,7.26145856,0.0,2500.0,W,40_45,3.0,,,,True,0.0,1.0,0.0,offpiste,1,0
2014-01-25,0.0,2013/14,GR,Vals,46.61575225,9.11889218,250.0,2900.0,NE,,3.0,,,,True,0.0,1.0,0.0,tour,1,0
2014-01-25,0.0,2013/14,TI,Acquarossa,46.48786053,8.86482069,250.0,2500.0,SE,40_45,3.0,,,,True,0.0,1.0,0.0,tour,1,0
2014-01-25,0.0,2013/14,TI,Dalpe/Faido,46.43304915,8.77700181,,,,,3.0,,,,True,0.0,4.0,0.0,tour,1,0
2014-01-25,0.0,2013/14,GR,Mesocco,46.46146038,9.14783195,500.0,2400.0,SE,,3.0,,,,True,0.0,1.0,0.0,tour,1,0
2014-01-25,0.0,2013/14,UR,Hospental,46.58684365,8.53924059,250.0,2655.0,E,35_40,3.0,,,,True,0.0,1.0,0.0,tour,1,0
2014-01-25,0.0,2013/14,VS,Bagnes,46.07800063,7.31687339,0.0,3140.0,S,35_40,3.0,,,,True,0.0,1.0,1.0,offpiste,1,0
2014-01-25,0.0,2013/14,TI,Anzonico,46.46480286,8.86681813,0.0,2270.0,S,35_40,3.0,,,,True,0.0,1.0,0.0,tour,1,0
2014-01-26,0.0,2013/14,VS,Orsières,45.93151167,7.11046954,0.0,2000.0,NW,35_40,3.0,,,,True,0.0,1.0,0.0,offpiste,1,0
2014-01-26,0.0,2013/14,GR,Tavetsch/Tujetsch,46.65044092,8.78770475,100.0,2270.0,NW,30_35,3.0,,,,True,0.0,1.0,0.0,tour,1,0
2014-01-26,,2013/14,FR,Val-de-Charmey,46.63951712,7.24159556,500.0,1900.0,,,3.0,,,,True,0.0,2.0,0.0,,1,0
2014-01-26,0.0,2013/14,TI,Bedretto,46.47690122,8.42629271,0.0,2100.0,S,35_40,3.0,,,,True,0.0,1.0,1.0,tour,1,0
2014-01-26,0.0,2013/14,TI,Bedretto,46.49367891,8.41698515,0.0,2720.0,SW,35_40,3.0,,,,True,0.0,2.0,0.0,tour,1,0
2014-01-26,0.0,2013/14,VS,Chalais,46.22281333,7.53949543,0.0,2260.0,NE,35_40,3.0,,,,True,0.0,1.0,0.0,offpiste,1,0
2014-01-27,0.0,2013/14,VS,Leytron,46.19462756,7.14536382,,,,,3.0,,,,True,0.0,1.0,0.0,tour,1,0
2014-01-27,0.0,2013/14,GR,Davos,46.74341024,9.8179991,0.0,2220.0,NE,30_35,3.0,,,,True,0.0,1.0,0.0,offpiste,1,0
2014-01-28,0.0,2013/14,BE,Lauterbrunnen,46.56622402,7.86461263,0.0,2310.0,E,30_35,3.0,,,,True,0.0,1.0,0.0,offpiste,1,0
2014-01-28,0.0,2013/14,GR,Klosters-Serneus,46.81560829,9.94371257,0.0,2850.0,W,35_40,3.0,,,,True,0.0,1.0,0.0,tour,1,0
2014-01-29,1.0,2013/14,BE,Grindelwald,46.65405313,8.03944996,0.0,2130.0,SE,35_40,2.0,,,,True,0.0,1.0,0.0,tour,1,0
2014-01-30,0.0,2013/14,BE,Boltigen,46.64969881,7.34719755,500.0,,SW,,2.0,,,,False,0.0,1.0,0.0,tour,1,0
2014-02-01,0.0,2013/14,VS,Ried-Brig,46.29190178,8.09073363,0.0,1970.0,SW,30_35,3.0,,,,False,0.0,2.0,0.0,tour,2,0
2014-02-01,0.0,2013/14,GR,Tavetsch/Tujetsch,46.63237435,8.67189146,,2340.0,W,,3.0,,,,True,0.0,1.0,0.0,tour,2,0
2014-02-03,0.0,2013/14,VS,Binn,46.38182051,8.19840408,500.0,2300.0,SE,,3.0,,,,True,0.0,1.0,0.0,transportation.corridor,2,0
2014-02-03,0.0,2013/14,GR,Nufenen,46.52102993,9.22935612,250.0,2440.0,NE,,3.0,,,,True,0.0,1.0,1.0,tour,2,0
2014-02-09,0.0,2013/14,VS,Martigny-Combe,46.04719662,7.03156389,0.0,2330.0,NE,40_45,3.0,,,,True,1.0,6.0,2.0,tour,2,1
2014-02-14,0.0,2013/14,GR,Falera,46.85068641,9.18439205,0.0,2232.0,NE,30_35,2.0,,,,True,0.0,1.0,0.0,offpiste,2,0
2014-02-14,0.0,2013/14,GR,Falera,46.84934844,9.18362734,0.0,2325.0,SE,35_40,2.0,,,,True,0.0,1.0,0.0,offpiste,2,0
2014-02-15,0.0,2013/14,VS,Bovernier,46.04371092,7.06401436,500.0,,,,3.0,,,,True,0.0,1.0,0.0,tour,2,0
2014-02-17,0.0,2013/14,GR,Ilanz/Glion,46.84621862,9.15859666,0.0,1985.0,SW,30_35,3.0,,,,False,0.0,1.0,0.0,offpiste,2,0
2014-02-17,0.0,2013/14,VS,Zermatt,45.98668546,7.81145025,,2800.0,N,,3.0,,,,True,0.0,1.0,0.0,,2,0
2014-02-17,0.0,2013/14,VS,Nendaz,46.11242337,7.31411924,0.0,2210.0,NE,35_40,3.0,,,,True,1.0,1.0,1.0,offpiste,2,1
2014-02-18,0.0,2013/14,VS,Anniviers,46.13691071,7.59122631,0.0,2785.0,NE,,3.0,,,,True,1.0,1.0,1.0,offpiste,2,1
2014-02-18,0.0,2013/14,BE,Diemtigen,46.62548637,7.61790941,0.0,2340.0,W,35_40,2.0,,,,True,0.0,1.0,0.0,tour,2,0
2014-02-22,0.0,2013/14,GR,Davos,46.7192627,9.81936724,0.0,2810.0,S,35_40,2.0,,,,True,0.0,2.0,0.0,tour,2,0
2014-02-22,0.0,2013/14,GR,Klosters-Serneus,46.83301437,10.00655353,0.0,2750.0,SW,35_40,2.0,,,,True,0.0,1.0,0.0,tour,2,0
2014-02-23,0.0,2013/14,UR,Wassen,46.69757469,8.52579432,0.0,2700.0,N,40_45,2.0,,,,True,0.0,1.0,0.0,tour,2,0
2014-02-23,0.0,2013/14,UR,Realp,46.6216604,8.42112916,100.0,3300.0,NE,35_40,2.0,,,,True,0.0,3.0,1.0,tour,2,0
2014-02-23,0.0,2013/14,TI,Blenio,46.54718543,8.84036877,0.0,2500.0,S,,2.0,,,,True,0.0,6.0,0.0,tour,2,0
2014-02-23,0.0,2013/14,BE,Diemtigen,46.626206,7.61792485,0.0,2330.0,W,35_40,2.0,,,,True,0.0,1.0,0.0,tour,2,0
2014-02-23,0.0,2013/14,VS,Anniviers,46.13913849,7.58680686,0.0,2800.0,W,30_35,3.0,,,,True,0.0,2.0,0.0,offpiste,2,0
2014-02-25,0.0,2013/14,GR,Davos,46.73638726,9.87148884,0.0,2680.0,W,40_45,2.0,,,,True,0.0,1.0,0.0,tour,2,0
2014-03-08,0.0,2013/14,UR,Isenthal,46.85189707,8.49896078,250.0,2680.0,NE,30_35,2.0,,2.0,,True,0.0,4.0,0.0,tour,3,0
2014-03-08,0.0,2013/14,GR,Ferrera,46.48882171,9.42396775,100.0,2750.0,NE,30_35,2.0,,2.0,,True,0.0,1.0,0.0,tour,3,0
2014-03-14,0.0,2013/14,VS,Naters,46.39768994,7.95724585,0.0,2820.0,SE,0_30,1.0,,3.0,,True,0.0,3.0,0.0,transportation.corridor,3,0
2014-03-16,0.0,2013/14,TI,Bedretto,46.46472249,8.46658691,100.0,2680.0,NE,30_35,1.0,,3.0,,True,0.0,1.0,0.0,tour,3,0
2014-03-16,0.0,2013/14,GR,Tavetsch/Tujetsch,46.65061031,8.65770149,100.0,2510.0,N,30_35,1.0,,2.0,,True,0.0,1.0,0.0,tour,3,0
2014-03-17,0.0,2013/14,VS,Täsch,46.05929184,7.71301642,0.0,3570.0,NE,,1.0,,3.0,,True,2.0,3.0,2.0,tour,3,1
2014-03-19,0.0,2013/14,VS,Riddes,46.12561091,7.26631139,100.0,2350.0,W,35_40,1.0,,3.0,,True,0.0,2.0,0.0,offpiste,3,0
2014-03-23,0.0,2013/14,VS,Binn,46.38687633,8.27875131,500.0,2430.0,S,,3.0,,,,True,0.0,1.0,0.0,tour,3,0
2014-03-29,0.0,2013/14,VD,Bex,46.26766435,7.1600818,0.0,2190.0,W,35_40,2.0,,2.0,,True,0.0,3.0,0.0,tour,3,0
2014-03-29,0.0,2013/14,VS,Champéry,46.13991548,6.84335709,,,,,2.0,,2.0,,True,0.0,1.0,0.0,tour,3,0
2014-03-29,0.0,2013/14,VD,Bex,46.21786233,7.0910686,250.0,1780.0,NE,30_35,2.0,,2.0,,True,0.0,4.0,0.0,tour,3,0
2014-03-29,0.0,2013/14,UR,Schächental,46.81380179,8.75400324,100.0,1820.0,N,40_45,2.0,,2.0,,False,0.0,1.0,0.0,tour,3,0
2014-04-20,0.0,2013/14,VS,Evolène,45.9872042,7.48225493,100.0,2750.0,NE,40_45,2.0,,,,True,0.0,1.0,0.0,tour,4,0
2014-04-29,0.0,2013/14,VD,Ormont-Dessus,46.32790166,7.20489803,100.0,2820.0,N,40_45,2.0,,,,True,0.0,1.0,0.0,offpiste,4,0
2014-05-03,0.0,2013/14,VS,Fieschertal,46.53077563,8.11602902,0.0,3590.0,SE,35_40,3.0,,,,True,0.0,6.0,0.0,tour,5,0
2014-05-04,0.0,2013/14,BE,Adelboden,46.41660088,7.55413685,0.0,2890.0,N,35_40,2.0,,2.0,,True,0.0,2.0,0.0,tour,5,0
2014-05-09,0.0,2013/14,VS,Saas-Fee,46.04786556,7.88523519,0.0,3810.0,NE,40_45,,,,,,0.0,4.0,0.0,tour,5,0
2014-05-18,0.0,2013/14,GR,Bergün/Bravuogn,46.62132346,9.87278409,100.0,3410.0,E,45_90,,,,,,0.0,1.0,0.0,,5,0
2014-05-18,0.0,2013/14,VS,Fieschertal,46.55792347,7.99894701,0.0,4060.0,S,45_90,,,,,,0.0,2.0,0.0,tour,5,0
2014-06-21,0.0,2013/14,VS,Zermatt,45.94212401,7.74854593,0.0,4010.0,NE,35_40,,,,,,0.0,2.0,0.0,tour,6,0
2014-07-14,0.0,2013/14,UR,Silenen,46.84108359,8.87195017,250.0,3200.0,SW,,,,,,,0.0,1.0,0.0,tour,7,0
2014-07-18,0.0,2013/14,VS,Bagnes,45.99039324,7.40949683,100.0,3600.0,W,40_45,,,,,,0.0,2.0,0.0,tour,7,0
2014-07-19,0.0,2013/14,VS,Anniviers,46.07362648,7.58507819,100.0,3460.0,N,40_45,,,,,,2.0,6.0,4.0,tour,7,1
2014-07-19,0.0,2013/14,VS,Bourg-Saint-Pierre,45.9363962,7.28148825,100.0,3550.0,SW,,,,,,,0.0,1.0,0.0,tour,7,0
2014-07-19,0.0,2013/14,VS,Zermatt,46.05703967,7.69531598,0.0,3760.0,S,35_40,,,,,,2.0,2.0,1.0,tour,7,1
2014-08-04,0.0,2013/14,VS,Zermatt,46.02396321,7.63235012,0.0,3690.0,S,30_35,,,,,,1.0,1.0,0.0,tour,8,1
2014-10-12,0.0,2014/15,GR,Pontresina,46.3919462,9.97682161,250.0,3400.0,N,,,,,,,0.0,2.0,0.0,tour,10,0
2014-11-08,0.0,2014/15,SG,Mels,46.95798135,9.38809079,100.0,2780.0,NE,35_40,2.0,,,,True,0.0,1.0,1.0,tour,11,0
2014-11-16,0.0,2014/15,OW,Engelberg,46.77606069,8.42860485,0.0,2900.0,N,,2.0,,,,True,0.0,1.0,1.0,offpiste,11,0
2014-11-20,0.0,2014/15,NW,Emmetten,46.93139929,8.54519285,0.0,1850.0,NW,40_45,2.0,,,,False,1.0,1.0,0.0,tour,11,1
2014-11-23,0.0,2014/15,UR,Andermatt,46.64304603,8.63117025,500.0,2000.0,NW,,2.0,,,,False,0.0,1.0,0.0,tour,11,0
2014-12-08,0.0,2014/15,VS,Simplon,46.19796923,7.99244805,0.0,3170.0,SE,40_45,2.0,,,,True,1.0,4.0,0.0,tour,12,1
2014-12-13,0.0,2014/15,VS,Ried-Brig,46.29429672,8.09660239,250.0,2200.0,NW,,2.0,,,,False,0.0,4.0,1.0,tour,12,0
2014-12-13,0.0,2014/15,GR,Splügen,46.50785773,9.30971944,100.0,2425.0,NE,,2.0,,,,True,0.0,3.0,0.0,tour,12,0
2014-12-14,0.0,2014/15,BE,Gsteig,46.32830511,7.22710173,0.0,2840.0,E,40_45,2.0,,,,True,0.0,1.0,0.0,tour,12,0
2014-12-19,0.0,2014/15,VS,Simplon,46.24781647,7.99943835,0.0,2290.0,E,35_40,2.0,,,,True,0.0,1.0,0.0,tour,12,0
2014-12-19,0.0,2014/15,GR,Davos,46.69438597,9.94292111,100.0,3000.0,N,40_45,2.0,,,,True,0.0,1.0,0.0,tour,12,0
2014-12-20,0.0,2014/15,SG,Mels,46.95911741,9.38689667,0.0,2820.0,E,45_90,3.0,,,,True,1.0,1.0,1.0,tour,12,1
2014-12-20,0.0,2014/15,TI,Bedretto,46.50444136,8.45157556,0.0,2725.0,S,,2.0,,,,True,0.0,2.0,1.0,tour,12,0
2014-12-20,0.0,2014/15,GR,Disentis/Mustér,46.72335845,8.77946764,0.0,2820.0,E,,3.0,,,,True,0.0,1.0,0.0,tour,12,0
2014-12-21,0.0,2014/15,VS,Ried-Brig,46.26214067,8.06411244,0.0,2600.0,NE,35_40,2.0,,,,True,0.0,1.0,0.0,tour,12,0
2014-12-28,0.0,2014/15,VS,Lens,46.32546181,7.48440903,0.0,1940.0,SE,30_35,4.0,,,,False,0.0,1.0,1.0,offpiste,12,0
2014-12-28,0.0,2014/15,GR,Valsot,46.90729732,10.2612141,,,,,2.0,,,,True,0.0,1.0,0.0,tour,12,0
2014-12-30,0.0,2014/15,GR,Churwalden,46.75616069,9.51276713,,,NE,,3.0,,,,True,0.0,1.0,0.0,offpiste,12,0
2014-12-30,0.0,2014/15,VS,Binn,46.38691752,8.24202613,0.0,2450.0,SW,30_35,3.0,,,,True,0.0,2.0,0.0,tour,12,0
2014-12-31,0.0,2014/15,GR,Celerina/Schlarigna,46.52354102,9.82261989,250.0,2500.0,SW,,2.0,,,,True,0.0,2.0,0.0,offpiste,12,0
2014-12-31,0.0,2014/15,GR,Tavetsch/Tujetsch,46.64718983,8.66457425,500.0,,,,3.0,,,,True,0.0,2.0,0.0,tour,12,0
2014-12-31,0.0,2014/15,GR,Avers,46.40715286,9.5416995,100.0,2410.0,E,30_35,2.0,,,,True,0.0,1.0,0.0,tour,12,0
2014-12-31,0.0,2014/15,GR,Bivio,46.43305217,9.63196374,0.0,2575.0,E,,2.0,,,,True,0.0,1.0,0.0,offpiste,12,0
2014-12-31,0.0,2014/15,GR,Davos,46.70500175,9.82135405,100.0,2785.0,SE,35_40,3.0,,,,True,0.0,2.0,1.0,tour,12,0
2015-01-01,0.0,2014/15,GR,Disentis/Mustér,46.70001212,8.7908661,500.0,,E,35_40,3.0,,,,True,0.0,1.0,1.0,offpiste,1,0
2015-01-01,0.0,2014/15,GR,Disentis/Mustér,46.70071863,8.79198228,0.0,2000.0,NE,,3.0,,,,True,0.0,1.0,0.0,offpiste,1,0
2015-01-01,0.0,2014/15,GR,Pontresina,46.4503976,10.02292217,100.0,2890.0,S,,2.0,,,,True,0.0,1.0,0.0,tour,1,0
2015-01-02,0.0,2014/15,GR,Arosa,46.79599582,9.65096799,0.0,2390.0,NE,35_40,3.0,,,,True,0.0,2.0,1.0,offpiste,1,0
2015-01-02,0.0,2014/15,GR,Scuol,46.73471663,10.26412408,0.0,3005.0,E,35_40,2.0,,,,True,0.0,1.0,0.0,tour,1,0
2015-01-02,0.0,2014/15,GR,Mathon,46.64668068,9.35947558,500.0,2620.0,S,,3.0,,,,False,0.0,1.0,0.0,tour,1,0
2015-01-04,0.0,2014/15,GR,Valsot,46.90996103,10.2407327,250.0,2730.0,SE,40_45,3.0,,,,True,1.0,2.0,2.0,tour,1,1
2015-01-04,0.0,2014/15,VS,Anniviers,46.24016078,7.61657613,0.0,2513.0,NW,35_40,3.0,,,,True,1.0,1.0,1.0,offpiste,1,1
2015-01-05,0.0,2014/15,BE,Kandersteg,46.44461086,7.59388749,0.0,2620.0,NE,35_40,3.0,,,,True,0.0,2.0,0.0,tour,1,0
2015-01-05,0.0,2014/15,GR,Laax,46.87932262,9.19458565,0.0,2730.0,SE,35_40,3.0,,,,True,0.0,1.0,0.0,offpiste,1,0
2015-01-05,0.0,2014/15,GR,Mathon,46.64418841,9.36904226,0.0,2545.0,E,30_35,3.0,,,,True,0.0,3.0,0.0,tour,1,0
2015-01-06,0.0,2014/15,GR,Bivio,46.51016559,9.70667291,0.0,3050.0,S,35_40,3.0,,,,True,1.0,1.0,1.0,tour,1,1
2015-01-10,0.0,2014/15,GR,Safiental,46.64528313,9.24013884,0.0,2830.0,SE,30_35,3.0,,,,True,0.0,6.0,0.0,tour,1,0
2015-01-10,0.0,2014/15,TI,Bedretto,46.48844326,8.42632069,0.0,2520.0,SW,35_40,3.0,,,,False,0.0,1.0,0.0,tour,1,0
2015-01-18,0.0,2014/15,GR,Scuol,46.82760291,10.25456555,100.0,2520.0,E,35_40,3.0,,,,True,0.0,1.0,0.0,offpiste,1,0
2015-01-18,0.0,2014/15,VS,Nendaz,46.08687708,7.33262602,0.0,2750.0,NE,35_40,3.0,,,,True,0.0,2.0,0.0,offpiste,1,0
2015-01-18,0.0,2014/15,UR,Unterschächen,46.82796304,8.70779013,100.0,2400.0,S,35_40,3.0,,,,True,0.0,1.0,0.0,tour,1,0
2015-01-18,0.0,2014/15,SZ,Riemenstalden,46.93863394,8.71137588,100.0,1800.0,NW,30_35,3.0,,,,False,0.0,1.0,0.0,tour,1,0
2015-01-18,0.0,2014/15,VS,Nendaz,46.09514358,7.32310631,0.0,2700.0,NE,35_40,3.0,,,,True,0.0,1.0,0.0,offpiste,1,0
2015-01-19,0.0,2014/15,VS,Evolène,46.03040372,7.47151841,0.0,2380.0,E,35_40,3.0,,,,True,0.0,1.0,0.0,offpiste,1,0
2015-01-19,0.0,2014/15,GR,Churwalden,46.77101657,9.59489408,0.0,2620.0,NW,35_40,3.0,,,,True,0.0,1.0,0.0,offpiste,1,0
2015-01-20,0.0,2014/15,GR,Pontresina,46.43581081,10.01923227,0.0,2600.0,N,40_45,3.0,,,,True,0.0,2.0,0.0,offpiste,1,0
2015-01-24,0.0,2014/15,VS,Orsières,45.89578848,7.07732863,100.0,2664.0,N,35_40,3.0,,,,True,0.0,1.0,0.0,tour,1,0
2015-01-25,0.0,2014/15,GR,Davos,46.78181842,9.75995682,0.0,2370.0,E,30_35,3.0,,,,True,0.0,1.0,0.0,tour,1,0
2015-01-28,0.0,2014/15,AI,Schwende,47.24282048,9.36520546,,1700.0,NW,30_35,3.0,,,,False,0.0,1.0,1.0,tour,1,0
2015-01-29,0.0,2014/15,SG,Amden,47.16874318,9.19437594,0.0,1550.0,SE,40_45,3.0,,,,False,1.0,1.0,1.0,tour,1,1
2015-01-29,0.0,2014/15,VS,Riddes,46.10859724,7.2585404,0.0,2380.0,N,35_40,3.0,,,,True,1.0,5.0,1.0,offpiste,1,1
2015-01-29,0.0,2014/15,NW,Beckenried,46.91487252,8.46409959,,1755.0,,,3.0,,,,True,0.0,1.0,0.0,tour,1,0
2015-01-30,0.0,2014/15,VS,Val-d’Illiez,46.18351362,6.82902302,,1745.0,,,4.0,,,,False,0.0,2.0,1.0,offpiste,1,0
2015-01-30,0.0,2014/15,BE,Adelboden,46.4551622,7.50022874,0.0,1875.0,E,35_40,3.0,,,,True,1.0,1.0,1.0,offpiste,1,1
2015-01-30,0.0,2014/15,VS,Orsières,46.02144367,7.10593993,0.0,2100.0,NE,30_35,4.0,,,,True,0.0,2.0,0.0,offpiste,1,0
2015-01-31,0.0,2014/15,VD,Ormont-Dessous,46.38435885,7.11691136,0.0,1950.0,N,30_35,3.0,,,,True,0.0,1.0,0.0,tour,1,0
2015-01-31,0.0,2014/15,VS,Riddes,46.10379599,7.26579828,250.0,2640.0,,,4.0,,,,True,0.0,2.0,0.0,offpiste,1,0
2015-01-31,0.0,2014/15,BE,Adelboden,46.44706872,7.51108626,0.0,1980.0,NW,35_40,3.0,,,,True,1.0,1.0,1.0,offpiste,1,1
2015-01-31,0.0,2014/15,SG,Quarten,47.07370363,9.26152244,250.0,1800.0,N,30_35,3.0,,,,True,0.0,1.0,0.0,offpiste,1,0
2015-01-31,0.0,2014/15,BE,Lauterbrunnen,46.55646785,7.84878295,0.0,2380.0,E,35_40,3.0,,,,True,1.0,1.0,1.0,offpiste,1,1
2015-01-31,0.0,2014/15,VS,Orsières,45.92100226,7.11885886,,2350.0,W,,3.0,,,,True,0.0,1.0,0.0,offpiste,1,0
2015-02-02,0.0,2014/15,GR,Disentis/Mustér,46.69922985,8.7961295,0.0,1970.0,NE,35_40,3.0,,,,True,1.0,1.0,1.0,offpiste,2,1
2015-02-02,0.0,2014/15,VS,Nendaz,46.09318341,7.29990164,100.0,2740.0,NW,35_40,3.0,,,,True,0.0,1.0,0.0,offpiste,2,0
2015-02-03,0.0,2014/15,GR,Klosters-Serneus,46.85657797,9.85285297,0.0,2160.0,NE,30_35,3.0,,,,True,0.0,1.0,0.0,offpiste,2,0
2015-02-03,0.0,2014/15,VS,Anniviers,46.15127813,7.59007569,100.0,2780.0,NE,35_40,3.0,,,,True,0.0,1.0,0.0,offpiste,2,0
2015-02-03,0.0,2014/15,BE,Blumenstein,46.70697843,7.4708189,0.0,2010.0,N,35_40,3.0,,,,True,0.0,1.0,0.0,tour,2,0
2015-02-03,0.0,2014/15,OW,Kerns,46.76175507,8.28321706,0.0,2080.0,NW,35_40,3.0,,,,True,0.0,1.0,0.0,offpiste,2,0
2015-02-06,0.0,2014/15,BE,Rüschegg,46.68847351,7.40255799,250.0,1910.0,NW,,3.0,,,,True,0.0,1.0,0.0,tour,2,0
2015-02-07,1.0,2014/15,VS,Conthey,46.29771393,7.27822549,0.0,2450.0,SW,35_40,3.0,,,,True,0.0,1.0,0.0,tour,2,0
2015-02-07,0.0,2014/15,VS,Anniviers,46.23213741,7.65252142,0.0,2750.0,W,,3.0,,,,True,0.0,1.0,0.0,offpiste,2,0
2015-02-08,0.0,2014/15,VS,Staldenried,46.22395666,7.9157888,0.0,2320.0,N,35_40,3.0,,,,True,1.0,1.0,1.0,tour,2,1
2015-02-09,0.0,2014/15,VS,Bourg-Saint-Pierre,45.85942705,7.1889212,0.0,2640.0,N,35_40,3.0,,,,True,0.0,3.0,1.0,tour,2,0
2015-02-10,0.0,2014/15,GR,Valsot,46.89835868,10.25136817,0.0,2462.0,E,35_40,3.0,,,,True,0.0,1.0,1.0,tour,2,0
2015-02-10,0.0,2014/15,GR,Samnaun,46.97923828,10.353777,100.0,2630.0,SE,35_40,3.0,,,,True,0.0,1.0,1.0,offpiste,2,0
2015-02-11,0.0,2014/15,GR,Arosa,46.82104508,9.80217289,0.0,2475.0,W,35_40,3.0,,,,True,0.0,3.0,0.0,offpiste,2,0
2015-02-14,0.0,2014/15,SZ,Riemenstalden,46.93498284,8.71448096,100.0,1980.0,NW,35_40,2.0,,,,False,0.0,2.0,0.0,tour,2,0
2015-02-20,0.0,2014/15,VS,Bettmeralp,46.40516423,8.06613728,0.0,2400.0,NW,35_40,2.0,,,,True,0.0,1.0,0.0,tour,2,0
2015-02-21,0.0,2014/15,BE,Diemtigen,46.5352378,7.46015834,0.0,2364.0,NW,35_40,2.0,,,,True,0.0,2.0,0.0,tour,2,0
2015-02-21,0.0,2014/15,VS,Bourg-Saint-Pierre,45.86755557,7.1756986,250.0,2500.0,N,35_40,2.0,,,,True,4.0,5.0,4.0,tour,2,1
2015-02-22,0.0,2014/15,GR,Churwalden,46.80308512,9.50001562,100.0,2080.0,E,30_35,2.0,,,,False,0.0,2.0,0.0,tour,2,0
2015-02-23,0.0,2014/15,TI,Bedretto,46.47451991,8.48233363,100.0,2060.0,NW,35_40,3.0,,,,True,0.0,1.0,0.0,tour,2,0
2015-02-24,0.0,2014/15,NW,Wolfenschiessen,46.87442415,8.45526087,250.0,2040.0,NW,30_35,3.0,,,,False,0.0,1.0,1.0,tour,2,0
2015-02-26,0.0,2014/15,GR,Pontresina,46.43225843,9.9550188,250.0,2650.0,NW,,3.0,,,,True,0.0,1.0,0.0,offpiste,2,0
2015-02-26,0.0,2014/15,GR,Disentis/Mustér,46.691825,8.80295147,100.0,1970.0,N,35_40,3.0,,,,False,0.0,1.0,1.0,offpiste,2,0
2015-02-27,0.0,2014/15,GR,Mathon,46.6260561,9.37650525,100.0,2150.0,NE,30_35,2.0,,,,True,0.0,1.0,0.0,tour,2,0
2015-02-28,0.0,2014/15,FR,Haut-Intyamon,46.48936523,7.10431883,100.0,1920.0,NW,35_40,2.0,,,,True,0.0,1.0,0.0,tour,2,0
2015-02-28,0.0,2014/15,UR,Isenthal,46.88883766,8.47908728,0.0,1800.0,NE,30_35,3.0,,,,False,0.0,2.0,0.0,tour,2,0
2015-02-28,0.0,2014/15,VS,Bourg-Saint-Pierre,45.95357857,7.24221991,0.0,2800.0,W,35_40,2.0,,,,True,0.0,2.0,0.0,tour,2,0
2015-02-28,0.0,2014/15,FR,Bas-Intyamon,46.55859632,7.14000163,100.0,1533.0,E,35_40,2.0,,,,False,0.0,1.0,0.0,tour,2,0
2015-03-01,0.0,2014/15,GR,Bergün/Bravuogn,46.57746497,9.78290807,250.0,,NE,,2.0,,,,True,0.0,1.0,0.0,tour,3,0
2015-03-01,0.0,2014/15,GR,Vals,46.50672625,9.03601969,100.0,2740.0,N,35_40,2.0,,,,True,0.0,1.0,0.0,tour,3,0
2015-03-03,0.0,2014/15,GR,Davos,46.81540598,9.87356696,,,,,3.0,,,,True,0.0,1.0,0.0,tour,3,0
2015-03-03,0.0,2014/15,GR,Samnaun,46.97079367,10.37777757,100.0,2550.0,N,35_40,3.0,,,,True,1.0,1.0,1.0,offpiste,3,1
2015-03-05,0.0,2014/15,VS,Evolène,46.01622057,7.46084499,250.0,2450.0,N,35_40,3.0,,,,True,0.0,1.0,0.0,transportation.corridor,3,0
2015-03-05,0.0,2014/15,SG,Grabs,47.17119286,9.34189758,0.0,1740.0,E,40_45,3.0,,,,False,0.0,1.0,0.0,tour,3,0
2015-03-06,0.0,2014/15,GR,Davos,46.72813946,9.80798029,100.0,2340.0,SW,35_40,3.0,,,,True,0.0,1.0,0.0,offpiste,3,0
2015-03-06,0.0,2014/15,GR,Arosa,46.84137091,9.79408204,250.0,2600.0,NW,,3.0,,,,True,0.0,1.0,0.0,offpiste,3,0
2015-03-06,0.0,2014/15,BE,Grindelwald,46.65446883,8.03566593,,,,,3.0,,,,True,0.0,1.0,1.0,tour,3,0
2015-03-06,0.0,2014/15,VD,Ormont-Dessus,46.33990017,7.2084702,0.0,2040.0,NW,,3.0,,,,True,0.0,2.0,0.0,tour,3,0
2015-03-06,0.0,2014/15,VS,Fully,46.18552914,7.10811192,0.0,2590.0,SW,30_35,3.0,,,,True,0.0,2.0,0.0,tour,3,0
2015-03-06,0.0,2014/15,VS,Mont-Noble,46.17952483,7.48817157,0.0,2740.0,NW,40_45,3.0,,,,True,0.0,1.0,0.0,tour,3,0
2015-03-07,0.0,2014/15,GR,Mathon,46.6470492,9.35896604,500.0,2600.0,E,,3.0,,,,True,0.0,2.0,0.0,tour,3,0
2015-03-11,0.0,2014/15,GR,Samnaun,46.97266772,10.37314598,250.0,2500.0,NW,40_45,2.0,,2.0,,True,0.0,1.0,0.0,offpiste,3,0
2015-03-11,0.0,2014/15,GR,Davos,46.71461405,9.8217527,0.0,2790.0,NW,35_40,2.0,,2.0,,True,0.0,1.0,1.0,tour,3,0
2015-03-15,0.0,2014/15,BE,Adelboden,46.42728004,7.54347896,0.0,2305.0,N,35_40,1.0,,,,True,0.0,4.0,0.0,tour,3,0
2015-03-15,0.0,2014/15,OW,Engelberg,46.78461708,8.45815074,500.0,,N,,1.0,,,,True,0.0,1.0,0.0,offpiste,3,0
2015-03-22,0.0,2014/15,BE,Innertkirchen,46.70469386,8.38949004,100.0,2770.0,E,40_45,1.0,,,,True,0.0,4.0,0.0,tour,3,0
2015-03-27,0.0,2014/15,VS,Orsières,45.87935602,7.15303878,0.0,2820.0,W,40_45,2.0,,,,True,0.0,2.0,0.0,tour,3,0
2015-03-27,0.0,2014/15,VS,Evolène,45.98567873,7.47119474,0.0,3180.0,SE,35_40,2.0,,,,True,1.0,6.0,2.0,tour,3,1
2015-03-28,0.0,2014/15,UR,Wassen,46.72901224,8.48882663,0.0,2340.0,NE,40_45,2.0,,,,False,1.0,2.0,2.0,tour,3,1
2015-03-28,0.0,2014/15,VS,Bourg-Saint-Pierre,45.89349319,7.24410989,250.0,3500.0,W,45_90,2.0,,,,True,1.0,1.0,0.0,tour,3,1
2015-03-28,0.0,2014/15,UR,Wassen,46.71684232,8.49153284,500.0,,NE,,2.0,,,,True,0.0,1.0,0.0,tour,3,0
2015-03-29,0.0,2014/15,TI,Faido,46.43005764,8.73318264,0.0,2915.0,E,40_45,2.0,,,,True,0.0,1.0,0.0,tour,3,0
2015-03-29,0.0,2014/15,TI,Cevio,46.43790529,8.54402651,100.0,2690.0,NW,,2.0,,,,True,0.0,3.0,0.0,tour,3,0
2015-03-30,0.0,2014/15,VS,Randogne,46.34332009,7.49933565,0.0,2212.0,E,30_35,3.0,,,,True,0.0,1.0,0.0,offpiste,3,0
2015-03-30,0.0,2014/15,VS,Trient,46.00582805,7.03458262,,,,,3.0,,,,True,0.0,1.0,0.0,tour,3,0
2015-03-31,1.0,2014/15,GR,Arosa,46.78889003,9.63914649,,,,,3.0,,,,True,0.0,1.0,0.0,offpiste,3,0
2015-04-03,0.0,2014/15,GR,Mathon,46.64509618,9.36804252,100.0,2560.0,NE,35_40,3.0,,,,True,0.0,1.0,0.0,tour,4,0
2015-04-03,0.0,2014/15,GR,Davos,46.78792535,9.84533273,0.0,2200.0,NE,40_45,3.0,,,,True,0.0,1.0,0.0,offpiste,4,0
2015-04-03,0.0,2014/15,VS,Bagnes,46.07819514,7.31377068,0.0,3100.0,SW,,3.0,,,,True,0.0,1.0,0.0,offpiste,4,0
2015-04-03,0.0,2014/15,GR,Davos,46.72103103,9.81224798,0.0,2480.0,N,35_40,3.0,,,,True,0.0,1.0,0.0,tour,4,0
2015-04-03,0.0,2014/15,GR,Vals,46.54504567,9.06212279,0.0,2700.0,E,35_40,3.0,,,,True,0.0,2.0,1.0,tour,4,0
2015-04-04,0.0,2014/15,GR,Davos,46.78617838,9.84708893,100.0,2260.0,NE,40_45,3.0,,,,True,1.0,1.0,1.0,offpiste,4,1
2015-04-05,0.0,2014/15,BE,Hasliberg,46.75030078,8.25005619,,,,,3.0,,,,True,0.0,1.0,0.0,offpiste,4,0
2015-04-06,0.0,2014/15,BE,Rüschegg,46.69993022,7.44667832,0.0,2030.0,NW,35_40,3.0,,,,True,0.0,1.0,1.0,tour,4,0
2015-04-06,0.0,2014/15,GR,Bregaglia,46.33568237,9.71939382,0.0,2920.0,W,35_40,2.0,,,,True,0.0,3.0,0.0,tour,4,0
2015-04-06,0.0,2014/15,VS,Mont-Noble,46.20834821,7.48432362,0.0,2500.0,NW,35_40,3.0,,,,True,0.0,2.0,0.0,offpiste,4,0
2015-04-06,0.0,2014/15,VS,Mont-Noble,46.20444149,7.49046153,,,,,3.0,,,,True,0.0,1.0,0.0,offpiste,4,0
2015-04-06,0.0,2014/15,GR,Davos,46.76352386,9.72781646,250.0,2700.0,SW,35_40,3.0,,,,True,0.0,2.0,0.0,tour,4,0
2015-04-06,0.0,2014/15,BE,Adelboden,46.41642103,7.55407144,100.0,2940.0,N,,3.0,,,,True,0.0,1.0,0.0,tour,4,0
2015-04-07,0.0,2014/15,GR,Bever,46.5281024,9.75436497,500.0,,,,2.0,,,,True,0.0,1.0,0.0,tour,4,0
2015-04-07,0.0,2014/15,GR,Avers,46.42817976,9.60877023,0.0,2750.0,W,35_40,2.0,,,,True,0.0,1.0,0.0,tour,4,0
2015-04-08,0.0,2014/15,GR,Davos,46.78562682,9.95201334,0.0,2730.0,N,35_40,3.0,,,,True,0.0,1.0,0.0,tour,4,0
2015-04-11,0.0,2014/15,GR,Samedan,46.38524054,9.82993697,100.0,2640.0,E,,2.0,,2.0,,True,0.0,1.0,1.0,tour,4,0
2015-04-12,0.0,2014/15,VS,Mont-Noble,46.16296145,7.50984146,0.0,2980.0,N,35_40,2.0,,2.0,,True,2.0,4.0,4.0,tour,4,1
2015-04-19,0.0,2014/15,BE,Lauterbrunnen,46.55253224,7.84249416,0.0,2590.0,,40_45,2.0,,,,True,0.0,1.0,0.0,offpiste,4,0
2015-04-24,0.0,2014/15,SG,Mels,46.93394397,9.26438589,,,,,1.0,,2.0,,True,0.0,3.0,0.0,tour,4,0
2015-04-29,0.0,2014/15,VS,Bourg-Saint-Pierre,45.93968129,7.27641169,0.0,3300.0,W,40_45,3.0,,,,True,0.0,2.0,0.0,tour,4,0
2015-05-06,0.0,2014/15,GR,Lumnezia,46.63265386,9.02576687,0.0,2630.0,NE,40_45,,,,,,1.0,1.0,1.0,tour,5,1
2015-08-29,0.0,2014/15,VS,Saas-Fee,46.05417909,7.90119211,500.0,3500.0,N,45_90,,,,,,0.0,1.0,0.0,offpiste,8,0
2015-10-04,0.0,2015/16,VS,Saas-Fee,46.04955896,7.88694149,0.0,3635.0,NE,45_90,,,,,,0.0,2.0,0.0,tour,10,0
2015-10-24,0.0,2015/16,GR,Poschiavo,46.37823129,9.96749316,0.0,3782.0,E,40_45,,,,,,1.0,1.0,0.0,tour,10,1
2015-11-25,,2015/16,OW,Engelberg,46.77562804,8.42870166,0.0,2940.0,NW,,2.0,,,,True,0.0,1.0,0.0,,11,0
2015-12-20,0.0,2015/16,VS,Orsières,45.89532744,7.07662309,250.0,2700.0,N,,1.0,,,,True,0.0,1.0,0.0,tour,12,0
2015-12-30,0.0,2015/16,BE,Adelboden,46.42372211,7.54840228,100.0,2500.0,NW,,1.0,,,,True,0.0,1.0,0.0,tour,12,0
2015-12-31,0.0,2015/16,BE,Adelboden,46.41783576,7.57612135,0.0,2780.0,NW,,1.0,,,,True,0.0,1.0,0.0,tour,12,0
2016-01-03,0.0,2015/16,GR,Laax,46.87918172,9.15644914,0.0,2970.0,SE,,3.0,,,,False,0.0,1.0,0.0,offpiste,1,0
2016-01-03,0.0,2015/16,VS,Nendaz,46.08007559,7.32255647,0.0,3080.0,E,35_40,2.0,,,,True,0.0,1.0,0.0,offpiste,1,0
2016-01-04,0.0,2015/16,GR,Klosters-Serneus,46.85259635,9.79916503,100.0,2230.0,N,,3.0,,,,False,0.0,1.0,0.0,offpiste,1,0
2016-01-05,0.0,2015/16,VS,Nendaz,46.09714727,7.30474056,0.0,2610.0,N,30_35,3.0,,,,True,0.0,1.0,1.0,offpiste,1,0
2016-01-05,0.0,2015/16,BE,Lauterbrunnen,46.55801381,7.83390201,0.0,2930.0,NE,30_35,3.0,,,,True,0.0,1.0,0.0,offpiste,1,0
2016-01-05,0.0,2015/16,VS,Zermatt,45.95099723,7.7086824,0.0,3350.0,NE,40_45,3.0,,,,True,0.0,1.0,0.0,offpiste,1,0
2016-01-06,0.0,2015/16,BE,Diemtigen,46.55073301,7.5465996,250.0,2600.0,S,,3.0,,,,False,0.0,1.0,0.0,tour,1,0
2016-01-06,0.0,2015/16,GR,Davos,46.76842602,9.93280745,0.0,2265.0,N,30_35,3.0,,,,True,0.0,3.0,0.0,tour,1,0
2016-01-07,0.0,2015/16,VD,Ormont-Dessous,46.37774194,7.1151309,100.0,2270.0,NE,,3.0,,,,True,0.0,2.0,0.0,tour,1,0
2016-01-09,0.0,2015/16,GR,Arosa,46.83235538,9.79704426,0.0,2740.0,SE,,3.0,,,,True,0.0,1.0,0.0,offpiste,1,0
2016-01-09,0.0,2015/16,VS,Ried-Brig,46.26211321,8.06093443,0.0,2543.0,NW,35_40,3.0,,,,True,2.0,3.0,3.0,tour,1,1
2016-01-10,0.0,2015/16,BE,Kandersteg,46.44389662,7.5964881,0.0,2600.0,N,,3.0,,,,True,0.0,4.0,0.0,tour,1,0
2016-01-10,0.0,2015/16,VS,Anniviers,46.15154254,7.59408892,250.0,2640.0,NE,,3.0,,,,True,0.0,1.0,1.0,offpiste,1,0
2016-01-10,0.0,2015/16,VS,Bagnes,46.086211,7.29207202,0.0,2800.0,SW,40_45,3.0,,,,True,0.0,1.0,0.0,transportation.corridor,1,0
2016-01-15,0.0,2015/16,VS,Nendaz,46.10495445,7.28965507,0.0,2550.0,E,40_45,3.0,,,,True,0.0,1.0,1.0,offpiste,1,0
2016-01-15,0.0,2015/16,GR,Tavetsch/Tujetsch,46.6696183,8.71540008,0.0,1935.0,E,30_35,3.0,,,,True,0.0,1.0,1.0,offpiste,1,0
2016-01-16,0.0,2015/16,GR,Klosters-Serneus,46.86182192,9.83630723,0.0,2175.0,N,,3.0,,,,True,0.0,1.0,1.0,offpiste,1,0
2016-01-16,0.0,2015/16,GR,Davos,46.8312176,9.83658236,0.0,2035.0,N,,3.0,,,,True,0.0,1.0,1.0,offpiste,1,0
2016-01-16,0.0,2015/16,SG,Vilters-Wangs,46.98807267,9.40167576,0.0,2410.0,NE,45_90,3.0,,,,True,0.0,7.0,0.0,transportation.corridor,1,0
2016-01-16,0.0,2015/16,VS,Saxon,46.12565472,7.21443222,0.0,2250.0,N,45_90,3.0,,,,True,2.0,4.0,1.0,offpiste,1,1
2016-01-22,0.0,2015/16,VD,Bex,46.23601473,7.08498946,0.0,2160.0,NW,40_45,2.0,,,,True,0.0,2.0,0.0,tour,1,0
2016-01-23,0.0,2015/16,GR,Vals,46.60143293,9.10078495,0.0,2770.0,SE,,3.0,,,,True,0.0,1.0,0.0,tour,1,0
2016-01-24,0.0,2015/16,VS,Anniviers,46.1949079,7.540791,100.0,2760.0,N,,3.0,,,,True,0.0,1.0,0.0,offpiste,1,0
2016-01-30,0.0,2015/16,GR,Davos,46.67529255,9.83043665,0.0,2985.0,N,35_40,3.0,,,,True,0.0,1.0,0.0,tour,1,0
2016-01-30,0.0,2015/16,GR,Davos,46.67358904,9.76492336,0.0,2770.0,NE,30_35,3.0,,,,True,1.0,3.0,1.0,tour,1,1
2016-02-05,0.0,2015/16,VS,Nendaz,46.08160455,7.32229468,250.0,3040.0,NE,,3.0,,,,True,0.0,1.0,0.0,offpiste,2,0
2016-02-05,0.0,2015/16,OW,Engelberg,46.77534325,8.41790674,0.0,2610.0,NW,30_35,3.0,,,,True,0.0,3.0,1.0,offpiste,2,0
2016-02-06,0.0,2015/16,VS,Zermatt,45.99426937,7.80298366,0.0,2940.0,N,30_35,3.0,,,,True,0.0,2.0,1.0,offpiste,2,0
2016-02-07,0.0,2015/16,VS,Anniviers,46.24235903,7.62014872,250.0,2500.0,NW,,3.0,,,,True,0.0,1.0,1.0,offpiste,2,0
2016-02-08,0.0,2015/16,VS,Riddes,46.11041188,7.2685581,100.0,2400.0,NW,,3.0,,,,True,0.0,1.0,1.0,offpiste,2,0
2016-02-13,0.0,2015/16,OW,Lungern,46.76170806,8.22032887,0.0,2030.0,NE,,3.0,,,,True,0.0,2.0,0.0,offpiste,2,0
2016-02-13,0.0,2015/16,BE,Frutigen,46.51181681,7.62417841,0.0,2040.0,N,,3.0,,,,True,0.0,1.0,0.0,offpiste,2,0
2016-02-13,0.0,2015/16,UR,Isenthal,46.90458524,8.4676443,0.0,2150.0,S,,3.0,,,,False,0.0,1.0,0.0,tour,2,0
2016-02-13,0.0,2015/16,VS,Val-d’Illiez,46.18233023,6.82644602,100.0,1800.0,SE,,3.0,,,,True,0.0,1.0,1.0,offpiste,2,0
2016-02-15,0.0,2015/16,VS,Leuk,46.26188466,7.61690653,100.0,2660.0,SE,,3.0,,,,True,0.0,1.0,0.0,tour,2,0
2016-02-16,0.0,2015/16,VS,Fully,46.19045093,7.09940367,0.0,2480.0,SW,,3.0,,,,False,0.0,1.0,0.0,tour,2,0
2016-02-17,0.0,2015/16,GR,Zuoz,46.57605108,9.97868112,0.0,2520.0,E,,3.0,,,,True,0.0,1.0,0.0,tour,2,0
2016-02-18,0.0,2015/16,GR,Bever,46.5355633,9.69665314,0.0,3300.0,SE,,3.0,,,,False,0.0,2.0,1.0,tour,2,0
2016-02-20,0.0,2015/16,TI,Bedretto,46.46985165,8.44637211,500.0,2100.0,N,,2.0,,,,True,0.0,1.0,0.0,tour,2,0
2016-02-20,0.0,2015/16,BE,Diemtigen,46.60196978,7.60136071,0.0,2170.0,W,,2.0,,,,True,0.0,1.0,0.0,tour,2,0
2016-02-20,0.0,2015/16,VD,Ormont-Dessous,46.3776536,7.13189818,100.0,2210.0,N,,2.0,,,,True,0.0,3.0,0.0,tour,2,0
2016-02-21,0.0,2015/16,TI,Bedretto,46.47154375,8.49770625,0.0,2570.0,S,,2.0,,,,True,0.0,3.0,0.0,tour,2,0
2016-02-21,0.0,2015/16,VS,Saas-Almagell,46.05602373,7.93286445,0.0,2860.0,SE,35_40,2.0,,,,True,1.0,6.0,1.0,offpiste,2,1
2016-02-21,0.0,2015/16,VS,Bourg-Saint-Pierre,45.95451482,7.26452833,100.0,3520.0,SW,40_45,2.0,,,,True,0.0,1.0,0.0,tour,2,0
2016-02-21,0.0,2015/16,VS,Unterbäch,46.24809294,7.75372303,0.0,2660.0,NE,,2.0,,,,True,0.0,1.0,0.0,tour,2,0
2016-02-21,0.0,2015/16,GR,Luzein,46.9355343,9.85313162,100.0,2660.0,E,,3.0,,,,True,0.0,2.0,0.0,tour,2,0
2016-02-21,0.0,2015/16,GR,Surses,46.45059878,9.71296824,0.0,2470.0,NW,,2.0,,,,True,0.0,3.0,0.0,tour,2,0
2016-02-21,0.0,2015/16,VS,Unterbäch,46.2367528,7.75573165,0.0,2640.0,NE,,2.0,,,,True,0.0,1.0,0.0,tour,2,0
2016-02-21,0.0,2015/16,VS,Leukerbad,46.38959888,7.56811971,0.0,2680.0,N,,2.0,,,,True,0.0,3.0,0.0,tour,2,0
2016-02-21,0.0,2015/16,GR,Safiental,46.59610882,9.29449911,500.0,2400.0,NW,,3.0,,,,True,0.0,2.0,0.0,tour,2,0
2016-02-21,0.0,2015/16,GR,Davos,46.76602962,9.9139014,0.0,2800.0,W,35_40,3.0,,,,True,0.0,2.0,0.0,tour,2,0
2016-02-22,0.0,2015/16,GR,Surses,46.48863944,9.68492444,0.0,2820.0,NE,,2.0,,,,True,0.0,1.0,0.0,tour,2,0
2016-02-24,0.0,2015/16,UR,Realp,46.56359126,8.48646435,0.0,2180.0,SE,,2.0,,,,False,0.0,1.0,0.0,tour,2,0
2016-02-27,0.0,2015/16,LU,Flühli,46.79581826,8.04771066,250.0,1680.0,NE,,2.0,,,,False,0.0,1.0,0.0,offpiste,2,0
2016-02-27,0.0,2015/16,NW,Wolfenschiessen,46.78645167,8.40756552,0.0,2095.0,W,,3.0,,,,False,0.0,1.0,0.0,offpiste,2,0
2016-02-27,0.0,2015/16,OW,Giswil,46.79383489,8.08135052,0.0,1830.0,NE,,2.0,,,,True,0.0,1.0,0.0,tour,2,0
2016-02-27,0.0,2015/16,VS,Nendaz,46.08052629,7.32346038,100.0,3000.0,E,,3.0,,,,True,0.0,2.0,0.0,offpiste,2,0
2016-02-27,0.0,2015/16,OW,Engelberg,46.78462292,8.45749602,,,N,,3.0,,,,True,0.0,1.0,0.0,offpiste,2,0
2016-02-27,0.0,2015/16,VS,Evolène,46.00726715,7.47284708,100.0,2600.0,NE,,3.0,,,,True,0.0,1.0,0.0,tour,2,0
2016-02-27,0.0,2015/16,BE,Lenk,46.39128497,7.39872523,250.0,2000.0,SW,,3.0,,,,False,0.0,1.0,0.0,tour,2,0
2016-02-27,0.0,2015/16,OW,Engelberg,46.78462292,8.45749602,,,N,,3.0,,,,True,0.0,1.0,0.0,tour,2,0
2016-02-27,0.0,2015/16,SZ,Muotathal,46.94654284,8.72657852,0.0,1680.0,N,30_35,3.0,,,,False,1.0,1.0,0.0,tour,2,1
2016-02-27,0.0,2015/16,BE,Adelboden,46.49109731,7.61446927,0.0,2240.0,W,,3.0,,,,True,0.0,1.0,1.0,tour,2,0
2016-02-27,0.0,2015/16,VS,Evionnaz,46.16452499,6.94750514,0.0,2720.0,SE,,3.0,,,,False,0.0,1.0,1.0,tour,2,0
2016-02-27,0.0,2015/16,SZ,Oberiberg,47.0025467,8.82300134,0.0,2080.0,N,,2.0,,,,True,0.0,3.0,0.0,tour,2,0
2016-02-27,0.0,2015/16,OW,Engelberg,46.78492656,8.45370372,250.0,1660.0,N,,3.0,,,,False,0.0,4.0,0.0,tour,2,0
2016-02-28,0.0,2015/16,GR,Davos,46.69266497,9.86436325,0.0,2720.0,E,,2.0,,,,True,0.0,1.0,0.0,tour,2,0
2016-03-02,0.0,2015/16,UR,Sisikon,46.92709165,8.67522618,0.0,1835.0,NW,35_40,3.0,,,,False,0.0,1.0,0.0,tour,3,0
2016-03-03,0.0,2015/16,NW,Wolfenschiessen,46.7818973,8.39825109,250.0,2100.0,NE,,3.0,,,,True,0.0,1.0,0.0,offpiste,3,0
2016-03-04,0.0,2015/16,OW,Engelberg,46.79804021,8.41478228,100.0,1780.0,NW,,3.0,,,,False,0.0,1.0,0.0,offpiste,3,0
2016-03-04,0.0,2015/16,VS,Vex,46.16952971,7.36988449,0.0,2310.0,E,,3.0,,,,True,0.0,1.0,0.0,offpiste,3,0
2016-03-05,0.0,2015/16,GR,Safiental,46.61723445,9.26231718,100.0,2110.0,E,,3.0,,,,True,0.0,3.0,2.0,tour,3,0
2016-03-05,0.0,2015/16,GR,Safiental,46.61118554,9.30245941,100.0,2660.0,SW,,3.0,,,,True,2.0,2.0,2.0,tour,3,1
2016-03-05,0.0,2015/16,VD,Ormont-Dessous,46.33420137,7.07045456,0.0,1920.0,N,40_45,3.0,,,,True,0.0,2.0,0.0,offpiste,3,0
2016-03-06,0.0,2015/16,GR,Avers,46.44275881,9.56260736,0.0,2280.0,NW,,3.0,,,,True,0.0,2.0,1.0,transportation.corridor,3,0
2016-03-06,0.0,2015/16,GR,Davos,46.74860419,9.80626166,0.0,1980.0,NW,,3.0,,,,False,0.0,1.0,1.0,offpiste,3,0
2016-03-06,0.0,2015/16,VS,Evolène,46.08661032,7.45841726,100.0,2920.0,E,35_40,3.0,,,,True,0.0,2.0,0.0,tour,3,0
2016-03-06,0.0,2015/16,FR,Val-de-Charmey,46.56593794,7.16930715,0.0,1825.0,NW,,3.0,,,,True,0.0,1.0,0.0,tour,3,0
2016-03-06,0.0,2015/16,UR,Andermatt,46.61651187,8.59572478,0.0,2240.0,W,45_90,3.0,,,,True,0.0,1.0,1.0,offpiste,3,0
2016-03-06,0.0,2015/16,GR,Silvaplana,46.44314626,9.82389985,0.0,2390.0,NW,,3.0,,,,True,0.0,1.0,1.0,offpiste,3,0
2016-03-07,0.0,2015/16,GR,Surses,46.49291914,9.72302025,0.0,2740.0,SE,,3.0,,,,True,0.0,1.0,0.0,tour,3,0
2016-03-10,0.0,2015/16,GR,Trimmis,46.87327612,9.61451859,0.0,2180.0,E,,2.0,,,,True,0.0,1.0,0.0,tour,3,0
2016-03-12,0.0,2015/16,GR,Davos,46.68333784,9.80718946,0.0,2520.0,NW,,2.0,,,,True,0.0,2.0,0.0,tour,3,0
2016-03-12,0.0,2015/16,VS,Evolène,46.03812638,7.44548305,0.0,3060.0,N,,2.0,,,,True,0.0,1.0,0.0,tour,3,0
2016-03-12,0.0,2015/16,GR,Trimmis,46.88349214,9.64026291,0.0,2100.0,NW,35_40,2.0,,,,False,0.0,3.0,0.0,tour,3,0
2016-03-12,0.0,2015/16,VS,Unterbäch,46.24945017,7.75087817,0.0,2750.0,NE,,2.0,,,,True,0.0,1.0,0.0,tour,3,0
2016-03-12,0.0,2015/16,VS,Anniviers,46.2397957,7.64606923,250.0,2800.0,SW,,2.0,,,,False,0.0,1.0,0.0,offpiste,3,0
2016-03-13,0.0,2015/16,GR,Klosters-Serneus,46.84746367,9.91043518,0.0,1800.0,N,35_40,2.0,,,,False,0.0,1.0,0.0,tour,3,0
2016-03-17,0.0,2015/16,UR,Unterschächen,46.88162969,8.83799676,0.0,2290.0,NW,,2.0,,,,True,0.0,1.0,0.0,tour,3,0
2016-03-17,0.0,2015/16,VS,Martigny-Combe,46.0332775,7.03825451,0.0,2510.0,N,,3.0,,,,True,0.0,2.0,0.0,tour,3,0
2016-03-20,0.0,2015/16,GR,Luzein,46.96301279,9.86448988,0.0,2340.0,S,,2.0,,2.0,,True,0.0,1.0,0.0,tour,3,0
2016-03-26,0.0,2015/16,BE,Lenk,46.39417033,7.44630801,0.0,1940.0,N,40_45,1.0,,2.0,,True,1.0,1.0,0.0,tour,3,1
2016-03-26,0.0,2015/16,GR,Arosa,46.74132671,9.68550765,0.0,2640.0,NE,,2.0,,2.0,,True,0.0,1.0,0.0,tour,3,0
2016-03-26,0.0,2015/16,GR,Bergün/Bravuogn,46.62128253,9.87343536,0.0,3380.0,NE,,2.0,,2.0,,True,0.0,2.0,0.0,tour,3,0
2016-03-26,0.0,2015/16,GR,Ilanz/Glion,46.8637502,9.14146109,100.0,2750.0,SE,,2.0,,2.0,,True,0.0,1.0,0.0,,3,0
2016-03-26,0.0,2015/16,VS,Simplon,46.15519717,8.03602582,,2400.0,SE,,1.0,,2.0,,True,0.0,1.0,1.0,tour,3,0
2016-03-26,0.0,2015/16,SZ,Oberiberg,47.00300907,8.8219612,100.0,2090.0,N,,1.0,,2.0,,True,0.0,1.0,0.0,tour,3,0
2016-03-27,0.0,2015/16,VS,Obergoms,46.46082222,8.33893392,0.0,2440.0,NE,35_40,2.0,,,,True,1.0,1.0,1.0,tour,3,1
2016-03-27,0.0,2015/16,GR,Davos,46.76786993,9.91411697,0.0,2690.0,N,,2.0,,,,True,0.0,2.0,0.0,tour,3,0
2016-03-28,0.0,2015/16,VS,Bagnes,46.01790911,7.25012344,0.0,2580.0,NE,,1.0,,2.0,,True,0.0,1.0,0.0,tour,3,0
2016-03-28,0.0,2015/16,GR,Bergün/Bravuogn,46.578256,9.766302,,,,,2.0,,2.0,,True,0.0,1.0,0.0,tour,3,0
2016-04-03,0.0,2015/16,GR,Arosa,46.76109102,9.63172551,0.0,2280.0,E,30_35,1.0,,3.0,,True,1.0,1.0,1.0,offpiste,4,1
2016-04-06,0.0,2015/16,VS,Fieschertal,46.52655285,8.06814307,100.0,3580.0,NW,35_40,2.0,,,,True,0.0,1.0,0.0,tour,4,0
2016-04-09,0.0,2015/16,VS,Visperterminen,46.19524415,7.96016446,0.0,2990.0,NE,,2.0,,,,True,0.0,2.0,0.0,tour,4,0
2016-04-09,0.0,2015/16,VS,Ried-Brig,46.26158409,8.07519546,0.0,2880.0,N,,3.0,,,,True,0.0,1.0,0.0,tour,4,0
2016-04-10,0.0,2015/16,VS,Obergoms,46.50163167,8.38078043,0.0,2760.0,NW,,2.0,,3.0,,True,0.0,1.0,0.0,tour,4,0
2016-04-14,0.0,2015/16,TI,Bedretto,46.45920823,8.47937022,100.0,2600.0,NW,,2.0,,2.0,,True,0.0,1.0,0.0,tour,4,0
2016-04-16,0.0,2015/16,VS,Anniviers,46.20534467,7.6449016,0.0,2870.0,NW,,2.0,,,,True,0.0,2.0,0.0,tour,4,0
2016-04-17,0.0,2015/16,VS,Fieschertal,46.51284538,8.18519138,0.0,3340.0,NW,40_45,2.0,,,,True,1.0,6.0,3.0,tour,4,1
2016-04-18,0.0,2015/16,VS,Evolène,45.98810597,7.47606132,100.0,3000.0,NE,,3.0,,,,True,0.0,1.0,0.0,tour,4,0
2016-04-19,0.0,2015/16,VS,Orsières,45.9899837,7.06218821,0.0,3100.0,N,45_90,3.0,,,,True,1.0,2.0,1.0,offpiste,4,1
2016-04-26,0.0,2015/16,VS,Simplon,46.24541882,8.05400123,250.0,2370.0,NW,,2.0,,,,False,0.0,1.0,0.0,tour,4,0
2016-04-29,0.0,2015/16,VS,Naters,46.46762318,7.96317442,0.0,3680.0,SW,,2.0,,,,False,1.0,2.0,1.0,tour,4,1
2016-04-30,0.0,2015/16,GR,Scuol,46.86066817,10.25404098,250.0,2970.0,NE,,1.0,,,,True,0.0,1.0,1.0,tour,4,0
2016-04-30,0.0,2015/16,SG,Mels,46.95765321,9.38886739,0.0,2800.0,NE,,2.0,,,,True,0.0,1.0,0.0,tour,4,0
2016-05-05,0.0,2015/16,GR,Flims,46.91288761,9.24635168,0.0,2900.0,E,,2.0,,,,True,1.0,1.0,1.0,tour,5,1
2016-05-21,0.0,2015/16,TI,Airolo,46.53926048,8.51962983,100.0,2940.0,NE,,,,,,,0.0,3.0,0.0,tour,5,0
2016-05-21,0.0,2015/16,BE,Innertkirchen,46.69223268,8.41626856,0.0,3320.0,NE,,,,,,,0.0,1.0,0.0,tour,5,0
2016-06-04,0.0,2015/16,VS,Zermatt,45.98344367,7.78433001,100.0,3120.0,N,,,,,,,0.0,2.0,0.0,offpiste,6,0
2016-07-04,0.0,2015/16,VS,Baltschieder,46.39773692,7.85158868,0.0,3440.0,E,45_90,,,,,,1.0,2.0,0.0,tour,7,1
2016-07-09,0.0,2015/16,AI,Schwende,47.25399217,9.34319634,0.0,2305.0,SE,40_45,,,,,,0.0,7.0,0.0,tour,7,0
2016-10-15,0.0,2016/17,VS,Leukerbad,46.41364171,7.6667628,100.0,2990.0,N,35_40,,,,,,0.0,2.0,0.0,tour,10,0
2016-10-22,0.0,2016/17,GR,Davos,46.77295856,9.8466287,0.0,2520.0,NE,,,,,,,0.0,1.0,0.0,transportation.corridor,10,0
2016-11-20,0.0,2016/17,VS,Saas-Fee,46.06377843,7.90747636,0.0,3155.0,NE,40_45,2.0,,,,True,0.0,2.0,0.0,offpiste,11,0
2016-11-27,0.0,2016/17,VS,Simplon,46.24088553,8.08454774,0.0,3370.0,NW,45_90,3.0,,,,True,0.0,3.0,1.0,tour,11,0
2016-12-04,0.0,2016/17,VS,Orsières,45.8695648,7.1244383,100.0,2350.0,NW,35_40,2.0,,,,False,0.0,2.0,0.0,tour,12,0
2016-12-23,0.0,2016/17,VS,Ried-Brig,46.26238021,8.06145629,0.0,2550.0,NW,,2.0,,,,True,0.0,3.0,1.0,tour,12,0
2016-12-26,0.0,2016/17,GR,Silvaplana,46.466469,9.73154262,0.0,2410.0,N,45_90,1.0,,,,True,0.0,1.0,0.0,tour,12,0
2017-01-03,0.0,2016/17,VS,Orsières,45.88213892,7.13376868,0.0,2180.0,W,35_40,1.0,,,,True,0.0,1.0,0.0,tour,1,0
2017-01-06,0.0,2016/17,VS,Leytron,46.1985759,7.1000397,0.0,2508.0,E,35_40,3.0,,,,True,1.0,1.0,1.0,tour,1,1
2017-01-07,0.0,2016/17,UR,Andermatt,46.61425463,8.61408497,0.0,2460.0,NW,40_45,3.0,,,,True,1.0,5.0,1.0,offpiste,1,1
2017-01-11,0.0,2016/17,GR,Arosa,46.75883094,9.66017943,100.0,2400.0,NW,35_40,3.0,,,,True,0.0,1.0,0.0,tour,1,0
2017-01-14,0.0,2016/17,BE,Diemtigen,46.53737784,7.4645783,0.0,2220.0,W,,3.0,,,,True,0.0,2.0,1.0,tour,1,0
2017-01-14,0.0,2016/17,SZ,Oberiberg,47.00912963,8.76845761,0.0,1710.0,E,,3.0,,,,True,0.0,1.0,1.0,offpiste,1,0
2017-01-15,0.0,2016/17,VS,Nendaz,46.1689873,7.36561244,0.0,2290.0,NW,40_45,3.0,,,,True,0.0,1.0,1.0,offpiste,1,0
2017-01-15,0.0,2016/17,VS,Obergoms,46.53865156,8.3752972,0.0,2000.0,SW,,3.0,,,,True,0.0,1.0,0.0,tour,1,0
2017-01-15,0.0,2016/17,VS,Simplon,46.2186445,7.99550935,100.0,2300.0,E,35_40,3.0,,,,True,0.0,1.0,0.0,tour,1,0
2017-01-17,0.0,2016/17,SO,Selzach,47.24283097,7.4517129,0.0,1390.0,N,35_40,3.0,,,,False,0.0,1.0,0.0,tour,1,0
2017-01-19,0.0,2016/17,VS,Anniviers,46.24547229,7.6409045,100.0,2775.0,NW,,3.0,,,,True,0.0,1.0,0.0,transportation.corridor,1,0
2017-01-20,0.0,2016/17,VS,Riddes,46.10610991,7.27943503,0.0,2720.0,NW,40_45,3.0,,,,True,0.0,1.0,0.0,offpiste,1,0
2017-01-20,0.0,2016/17,VS,Binn,46.34775827,8.20689155,0.0,2345.0,NE,35_40,3.0,,,,True,0.0,5.0,2.0,tour,1,0
2017-01-21,0.0,2016/17,SZ,Oberiberg,47.00161715,8.82547597,0.0,2130.0,N,45_90,2.0,,,,True,1.0,1.0,1.0,tour,1,1
2017-01-21,0.0,2016/17,VS,Nendaz,46.09204179,7.32472905,0.0,2840.0,N,,3.0,,,,True,0.0,2.0,0.0,offpiste,1,0
2017-01-22,0.0,2016/17,SZ,Muotathal,46.94622544,8.73478135,100.0,1800.0,NW,30_35,3.0,,,,False,0.0,1.0,0.0,tour,1,0
2017-01-22,0.0,2016/17,TI,Bedretto,46.5004889,8.45191856,0.0,2785.0,W,40_45,3.0,,,,True,0.0,1.0,0.0,tour,1,0
2017-01-22,0.0,2016/17,VS,Naters,46.38110033,7.93952651,0.0,2735.0,SE,35_40,2.0,,,,True,0.0,2.0,0.0,offpiste,1,0
2017-01-26,0.0,2016/17,GR,Klosters-Serneus,46.8408271,9.93832927,0.0,2450.0,W,35_40,3.0,,,,True,0.0,1.0,0.0,tour,1,0
2017-01-28,0.0,2016/17,GR,Fideris,46.85860867,9.72517341,0.0,2155.0,NW,35_40,2.0,,,,False,0.0,1.0,0.0,tour,1,0
2017-01-28,0.0,2016/17,SG,Flums,47.04658248,9.2469107,100.0,1960.0,NW,30_35,2.0,,,,False,0.0,2.0,0.0,tour,1,0
2017-02-01,0.0,2016/17,GR,Arosa,46.78556837,9.64339958,0.0,2365.0,NE,,4.0,,,,True,0.0,1.0,0.0,offpiste,2,0
2017-02-02,0.0,2016/17,UR,Andermatt,46.64049797,8.65096842,0.0,2630.0,N,35_40,3.0,,,,True,0.0,1.0,1.0,tour,2,0
2017-02-02,0.0,2016/17,SG,Vilters-Wangs,46.97790098,9.40715411,0.0,2340.0,NE,35_40,3.0,,,,True,0.0,1.0,1.0,tour,2,0
2017-02-03,0.0,2016/17,GR,Avers,46.43055431,9.58946016,100.0,2280.0,NE,,3.0,,,,True,0.0,4.0,1.0,tour,2,0
2017-02-03,0.0,2016/17,GR,Samedan,46.50763127,9.77838439,0.0,2825.0,NW,,3.0,,,,True,0.0,1.0,0.0,offpiste,2,0
2017-02-03,0.0,2016/17,VS,Zermatt,45.98408084,7.78188227,0.0,3040.0,N,,2.0,,,,True,0.0,1.0,0.0,offpiste,2,0
2017-02-04,0.0,2016/17,TI,Airolo,46.50966909,8.60536545,0.0,1860.0,N,30_35,3.0,,,,False,0.0,1.0,1.0,offpiste,2,0
2017-02-04,0.0,2016/17,VS,Binn,46.34208469,8.20778557,0.0,2300.0,S,35_40,3.0,,,,False,1.0,3.0,1.0,tour,2,1
2017-02-05,0.0,2016/17,VS,Ried-Brig,46.28398489,8.06695861,0.0,2205.0,N,45_90,3.0,,,,True,1.0,1.0,0.0,tour,2,1
2017-02-06,0.0,2016/17,GR,Avers,46.4435302,9.55020561,0.0,2080.0,E,30_35,3.0,,,,True,0.0,1.0,0.0,tour,2,0
2017-02-08,0.0,2016/17,GR,Davos,46.72981546,9.85888901,0.0,2210.0,NW,40_45,3.0,,,,True,0.0,1.0,0.0,tour,2,0
2017-02-09,0.0,2016/17,VS,Zermatt,45.93494716,7.72420311,100.0,3600.0,NW,,3.0,,,,True,0.0,1.0,0.0,offpiste,2,0
2017-02-09,0.0,2016/17,VS,Riddes,46.11500763,7.27397643,0.0,2500.0,W,40_45,3.0,,,,True,0.0,3.0,0.0,offpiste,2,0
2017-02-10,0.0,2016/17,SZ,Riemenstalden,46.93461754,8.71092615,0.0,1920.0,NW,30_35,3.0,,,,False,0.0,2.0,0.0,tour,2,0
2017-02-11,0.0,2016/17,GR,Safiental,46.66261694,9.25463608,0.0,2490.0,N,35_40,3.0,,,,True,0.0,2.0,0.0,tour,2,0
2017-02-12,0.0,2016/17,OW,Kerns,46.76240417,8.26208551,0.0,2400.0,N,40_45,2.0,,,,True,0.0,1.0,0.0,tour,2,0
2017-02-12,0.0,2016/17,GR,Arosa,46.79289468,9.66237103,0.0,2155.0,NE,45_90,3.0,,,,True,0.0,3.0,0.0,offpiste,2,0
2017-02-12,0.0,2016/17,SZ,Muotathal,46.93405332,8.74112033,250.0,2220.0,,,3.0,,,,True,0.0,1.0,0.0,tour,2,0
2017-02-12,0.0,2016/17,SZ,Muotathal,46.93405332,8.74112033,250.0,2220.0,,,3.0,,,,True,0.0,1.0,0.0,tour,2,0
2017-02-12,0.0,2016/17,SZ,Muotathal,46.95312062,8.74946566,0.0,1600.0,N,,3.0,,,,False,0.0,1.0,0.0,tour,2,0
2017-02-12,0.0,2016/17,BE,Adelboden,46.43176612,7.58636978,0.0,2480.0,NW,,3.0,,,,True,0.0,5.0,0.0,tour,2,0
2017-02-13,0.0,2016/17,VS,Isérables,46.13779085,7.29176527,0.0,2440.0,NW,45_90,3.0,,,,True,0.0,1.0,0.0,offpiste,2,0
2017-02-13,0.0,2016/17,GR,Mesocco,46.49617214,9.24221487,0.0,2500.0,NW,35_40,2.0,,,,True,0.0,2.0,0.0,tour,2,0
2017-02-13,0.0,2016/17,UR,Andermatt,46.6144143,8.6160468,0.0,2490.0,N,40_45,2.0,,,,True,0.0,5.0,4.0,offpiste,2,0
2017-02-19,0.0,2016/17,SG,Flums,47.04600356,9.2148396,0.0,2280.0,NE,45_90,2.0,,,,True,0.0,1.0,0.0,tour,2,0
2017-02-22,0.0,2016/17,GR,Davos,46.77059581,9.92328037,0.0,2360.0,NE,,2.0,,,,True,0.0,1.0,0.0,tour,2,0
2017-02-22,0.0,2016/17,VS,Leukerbad,46.42384719,7.69022101,0.0,3590.0,S,40_45,2.0,,,,False,1.0,1.0,1.0,tour,2,1
2017-02-25,0.0,2016/17,NW,Wolfenschiessen,46.86048002,8.4653584,0.0,2460.0,W,35_40,3.0,,,,True,0.0,1.0,0.0,tour,2,0
2017-03-01,0.0,2016/17,GR,Scuol,46.82726195,10.25452147,0.0,2550.0,E,,3.0,,,,True,0.0,1.0,0.0,offpiste,3,0
2017-03-02,0.0,2016/17,VS,Anniviers,46.18730882,7.5480817,,2300.0,NE,,3.0,,,,True,0.0,1.0,0.0,offpiste,3,0
2017-03-03,0.0,2016/17,VS,Anniviers,46.24262237,7.62416881,0.0,2645.0,N,45_90,3.0,,,,True,0.0,1.0,0.0,offpiste,3,0
2017-03-03,0.0,2016/17,VS,Anniviers,46.19643224,7.55516005,0.0,2345.0,N,,3.0,,,,True,0.0,1.0,0.0,offpiste,3,0
2017-03-03,0.0,2016/17,BE,Gsteig,46.35253081,7.24233732,0.0,1810.0,NE,,3.0,,,,True,0.0,1.0,0.0,offpiste,3,0
2017-03-03,0.0,2016/17,GR,Zuoz,46.61083984,9.89033403,0.0,2760.0,NE,40_45,3.0,,,,True,0.0,1.0,1.0,tour,3,0
2017-03-04,0.0,2016/17,GR,Davos,46.78559618,9.75784002,0.0,2390.0,NE,35_40,3.0,,,,True,0.0,1.0,0.0,tour,3,0
2017-03-05,0.0,2016/17,UR,Andermatt,46.61665214,8.61714004,100.0,2420.0,N,,3.0,,,,True,0.0,1.0,0.0,offpiste,3,0
2017-03-05,0.0,2016/17,GR,Arosa,46.83926875,9.79346539,0.0,2680.0,NW,35_40,3.0,,,,True,0.0,2.0,0.0,offpiste,3,0
2017-03-07,0.0,2016/17,VS,Nendaz,46.13131793,7.2947586,0.0,2445.0,NE,40_45,3.0,,,,True,0.0,2.0,1.0,offpiste,3,0
2017-03-08,0.0,2016/17,VS,Saxon,46.12434495,7.2117208,0.0,2300.0,N,,3.0,,,,True,0.0,1.0,0.0,offpiste,3,0
2017-03-08,0.0,2016/17,VS,Kippel,46.42505841,7.74629462,0.0,3000.0,SW,,3.0,,,,True,0.0,1.0,0.0,offpiste,3,0
2017-03-10,0.0,2016/17,GR,Silvaplana,46.44518036,9.83414456,0.0,2625.0,W,35_40,3.0,,,,True,0.0,1.0,0.0,offpiste,3,0
2017-03-10,0.0,2016/17,GR,Klosters-Serneus,46.83833277,9.80175218,0.0,2640.0,E,40_45,4.0,,,,True,0.0,1.0,0.0,offpiste,3,0
2017-03-11,0.0,2016/17,VS,Anniviers,46.1485863,7.58489109,250.0,2800.0,SW,,3.0,,,,True,0.0,1.0,0.0,offpiste,3,0
2017-03-11,0.0,2016/17,VS,Bagnes,46.11500223,7.21809773,100.0,2150.0,S,,3.0,,,,False,0.0,1.0,0.0,offpiste,3,0
2017-03-12,0.0,2016/17,GR,Surses,46.50768218,9.72729283,0.0,3125.0,SW,,3.0,,,,True,0.0,1.0,0.0,tour,3,0
2017-03-15,0.0,2016/17,GR,Disentis/Mustér,46.70199254,8.79077187,0.0,2120.0,SE,40_45,2.0,,,,False,0.0,2.0,0.0,offpiste,3,0
2017-03-16,0.0,2016/17,VS,Nendaz,46.15136592,7.34272607,0.0,2355.0,W,35_40,2.0,,,,True,0.0,2.0,0.0,offpiste,3,0
2017-03-18,0.0,2016/17,GR,Avers,46.43113365,9.60158706,0.0,2455.0,W,40_45,2.0,,,,True,0.0,2.0,0.0,tour,3,0
2017-03-21,0.0,2016/17,GR,Samedan,46.52813554,9.92322768,100.0,2600.0,W,,2.0,,,,True,0.0,1.0,0.0,tour,3,0
2017-03-25,0.0,2016/17,GR,Bregaglia,46.33681907,9.72327446,0.0,3050.0,SW,40_45,3.0,,,,True,0.0,1.0,0.0,tour,3,0
2017-04-16,0.0,2016/17,BE,Innertkirchen,46.7114325,8.43270323,100.0,2350.0,NE,,3.0,,,,False,0.0,2.0,1.0,tour,4,0
2017-04-20,0.0,2016/17,BE,Innertkirchen,46.70592967,8.39232344,0.0,2650.0,SE,,3.0,,,,True,0.0,1.0,0.0,tour,4,0
2017-04-20,0.0,2016/17,NW,Wolfenschiessen,46.77184623,8.39532257,0.0,2540.0,NE,,3.0,,,,True,0.0,2.0,1.0,tour,4,0
2017-04-21,0.0,2016/17,VS,Blatten,46.44815519,7.78520848,0.0,3160.0,SE,,3.0,,,,True,0.0,1.0,0.0,tour,4,0
2017-04-21,0.0,2016/17,GR,Davos,46.73545885,9.87492884,0.0,2710.0,N,40_45,2.0,,,,True,0.0,1.0,0.0,tour,4,0
2017-04-21,0.0,2016/17,GR,Davos,46.71740584,9.8941993,0.0,2650.0,N,35_40,2.0,,,,True,0.0,1.0,0.0,tour,4,0
2017-04-21,0.0,2016/17,BE,Lauterbrunnen,46.56319198,7.97531683,0.0,2750.0,NW,45_90,3.0,,,,True,0.0,2.0,0.0,tour,4,0
2017-04-22,0.0,2016/17,BE,Rüschegg,46.70370811,7.44935944,0.0,2090.0,N,40_45,1.0,,,,True,0.0,1.0,0.0,tour,4,0
2017-04-22,0.0,2016/17,BE,Rüschegg,46.70384301,7.44962098,0.0,2080.0,N,40_45,1.0,,,,True,0.0,1.0,0.0,tour,4,0
2017-04-22,0.0,2016/17,GR,Davos,46.70132054,9.9055674,0.0,2900.0,N,40_45,2.0,,,,True,0.0,1.0,0.0,tour,4,0
2017-04-22,0.0,2016/17,GR,Klosters-Serneus,46.85483515,10.09149802,0.0,3050.0,W,45_90,3.0,,,,True,0.0,1.0,1.0,tour,4,0
2017-04-22,0.0,2016/17,GR,Davos,46.69473222,9.94149835,0.0,2970.0,N,40_45,2.0,,,,True,0.0,2.0,0.0,tour,4,0
2017-04-29,0.0,2016/17,GR,Davos,46.72178393,9.87470336,0.0,2715.0,N,35_40,3.0,,,,True,0.0,1.0,0.0,tour,4,0
2017-04-30,0.0,2016/17,GR,Davos,46.69879804,9.92226134,0.0,2460.0,NW,40_45,3.0,,,,True,0.0,1.0,0.0,tour,4,0
2017-05-06,0.0,2016/17,VS,Blatten,46.43489616,7.91848933,100.0,3100.0,NW,,2.0,,,,True,0.0,1.0,0.0,tour,5,0
2017-05-13,0.0,2016/17,VS,Naters,46.46057288,7.98927151,100.0,3725.0,S,,,,,,,0.0,2.0,0.0,tour,5,0
2017-05-20,0.0,2016/17,NW,Wolfenschiessen,46.78392744,8.41347898,500.0,2240.0,W,,,,,,,0.0,1.0,0.0,offpiste,5,0
2017-05-24,0.0,2016/17,VS,Simplon,46.2017288,7.99624341,0.0,3010.0,NE,35_40,,,,,,0.0,1.0,0.0,tour,5,0
2017-08-02,0.0,2016/17,VS,Fieschertal,46.53273606,7.96680305,0.0,3920.0,NE,45_90,,,,,,0.0,3.0,0.0,tour,8,0
2017-09-21,0.0,2016/17,BE,Grindelwald,46.57166645,8.00853337,100.0,3390.0,E,,,,,,,1.0,2.0,0.0,tour,9,1
2017-10-28,0.0,2017/18,VS,Anniviers,46.08378264,7.61040451,0.0,3360.0,NW,35_40,,,,,,0.0,1.0,0.0,tour,10,0
2017-11-14,0.0,2017/18,OW,Engelberg,46.78995968,8.41817233,0.0,2350.0,NW,35_40,3.0,,,,True,1.0,1.0,1.0,offpiste,11,1
2017-12-03,,2017/18,UR,Andermatt,46.6662482,8.66592162,100.0,2290.0,SE,30_35,2.0,,,,True,0.0,1.0,0.0,tour,12,0
2017-12-08,0.0,2017/18,BE,Boltigen,46.56232383,7.30143823,0.0,1684.0,NE,0_30,3.0,,,,False,0.0,2.0,0.0,tour,12,0
2017-12-10,0.0,2017/18,VS,Leytron,46.20475085,7.14660497,0.0,1775.0,NE,40_45,3.0,,,,False,1.0,1.0,1.0,offpiste,12,1
2017-12-12,0.0,2017/18,VS,Saas-Fee,46.0932908,7.90585485,100.0,2220.0,NE,30_35,3.0,,,,True,0.0,1.0,0.0,tour,12,0
2017-12-13,0.0,2017/18,UR,Hospental,46.60227121,8.59829168,100.0,2560.0,N,,3.0,,,,True,0.0,1.0,0.0,tour,12,0
2017-12-13,0.0,2017/18,GR,Churwalden,46.76840278,9.52489405,0.0,2010.0,NE,35_40,3.0,,,,True,0.0,2.0,0.0,offpiste,12,0
2017-12-16,0.0,2017/18,SO,Selzach,47.24269605,7.45171286,100.0,1410.0,N,35_40,3.0,,,,True,0.0,1.0,0.0,tour,12,0
2017-12-17,0.0,2017/18,GR,Celerina/Schlarigna,46.52130847,9.82179141,0.0,2490.0,E,35_40,3.0,,,,True,0.0,1.0,0.0,offpiste,12,0
2017-12-17,0.0,2017/18,UR,Spiringen,46.89033314,8.73134788,0.0,1715.0,SE,35_40,3.0,,,,True,0.0,1.0,0.0,offpiste,12,0
2017-12-21,0.0,2017/18,VS,Bagnes,46.07935353,7.32023125,0.0,3180.0,S,40_45,3.0,,,,True,0.0,2.0,0.0,offpiste,12,0
2017-12-23,0.0,2017/18,VS,Anniviers,46.22744476,7.66027995,0.0,2890.0,SW,40_45,3.0,,,,True,1.0,3.0,2.0,tour,12,1
2017-12-23,0.0,2017/18,GR,Jenaz,46.88147077,9.71367743,0.0,2315.0,NW,45_90,2.0,,,,True,1.0,1.0,1.0,tour,12,1
2017-12-25,0.0,2017/18,VS,Naters,46.37317802,7.94088309,0.0,2795.0,E,40_45,2.0,,,,True,1.0,1.0,1.0,tour,12,1
2017-12-27,0.0,2017/18,VS,Liddes,45.96653848,7.17119857,0.0,2184.0,NW,40_45,2.0,,,,True,0.0,1.0,0.0,tour,12,0
2017-12-28,0.0,2017/18,TI,Acquarossa,46.4740507,8.87689388,0.0,2000.0,S,35_40,4.0,,,,False,0.0,1.0,0.0,offpiste,12,0
2017-12-28,0.0,2017/18,BE,Rüschegg,46.69948063,7.44321342,100.0,1950.0,NE,30_35,3.0,,,,False,0.0,2.0,0.0,tour,12,0
2017-12-28,0.0,2017/18,VS,Bourg-Saint-Pierre,45.88609183,7.18617208,100.0,2110.0,E,40_45,3.0,,,,True,0.0,3.0,0.0,tour,12,0
2017-12-29,0.0,2017/18,FR,Semsales,46.53701058,6.99505859,0.0,1656.0,N,40_45,3.0,,,,False,0.0,1.0,0.0,tour,12,0
2017-12-31,0.0,2017/18,GR,Tujetsch,46.64919093,8.67089051,0.0,2330.0,E,40_45,3.0,,,,True,1.0,2.0,1.0,tour,12,1
2017-12-31,0.0,2017/18,VS,Fiesch,46.42463923,8.10882406,0.0,2270.0,SE,35_40,3.0,,,,True,0.0,1.0,0.0,offpiste,12,0
2017-12-31,0.0,2017/18,GR,Zuoz,46.60987347,9.92079735,0.0,2730.0,SE,40_45,3.0,,,,True,0.0,5.0,2.0,tour,12,0
2017-12-31,0.0,2017/18,BE,Kandersteg,46.51325381,7.76503743,0.0,2650.0,SW,35_40,3.0,,,,False,1.0,2.0,1.0,tour,12,1
2018-01-01,0.0,2017/18,VD,Ormont-Dessous,46.38801602,7.12509268,0.0,1867.0,N,30_35,3.0,,,,False,0.0,1.0,0.0,tour,1,0
2018-01-03,0.0,2017/18,VD,Lavey-Morcles,46.20198803,7.06932665,0.0,2700.0,NW,40_45,4.0,,,,True,0.0,1.0,0.0,tour,1,0
2018-01-09,0.0,2017/18,GR,Davos,46.80253334,9.91721856,250.0,2300.0,SW,0_30,3.0,,,,False,0.0,1.0,0.0,offpiste,1,0
2018-01-18,0.0,2017/18,VS,Leytron,46.20811997,7.14496728,0.0,1760.0,E,,4.0,,,,False,1.0,2.0,2.0,offpiste,1,1
2018-01-19,0.0,2017/18,VS,Nendaz,46.14004389,7.29499441,0.0,2420.0,SE,40_45,3.0,,,,True,0.0,1.0,0.0,offpiste,1,0
2018-01-19,0.0,2017/18,GR,Arosa,46.78855229,9.63939473,0.0,2600.0,SE,45_90,3.0,,,,True,0.0,1.0,0.0,offpiste,1,0
2018-01-19,0.0,2017/18,VS,Val-d’Illiez,46.20805552,6.85483151,500.0,,NE,,3.0,,,,True,0.0,1.0,0.0,offpiste,1,0
2018-01-19,0.0,2017/18,SG,Quarten,47.07723038,9.2558605,0.0,1790.0,E,35_40,4.0,,,,False,0.0,2.0,0.0,offpiste,1,0
2018-01-19,0.0,2017/18,SG,Quarten,47.08088639,9.26134531,0.0,1640.0,NW,30_35,4.0,,,,False,0.0,2.0,0.0,offpiste,1,0
2018-01-19,,2017/18,VS,Crans-Montana,46.33035492,7.48564683,0.0,2020.0,SE,35_40,4.0,,,,True,0.0,2.0,0.0,offpiste,1,0
2018-01-20,0.0,2017/18,VS,Hérémence,46.16708771,7.37825146,250.0,,,,3.0,,,,True,0.0,1.0,0.0,offpiste,1,0
2018-01-20,0.0,2017/18,BE,Zweisimmen,46.49425421,7.34615726,0.0,1750.0,NE,40_45,3.0,,,,True,0.0,1.0,1.0,offpiste,1,0
2018-01-23,0.0,2017/18,BE,Innertkirchen,46.77345401,8.39131822,100.0,2340.0,W,35_40,4.0,,,,True,0.0,1.0,0.0,offpiste,1,0
2018-01-29,0.0,2017/18,VS,Chamoson,46.22186427,7.14805552,0.0,2420.0,SE,35_40,2.0,,,,False,0.0,2.0,0.0,tour,1,0
2018-02-13,0.0,2017/18,VD,Ormont-Dessous,46.38406534,7.11179148,0.0,2030.0,SE,40_45,3.0,,,,True,0.0,3.0,0.0,tour,2,0
2018-02-14,0.0,2017/18,GR,Davos,46.8214732,9.82487295,0.0,2280.0,S,30_35,3.0,,,,True,0.0,2.0,0.0,offpiste,2,0
2018-02-17,0.0,2017/18,GR,Luzein,47.01050999,9.8505082,250.0,2150.0,SE,30_35,3.0,,,,False,0.0,3.0,0.0,tour,2,0
2018-02-17,0.0,2017/18,GR,Klosters-Serneus,46.8575058,10.05804063,0.0,2545.0,S,35_40,3.0,,,,True,0.0,1.0,0.0,tour,2,0
2018-02-17,0.0,2017/18,GR,Valsot,46.91522905,10.24980871,0.0,2400.0,NE,35_40,3.0,,,,True,1.0,1.0,1.0,tour,2,1
2018-02-18,0.0,2017/18,VS,Nendaz,46.07981601,7.33302752,0.0,2900.0,E,45_90,3.0,,,,True,0.0,1.0,0.0,offpiste,2,0
2018-02-18,0.0,2017/18,VS,Mont-Noble,46.19507811,7.50567341,0.0,2405.0,SE,30_35,3.0,,,,True,0.0,1.0,0.0,tour,2,0
2018-02-18,0.0,2017/18,VS,Blatten,46.4410827,7.77384226,0.0,3030.0,S,,3.0,,,,True,0.0,1.0,0.0,tour,2,0
2018-02-18,0.0,2017/18,GR,Davos,46.7664581,9.96295923,0.0,2790.0,SW,40_45,3.0,,,,False,0.0,1.0,1.0,tour,2,0
2018-02-18,0.0,2017/18,VS,Orsières,45.95858611,7.05582604,0.0,3380.0,SE,40_45,3.0,,,,True,0.0,1.0,1.0,tour,2,0
2018-02-18,0.0,2017/18,VS,Salvan,46.09387679,6.94018845,0.0,2550.0,SE,,3.0,,,,True,0.0,2.0,0.0,tour,2,0
2018-02-19,0.0,2017/18,VS,Naters,46.40198408,7.95655867,0.0,3020.0,SE,30_35,3.0,,,,True,0.0,1.0,0.0,offpiste,2,0
2018-02-19,0.0,2017/18,GR,Davos,46.83081087,9.81296104,0.0,2575.0,S,40_45,3.0,,,,True,0.0,1.0,1.0,offpiste,2,0
2018-02-20,0.0,2017/18,VS,Bagnes,45.9908251,7.24550621,250.0,3010.0,N,40_45,3.0,,,,True,0.0,1.0,0.0,tour,2,0
2018-02-22,0.0,2017/18,GR,Davos,46.68767186,9.90245822,100.0,2855.0,W,35_40,2.0,,,,True,0.0,2.0,0.0,tour,2,0
2018-02-23,0.0,2017/18,VS,Guttet-Feschel,46.38651295,7.69121803,250.0,2900.0,S,,2.0,,,,False,0.0,1.0,0.0,tour,2,0
2018-02-23,0.0,2017/18,BE,Diemtigen,46.52600399,7.53677558,100.0,2300.0,NW,35_40,2.0,,,,True,0.0,2.0,0.0,tour,2,0
2018-02-24,0.0,2017/18,BE,Lauenen,46.35373308,7.33522354,0.0,2525.0,N,35_40,2.0,,,,True,1.0,1.0,1.0,tour,2,1
2018-02-24,0.0,2017/18,VS,Nendaz,46.10564406,7.34552223,0.0,2710.0,NW,35_40,2.0,,,,True,0.0,1.0,0.0,tour,2,0
2018-02-24,0.0,2017/18,VS,Savièse,46.33435086,7.31193568,100.0,2640.0,S,,2.0,,,,True,0.0,1.0,0.0,tour,2,0
2018-02-24,0.0,2017/18,GR,Klosters-Serneus,46.83402875,9.92817765,100.0,2510.0,N,35_40,2.0,,,,True,0.0,1.0,0.0,tour,2,0
2018-02-24,0.0,2017/18,VS,Val-d’Illiez,46.1737918,6.91765182,250.0,,,,2.0,,,,True,0.0,1.0,0.0,tour,2,0
2018-02-24,0.0,2017/18,VS,Oberems,46.2559438,7.66882541,500.0,2850.0,SE,,2.0,,,,False,0.0,1.0,0.0,tour,2,0
2018-02-24,0.0,2017/18,VD,Bex,46.21464491,7.06931862,0.0,2260.0,NW,35_40,2.0,,,,True,0.0,1.0,0.0,tour,2,0
2018-02-24,0.0,2017/18,VS,Evolène,46.02334236,7.52321853,0.0,3500.0,W,40_45,2.0,,,,True,1.0,4.0,2.0,tour,2,1
2018-03-01,0.0,2017/18,GR,Klosters-Serneus,46.85636607,9.85180703,100.0,2200.0,NE,45_90,2.0,,,,True,0.0,1.0,0.0,offpiste,3,0
2018-03-01,0.0,2017/18,GR,Davos,46.77535465,9.92585793,250.0,2240.0,N,40_45,2.0,,,,True,0.0,2.0,0.0,tour,3,0
2018-03-01,0.0,2017/18,VS,Orsières,45.9278307,7.1160475,0.0,2290.0,NW,40_45,3.0,,,,True,2.0,2.0,2.0,tour,3,1
2018-03-02,0.0,2017/18,VD,Gingins,46.43372796,6.11134265,0.0,1455.0,E,35_40,2.0,,,,True,0.0,1.0,0.0,tour,3,0
2018-03-03,0.0,2017/18,VS,Nendaz,46.16088034,7.29719211,250.0,2090.0,,,3.0,,,,True,0.0,1.0,0.0,offpiste,3,0
2018-03-03,0.0,2017/18,UR,Isenthal,46.87484458,8.47855433,100.0,1920.0,N,40_45,2.0,,,,True,0.0,1.0,0.0,tour,3,0
2018-03-03,0.0,2017/18,VS,Nendaz,46.14406382,7.29415556,250.0,2380.0,NE,,3.0,,,,True,0.0,1.0,0.0,offpiste,3,0
2018-03-03,0.0,2017/18,VS,Riddes,46.1088714,7.26125551,100.0,2410.0,N,45_90,3.0,,,,True,0.0,4.0,0.0,offpiste,3,0
2018-03-04,0.0,2017/18,VS,Conthey,46.28068943,7.21223666,,,,35_40,3.0,,,,True,0.0,1.0,0.0,tour,3,0
2018-03-04,0.0,2017/18,AI,Schwende,47.24236905,9.36583656,100.0,2140.0,N,35_40,2.0,,,,True,0.0,2.0,0.0,tour,3,0
2018-03-04,0.0,2017/18,BE,Diemtigen,46.53818454,7.47513777,100.0,1915.0,NW,35_40,3.0,,,,False,0.0,1.0,0.0,tour,3,0
2018-03-04,0.0,2017/18,OW,Giswil,46.79656682,8.10692588,0.0,2015.0,NE,35_40,3.0,,,,True,0.0,1.0,0.0,tour,3,0
2018-03-04,0.0,2017/18,SZ,Riemenstalden,46.93885217,8.70629787,0.0,1710.0,N,30_35,2.0,,,,True,0.0,1.0,0.0,tour,3,0
2018-03-04,0.0,2017/18,VS,Bourg-Saint-Pierre,45.95642188,7.22299254,100.0,2175.0,W,,3.0,,,,True,0.0,1.0,0.0,tour,3,0
2018-03-04,0.0,2017/18,SG,Mels,46.99434478,9.28407548,100.0,2400.0,NE,40_45,2.0,,,,True,0.0,1.0,0.0,tour,3,0
2018-03-04,0.0,2017/18,VS,Bagnes,46.03508142,7.19814196,0.0,2410.0,NE,40_45,2.0,,,,True,0.0,1.0,0.0,tour,3,0
2018-03-05,0.0,2017/18,GR,Trimmis,46.89062519,9.62493451,,,,,2.0,,,,True,0.0,1.0,0.0,tour,3,0
2018-03-07,0.0,2017/18,VS,Simplon,46.2391178,8.02942677,0.0,2180.0,NW,35_40,2.0,,,,True,0.0,2.0,0.0,tour,3,0
2018-03-08,0.0,2017/18,VS,Vionnaz,46.3055988,6.856861,0.0,1570.0,NE,30_35,3.0,,,,False,1.0,1.0,1.0,tour,3,1
2018-03-09,0.0,2017/18,UR,Andermatt,46.60049835,8.61326387,500.0,2800.0,SE,,2.0,,,,True,0.0,1.0,0.0,offpiste,3,0
2018-03-09,0.0,2017/18,VS,Termen,46.31871739,8.07352718,0.0,2480.0,SE,40_45,2.0,,,,True,0.0,1.0,1.0,tour,3,0
2018-03-10,0.0,2017/18,GR,Thusis,46.65655717,9.48476295,500.0,2300.0,,,3.0,,,,True,0.0,1.0,0.0,tour,3,0
2018-03-11,0.0,2017/18,BE,Lauenen,46.3650099,7.38055242,100.0,2800.0,N,,3.0,,,,True,0.0,5.0,2.0,tour,3,0
2018-03-12,0.0,2017/18,GR,Surses,46.44797032,9.67998375,100.0,2670.0,NW,40_45,2.0,,,,True,0.0,1.0,0.0,tour,3,0
2018-03-14,0.0,2017/18,GR,Samedan,46.50647716,9.94634758,250.0,2900.0,SW,,3.0,,,,True,0.0,1.0,0.0,tour,3,0
2018-03-14,0.0,2017/18,UR,Realp,46.5830776,8.40933791,100.0,2850.0,SE,40_45,3.0,,,,True,0.0,1.0,0.0,tour,3,0
2018-03-14,0.0,2017/18,OW,Engelberg,46.79202644,8.43405889,500.0,,,,3.0,,,,True,0.0,1.0,0.0,offpiste,3,0
2018-03-14,0.0,2017/18,VS,Evolène,45.98855341,7.48251411,500.0,2700.0,,,3.0,,,,True,0.0,1.0,0.0,tour,3,0
2018-03-14,0.0,2017/18,BE,Innertkirchen,46.72848258,8.39560031,100.0,1730.0,N,,3.0,,,,False,0.0,1.0,1.0,tour,3,0
2018-03-16,0.0,2017/18,UR,Andermatt,46.62110475,8.62154604,250.0,2050.0,N,40_45,3.0,,,,False,0.0,1.0,0.0,offpiste,3,0
2018-03-16,0.0,2017/18,GR,Davos,46.79016983,9.76747094,0.0,2630.0,SE,40_45,2.0,,,,True,0.0,1.0,0.0,tour,3,0
2018-03-16,0.0,2017/18,UR,Andermatt,46.61514936,8.63186049,100.0,2020.0,N,40_45,3.0,,,,False,0.0,1.0,0.0,offpiste,3,0
2018-03-16,0.0,2017/18,VS,Bagnes,46.07616501,7.28676066,250.0,,,,3.0,,,,True,0.0,1.0,0.0,tour,3,0
2018-03-16,0.0,2017/18,VS,Riddes,46.12008124,7.26801053,0.0,2285.0,SW,,3.0,,,,False,4.0,6.0,5.0,offpiste,3,1
2018-03-20,0.0,2017/18,GR,Pontresina,46.44128051,9.96416065,100.0,2280.0,NE,35_40,3.0,,,,True,0.0,2.0,0.0,tour,3,0
2018-03-21,0.0,2017/18,GR,Samedan,46.40407588,9.8329792,100.0,2850.0,SE,30_35,3.0,,,,True,0.0,1.0,0.0,offpiste,3,0
2018-03-21,0.0,2017/18,VS,Evolène,46.01194653,7.46639476,250.0,2450.0,N,,3.0,,,,True,0.0,1.0,0.0,tour,3,0
2018-03-22,0.0,2017/18,BE,Hasliberg,46.76340364,8.24174418,100.0,2210.0,SE,40_45,2.0,,,,True,0.0,1.0,1.0,offpiste,3,0
2018-03-22,0.0,2017/18,GR,Safiental,46.62304915,9.23045162,0.0,2860.0,E,35_40,3.0,,,,True,0.0,1.0,0.0,tour,3,0
2018-03-23,0.0,2017/18,GR,Poschiavo,46.42015662,10.04256365,250.0,,,,3.0,,,,True,0.0,1.0,0.0,tour,3,0
2018-03-24,0.0,2017/18,VS,Bourg-Saint-Pierre,45.87147926,7.16885472,100.0,2600.0,SE,35_40,2.0,,,,True,0.0,1.0,1.0,tour,3,0
2018-03-24,0.0,2017/18,BE,Diemtigen,46.55435186,7.52209197,250.0,2200.0,S,40_45,2.0,,,,False,0.0,1.0,0.0,tour,3,0
2018-03-24,0.0,2017/18,GR,Davos,46.76956259,9.85826515,0.0,2415.0,N,35_40,2.0,,,,True,0.0,1.0,0.0,offpiste,3,0
2018-03-24,0.0,2017/18,VS,Zermatt,46.04789054,7.77130167,500.0,,,,2.0,,,,True,0.0,1.0,0.0,transportation.corridor,3,0
2018-03-24,0.0,2017/18,GR,Surses,46.45947365,9.64171897,100.0,2010.0,NW,45_90,3.0,,,,False,0.0,1.0,0.0,offpiste,3,0
2018-03-24,0.0,2017/18,VS,Bagnes,45.97573232,7.38831964,100.0,3320.0,S,35_40,2.0,,,,True,0.0,1.0,0.0,tour,3,0
2018-03-24,0.0,2017/18,BE,Rüschegg,46.71360329,7.42948243,100.0,1740.0,NW,40_45,2.0,,,,False,0.0,1.0,0.0,tour,3,0
2018-03-24,0.0,2017/18,VS,Zermatt,46.01302937,7.72338416,0.0,2360.0,SE,30_35,2.0,,,,True,1.0,1.0,1.0,transportation.corridor,3,1
2018-03-28,0.0,2017/18,GR,Schiers,46.99268008,9.81006469,250.0,2100.0,W,,2.0,,,,False,0.0,1.0,0.0,tour,3,0
2018-03-30,0.0,2017/18,GR,Arosa,46.83131952,9.79272406,100.0,2600.0,W,45_90,3.0,,,,True,0.0,1.0,0.0,offpiste,3,0
2018-03-30,0.0,2017/18,VS,Ferden,46.38450939,7.70199796,100.0,2840.0,SE,40_45,3.0,,,,True,0.0,2.0,1.0,tour,3,0
2018-03-31,0.0,2017/18,VS,Fiesch,46.42792582,8.1052479,0.0,2505.0,NW,40_45,3.0,,,,True,3.0,5.0,5.0,tour,3,1
2018-04-01,0.0,2017/18,VS,Nendaz,46.1122261,7.27889983,100.0,2690.0,NE,30_35,3.0,,,,True,0.0,1.0,0.0,offpiste,4,0
2018-04-01,0.0,2017/18,GR,Pontresina,46.46605279,9.90175394,250.0,2550.0,NE,35_40,3.0,,,,True,0.0,1.0,1.0,tour,4,0
2018-04-01,0.0,2017/18,GR,Vaz/Obervaz,46.74730902,9.59656381,0.0,2550.0,NW,40_45,3.0,,,,True,0.0,1.0,0.0,offpiste,4,0
2018-04-02,0.0,2017/18,GR,Ilanz/Glion,46.85866117,9.16582825,100.0,2530.0,SW,,3.0,,,,True,0.0,1.0,1.0,offpiste,4,0
2018-04-02,0.0,2017/18,GR,Klosters-Serneus,46.82364217,9.94631567,0.0,2500.0,E,35_40,3.0,,,,True,0.0,1.0,0.0,tour,4,0
2018-04-02,0.0,2017/18,TI,Lavizzara,46.44039972,8.70967875,0.0,2945.0,SE,,3.0,,,,True,0.0,3.0,2.0,tour,4,0
2018-04-02,0.0,2017/18,BE,Innertkirchen,46.77243035,8.38459626,250.0,2200.0,N,35_40,3.0,,,,True,0.0,1.0,0.0,offpiste,4,0
2018-04-04,0.0,2017/18,GR,Surses,46.43438155,9.60822455,500.0,,,,3.0,,,,True,0.0,1.0,0.0,tour,4,0
2018-04-05,0.0,2017/18,GR,Zernez,46.66905631,10.13394275,,,,,3.0,,,,True,0.0,1.0,0.0,tour,4,0
2018-04-05,0.0,2017/18,VS,Turtmann-Unterems,46.15012114,7.7233877,,3100.0,W,,2.0,,,,True,0.0,1.0,0.0,tour,4,0
2018-04-05,0.0,2017/18,VS,Bagnes,46.08973949,7.26807945,0.0,2475.0,NW,45_90,2.0,,3.0,,True,0.0,1.0,1.0,offpiste,4,0
2018-04-06,0.0,2017/18,GR,Arosa,46.79436207,9.65168705,500.0,,,,2.0,,3.0,,True,0.0,1.0,0.0,offpiste,4,0
2018-04-06,0.0,2017/18,GR,Davos,46.83808832,9.81787238,0.0,2505.0,N,40_45,2.0,,3.0,,True,0.0,1.0,0.0,offpiste,4,0
2018-04-06,0.0,2017/18,GR,Splügen,46.52311169,9.34479205,,,,,3.0,,3.0,,True,0.0,2.0,0.0,tour,4,0
2018-04-07,0.0,2017/18,GR,Zernez,46.7449093,9.99017753,,,,,2.0,,3.0,,True,0.0,2.0,0.0,tour,4,0
2018-04-08,0.0,2017/18,GR,Surses,46.49637256,9.55884666,100.0,2460.0,N,35_40,2.0,,3.0,,True,0.0,1.0,0.0,tour,4,0
2018-04-14,0.0,2017/18,UR,Andermatt,46.61097746,8.61779965,250.0,,NE,,3.0,,3.0,,True,0.0,1.0,0.0,offpiste,4,0
2018-04-21,0.0,2017/18,GR,Davos,46.73923417,9.86881594,0.0,2630.0,NE,40_45,1.0,,3.0,,True,0.0,1.0,0.0,tour,4,0
2018-04-22,0.0,2017/18,GR,Bregaglia,46.30774404,9.71692243,100.0,3150.0,N,45_90,1.0,,3.0,,True,0.0,2.0,0.0,tour,4,0
2018-04-30,0.0,2017/18,VS,Saas-Fee,46.04920068,7.88655097,0.0,3670.0,N,,3.0,,,,True,1.0,2.0,1.0,tour,4,1
2018-05-20,0.0,2017/18,UR,Spiringen,46.87240332,8.85664815,0.0,2090.0,SE,30_35,,,,,,0.0,4.0,0.0,transportation.corridor,5,0
2018-06-03,0.0,2017/18,UR,Silenen,46.80836512,8.73375721,250.0,,,45_90,,,,,,0.0,1.0,0.0,tour,6,0
2018-06-10,0.0,2017/18,VS,Saas-Fee,46.10481427,7.86967741,0.0,4220.0,NE,45_90,,,,,,1.0,1.0,1.0,tour,6,1
2018-06-20,0.0,2017/18,BE,Grindelwald,46.60026542,7.95349769,500.0,,NE,,,,,,,0.0,1.0,0.0,tour,6,0
2018-11-24,0.0,2018/19,VS,Zermatt,45.98409678,7.71013609,250.0,2650.0,E,,3.0,,,,True,0.0,3.0,0.0,offpiste,11,0
2018-11-24,0.0,2018/19,VS,Zermatt,45.95569217,7.7013541,500.0,3350.0,N,,3.0,,,,True,0.0,1.0,0.0,offpiste,11,0
2018-11-24,0.0,2018/19,GR,Tujetsch,46.64843896,8.65715607,100.0,2660.0,N,35_40,3.0,,,,True,0.0,1.0,0.0,tour,11,0
2018-11-25,0.0,2018/19,GR,Silvaplana,46.41789686,9.81771392,100.0,3100.0,SW,,3.0,,,,True,0.0,1.0,0.0,offpiste,11,0
2018-12-08,0.0,2018/19,GR,Celerina/Schlarigna,46.52059104,9.80228175,100.0,2630.0,NE,40_45,2.0,,,,True,0.0,1.0,0.0,offpiste,12,0
2018-12-11,0.0,2018/19,VS,Nendaz,46.10423429,7.28926906,250.0,2550.0,NE,,3.0,,,,True,0.0,1.0,0.0,offpiste,12,0
2018-12-15,0.0,2018/19,VS,Nendaz,46.08850401,7.29849138,0.0,2980.0,NW,,2.0,,,,True,0.0,3.0,0.0,offpiste,12,0
2018-12-18,0.0,2018/19,VS,Orsières,45.88974401,7.13527222,100.0,2300.0,NW,,3.0,,,,True,0.0,1.0,0.0,,12,0
2018-12-22,0.0,2018/19,TI,Bedretto,46.47192387,8.5335219,100.0,2600.0,N,,3.0,,,,True,0.0,1.0,0.0,tour,12,0
2018-12-22,0.0,2018/19,VS,Crans-Montana,46.3541911,7.5075456,0.0,2420.0,SW,,3.0,,,,True,0.0,1.0,0.0,offpiste,12,0
2018-12-25,0.0,2018/19,VS,Bellwald,46.4438333,8.16634766,0.0,2235.0,S,30_35,3.0,,,,True,0.0,1.0,0.0,offpiste,12,0
2018-12-25,0.0,2018/19,VS,Zermatt,46.00247597,7.79651958,0.0,2530.0,N,35_40,3.0,,,,True,0.0,1.0,1.0,offpiste,12,0
2018-12-26,0.0,2018/19,GR,Davos,46.79999203,9.94541034,0.0,2750.0,S,,3.0,,,,True,0.0,1.0,0.0,tour,12,0
2018-12-26,0.0,2018/19,VS,Anniviers,46.19775115,7.54007088,0.0,2670.0,E,,3.0,,,,True,0.0,1.0,0.0,offpiste,12,0
2018-12-26,0.0,2018/19,VS,Zermatt,45.99701859,7.78699718,0.0,2760.0,N,,3.0,,,,True,0.0,5.0,1.0,offpiste,12,0
2018-12-27,0.0,2018/19,GR,Davos,46.72186547,9.87509964,0.0,2700.0,NW,,2.0,,,,True,0.0,1.0,0.0,tour,12,0
2018-12-27,0.0,2018/19,GR,Luzein,46.93317957,9.86235379,0.0,2640.0,N,,2.0,,,,True,0.0,3.0,0.0,offpiste,12,0
2019-01-03,0.0,2018/19,SZ,Innerthal,47.05030892,8.94519934,0.0,2130.0,N,,2.0,,,,True,0.0,1.0,0.0,tour,1,0
2019-01-03,0.0,2018/19,GR,Davos,46.70758988,9.8051149,0.0,2590.0,S,,3.0,,,,True,0.0,2.0,0.0,tour,1,0
2019-01-03,0.0,2018/19,OW,Engelberg,46.79380481,8.43644953,0.0,1660.0,NE,,3.0,,,,False,0.0,1.0,0.0,tour,1,0
2019-01-03,0.0,2018/19,UR,Unterschächen,46.81904629,8.71999102,0.0,2215.0,N,35_40,3.0,,,,True,1.0,2.0,1.0,tour,1,1
2019-01-03,0.0,2018/19,GR,Davos,46.76760548,9.95909666,0.0,2770.0,SW,35_40,3.0,,,,True,1.0,1.0,1.0,tour,1,1
2019-01-03,0.0,2018/19,SG,Flums,47.03935724,9.24864123,0.0,1940.0,NE,35_40,3.0,,,,False,1.0,1.0,1.0,tour,1,1
2019-01-03,0.0,2018/19,GR,Davos,46.83696087,9.83135656,0.0,2190.0,E,,3.0,,,,False,0.0,2.0,0.0,offpiste,1,0
2019-01-03,0.0,2018/19,UR,Spiringen,46.88153107,8.92433263,100.0,2000.0,NW,40_45,3.0,,,,True,0.0,2.0,1.0,offpiste,1,0
2019-01-04,0.0,2018/19,GR,Pontresina,46.45029725,9.91028255,100.0,2950.0,SE,,2.0,,,,True,0.0,1.0,0.0,tour,1,0
2019-01-04,0.0,2018/19,SG,Grabs,47.17140977,9.33966228,0.0,1800.0,NE,,3.0,,,,False,0.0,1.0,0.0,offpiste,1,0
2019-01-04,0.0,2018/19,BE,Kandersteg,46.43948931,7.59608491,0.0,2580.0,E,,2.0,,,,True,0.0,1.0,0.0,tour,1,0
2019-01-06,0.0,2018/19,SG,Grabs,47.17458673,9.34069885,0.0,1725.0,E,35_40,4.0,,,,False,0.0,2.0,0.0,offpiste,1,0
2019-01-07,0.0,2018/19,GR,Vaz/Obervaz,46.75241565,9.52322777,0.0,2215.0,SE,,3.0,,,,True,0.0,1.0,0.0,offpiste,1,0
2019-01-11,0.0,2018/19,OW,Engelberg,46.79222936,8.41048555,500.0,2000.0,NW,,3.0,,,,True,0.0,1.0,0.0,offpiste,1,0
2019-01-11,0.0,2018/19,BE,Rüschegg,46.69948066,7.44242893,0.0,1945.0,N,,3.0,,,,True,0.0,1.0,0.0,tour,1,0
2019-01-11,0.0,2018/19,NW,Beckenried,46.90535567,8.46700274,0.0,2150.0,NE,,3.0,,,,True,0.0,1.0,0.0,tour,1,0
2019-01-12,0.0,2018/19,BE,Zweisimmen,46.5368398,7.29459392,0.0,1930.0,N,,3.0,,,,True,0.0,1.0,0.0,tour,1,0
2019-01-12,0.0,2018/19,BE,Lenk,46.47679336,7.48863844,0.0,2340.0,W,,3.0,,,,True,0.0,2.0,0.0,tour,1,0
2019-01-13,0.0,2018/19,BE,Adelboden,46.44951632,7.56227599,0.0,1830.0,N,,3.0,,,,True,0.0,1.0,0.0,,1,0
2019-01-13,0.0,2018/19,GR,Zuoz,46.59749975,9.91205539,100.0,2245.0,NE,,3.0,,,,True,1.0,1.0,1.0,tour,1,1
2019-01-13,0.0,2018/19,BE,Zweisimmen,46.51126391,7.35655178,100.0,1850.0,N,,3.0,,,,True,0.0,1.0,0.0,,1,0
2019-01-14,0.0,2018/19,FR,Jaun,46.59573731,7.27695036,0.0,1470.0,N,40_45,3.0,,,,True,0.0,1.0,1.0,offpiste,1,0
2019-01-14,0.0,2018/19,VS,Crans-Montana,46.34135595,7.4870851,0.0,2390.0,SE,35_40,4.0,,,,True,0.0,2.0,0.0,transportation.corridor,1,0
2019-01-15,0.0,2018/19,VS,Riddes,46.10626705,7.26404453,500.0,2500.0,,,4.0,,,,True,0.0,1.0,0.0,offpiste,1,0
2019-01-15,0.0,2018/19,SG,Flums,47.08041155,9.27814914,0.0,1615.0,NE,40_45,4.0,,,,False,0.0,3.0,1.0,offpiste,1,0
2019-01-15,0.0,2018/19,OW,Kerns,46.78294616,8.28852552,250.0,2050.0,N,35_40,4.0,,,,True,0.0,2.0,0.0,offpiste,1,0
2019-01-15,0.0,2018/19,VS,Nendaz,46.10638086,7.28021021,0.0,2700.0,E,,4.0,,,,True,0.0,2.0,0.0,offpiste,1,0
2019-01-15,0.0,2018/19,VS,Nendaz,46.13330373,7.30018783,0.0,2275.0,E,35_40,4.0,,,,True,1.0,1.0,0.0,offpiste,1,1
2019-01-17,0.0,2018/19,VS,Trient,46.04590131,6.97563563,0.0,2123.0,SE,0_30,3.0,,,,True,0.0,1.0,0.0,tour,1,0
2019-01-19,0.0,2018/19,NW,Wolfenschiessen,46.9015812,8.46154927,0.0,2230.0,NW,,2.0,,,,True,0.0,1.0,0.0,tour,1,0
2019-01-19,0.0,2018/19,FR,Plaffeien,46.67076525,7.3714682,0.0,1960.0,NW,40_45,3.0,,,,True,0.0,1.0,0.0,tour,1,0
2019-01-19,0.0,2018/19,VS,Vouvry,46.35587504,6.82085311,0.0,2080.0,SE,,3.0,,,,True,0.0,1.0,1.0,tour,1,0
2019-01-19,0.0,2018/19,VS,Bagnes,46.04319831,7.20818223,0.0,1970.0,E,30_35,3.0,,,,False,0.0,1.0,0.0,tour,1,0
2019-01-19,0.0,2018/19,FR,Val-de-Charmey,46.57094571,7.17580416,0.0,1720.0,N,40_45,3.0,,,,False,1.0,3.0,1.0,tour,1,1
2019-01-19,0.0,2018/19,GR,Lumnezia,46.68228398,9.2055509,0.0,2070.0,SW,35_40,3.0,,,,False,0.0,1.0,0.0,tour,1,0
2019-01-19,0.0,2018/19,FR,Val-de-Charmey,46.55470088,7.21422047,0.0,1710.0,NW,,3.0,,,,False,0.0,1.0,0.0,tour,1,0
2019-01-26,0.0,2018/19,TI,Bedretto,46.48065645,8.42482441,0.0,2280.0,S,,2.0,,,,True,0.0,3.0,0.0,tour,1,0
2019-01-28,0.0,2018/19,SO,Selzach,47.24512413,7.45527971,0.0,1240.0,NE,40_45,3.0,,,,False,0.0,1.0,0.0,tour,1,0
2019-01-29,0.0,2018/19,SZ,Oberiberg,47.00512821,8.81031109,250.0,1670.0,N,,3.0,,,,True,0.0,1.0,0.0,offpiste,1,0
2019-01-30,0.0,2018/19,AR,Schönengrund,47.31814891,9.24487006,100.0,1200.0,NW,,3.0,,,,False,0.0,1.0,0.0,tour,1,0
2019-01-30,0.0,2018/19,SZ,Oberiberg,47.02381814,8.78947635,0.0,1720.0,NW,40_45,3.0,,,,True,0.0,1.0,0.0,tour,1,0
2019-02-02,0.0,2018/19,GR,Silvaplana,46.47101517,9.77341598,500.0,2475.0,SW,,3.0,,,,True,0.0,2.0,0.0,transportation.corridor,2,0
2019-02-02,0.0,2018/19,GR,Scuol,46.82701849,10.24978754,100.0,2700.0,NE,35_40,3.0,,,,True,0.0,3.0,0.0,transportation.corridor,2,0
2019-02-02,0.0,2018/19,GR,Tschappina,46.68384466,9.33791721,500.0,2000.0,E,30_35,3.0,,,,True,0.0,1.0,0.0,tour,2,0
2019-02-02,0.0,2018/19,GR,Mathon,46.64375717,9.39379874,100.0,2015.0,E,,3.0,,,,True,0.0,3.0,0.0,tour,2,0
2019-02-02,0.0,2018/19,GR,Vaz/Obervaz,46.74863624,9.58631378,250.0,2190.0,W,35_40,3.0,,,,True,0.0,1.0,1.0,offpiste,2,0
2019-02-02,0.0,2018/19,BE,Diemtigen,46.59809261,7.48235588,0.0,1750.0,NW,40_45,3.0,,,,True,1.0,2.0,1.0,tour,2,1
2019-02-03,0.0,2018/19,SZ,Oberiberg,47.0167635,8.76180667,500.0,1550.0,NW,,3.0,,,,False,0.0,1.0,0.0,offpiste,2,0
2019-02-03,0.0,2018/19,SZ,Einsiedeln,47.10304989,8.85880067,250.0,1490.0,N,35_40,3.0,,,,False,0.0,4.0,2.0,tour,2,0
2019-02-03,0.0,2018/19,SZ,Muotathal,46.98673759,8.67101265,500.0,1000.0,N,,3.0,,,,False,0.0,1.0,0.0,transportation.corridor,2,0
2019-02-03,0.0,2018/19,SG,Mosnang,47.29932567,9.01292795,0.0,1265.0,NE,35_40,3.0,,,,False,0.0,1.0,1.0,tour,2,0
2019-02-04,0.0,2018/19,GR,Arosa,46.82596403,9.79930775,500.0,,SW,40_45,3.0,,,,True,0.0,1.0,0.0,offpiste,2,0
2019-02-04,0.0,2018/19,FR,Haut-Intyamon,46.50436925,7.08910088,0.0,1815.0,W,45_90,3.0,,,,True,1.0,1.0,1.0,tour,2,1
2019-02-04,0.0,2018/19,SZ,Einsiedeln,47.08058654,8.76621377,100.0,1545.0,NE,40_45,4.0,,,,False,0.0,2.0,0.0,tour,2,0
2019-02-05,0.0,2018/19,BE,Wimmis,46.64392761,7.6443547,0.0,2215.0,SW,,3.0,,,,True,1.0,1.0,1.0,tour,2,1
2019-02-05,0.0,2018/19,VS,Isérables,46.13670332,7.28568639,100.0,2230.0,W,40_45,3.0,,,,True,0.0,1.0,0.0,offpiste,2,0
2019-02-06,0.0,2018/19,BE,Saanen,46.42511911,7.23856241,100.0,2100.0,N,45_90,3.0,,,,True,0.0,1.0,0.0,tour,2,0
2019-02-06,0.0,2018/19,VS,Orsières,46.03741861,7.18508596,500.0,,,,3.0,,,,True,0.0,2.0,0.0,tour,2,0
2019-02-06,0.0,2018/19,GR,Trimmis,46.90934283,9.60599957,100.0,1900.0,NE,30_35,3.0,,,,False,0.0,1.0,0.0,tour,2,0
2019-02-06,0.0,2018/19,GR,Safiental,46.6882069,9.27766043,100.0,2450.0,E,35_40,3.0,,,,True,0.0,1.0,0.0,tour,2,0
2019-02-06,0.0,2018/19,VS,Bagnes,46.03283036,7.19711862,500.0,2400.0,W,35_40,3.0,,,,True,0.0,2.0,1.0,tour,2,0
2019-02-08,0.0,2018/19,GR,Luzein,46.97804149,9.86451195,100.0,2460.0,N,40_45,2.0,,,,True,0.0,1.0,0.0,tour,2,0
2019-02-08,0.0,2018/19,VS,Bettmeralp,46.41421733,8.08004189,500.0,,,40_45,2.0,,,,True,0.0,1.0,0.0,tour,2,0
2019-02-08,0.0,2018/19,GR,Davos,46.68889825,9.87007919,0.0,2745.0,E,,2.0,,,,True,0.0,1.0,0.0,tour,2,0
2019-02-09,0.0,2018/19,BE,Saanen,46.4479646,7.33777691,500.0,1800.0,,,3.0,,,,True,0.0,1.0,1.0,tour,2,0
2019-02-09,0.0,2018/19,GR,Klosters-Serneus,46.78576673,9.95791604,0.0,2740.0,SE,35_40,2.0,,,,True,0.0,2.0,0.0,tour,2,0
2019-02-09,0.0,2018/19,GR,Davos,46.72489146,9.86614074,250.0,,,,2.0,,,,True,0.0,1.0,0.0,tour,2,0
2019-02-09,0.0,2018/19,AI,Gonten,47.29158162,9.32794162,500.0,,,,2.0,,,,True,0.0,1.0,0.0,offpiste,2,0
2019-02-12,0.0,2018/19,BE,Grindelwald,46.61983789,7.94193378,0.0,2230.0,SE,35_40,3.0,,,,True,0.0,1.0,1.0,offpiste,2,0
2019-02-12,0.0,2018/19,GR,Trimmis,46.90703784,9.61129008,100.0,1850.0,NE,35_40,3.0,,,,True,0.0,1.0,0.0,tour,2,0
2019-02-14,0.0,2018/19,BE,Diemtigen,46.52807104,7.53899501,100.0,2300.0,W,35_40,2.0,,,,True,0.0,1.0,0.0,tour,2,0
2019-02-15,1.0,2018/19,GR,Samedan,46.37863584,9.84433979,100.0,2700.0,N,,2.0,,,,True,1.0,1.0,1.0,tour,2,1
2019-02-15,0.0,2018/19,GR,Davos,46.73547823,9.87486426,0.0,2710.0,N,40_45,2.0,,,,True,0.0,1.0,0.0,tour,2,0
2019-02-15,0.0,2018/19,UR,Spiringen,46.88314204,8.92844491,100.0,2030.0,N,40_45,2.0,,,,True,0.0,1.0,0.0,tour,2,0
2019-02-17,0.0,2018/19,FR,Plaffeien,46.67360017,7.37375168,0.0,1950.0,W,40_45,2.0,,3.0,,True,1.0,1.0,1.0,tour,2,1
2019-02-19,0.0,2018/19,VS,Crans-Montana,46.35776922,7.49515516,0.0,2745.0,S,35_40,2.0,,2.0,,False,1.0,5.0,1.0,transportation.corridor,2,1
2019-02-21,0.0,2018/19,UR,Realp,46.58911358,8.48943811,100.0,1790.0,E,,1.0,,2.0,,True,0.0,2.0,0.0,,2,0
2019-02-23,0.0,2018/19,BE,Grindelwald,46.66790786,8.01124742,500.0,,N,,1.0,,3.0,,True,0.0,1.0,0.0,tour,2,0
2019-03-03,0.0,2018/19,UR,Wassen,46.75196723,8.52572593,0.0,2300.0,SE,,2.0,,,,True,0.0,1.0,0.0,tour,3,0
2019-03-06,0.0,2018/19,OW,Engelberg,46.77669885,8.45832835,500.0,2200.0,N,,2.0,,,,True,0.0,3.0,0.0,tour,3,0
2019-03-08,0.0,2018/19,UR,Andermatt,46.6225242,8.62347047,0.0,1970.0,N,,3.0,,,,False,0.0,1.0,0.0,offpiste,3,0
2019-03-12,0.0,2018/19,GR,Bever,46.53411369,9.73753927,0.0,2670.0,E,35_40,2.0,,,,True,0.0,1.0,0.0,tour,3,0
2019-03-12,0.0,2018/19,VS,Anniviers,46.24309626,7.63648747,0.0,2680.0,S,30_35,3.0,,,,True,0.0,1.0,1.0,offpiste,3,0
2019-03-12,0.0,2018/19,VS,Nendaz,46.08115451,7.32203711,100.0,3050.0,NE,,3.0,,,,True,0.0,1.0,0.0,offpiste,3,0
2019-03-12,0.0,2018/19,TI,Bedretto,46.45160098,8.39292735,,2700.0,N,,3.0,,,,True,0.0,1.0,0.0,tour,3,0
2019-03-12,0.0,2018/19,UR,Andermatt,46.60802465,8.62491507,,,,,3.0,,,,True,0.0,1.0,0.0,offpiste,3,0
2019-03-13,2.0,2018/19,VS,Oberems,46.24039026,7.70570904,250.0,2000.0,E,,2.0,,,,False,1.0,1.0,1.0,tour,3,1
2019-03-15,0.0,2018/19,GR,Zuoz,46.60930745,9.87367913,0.0,2800.0,S,,3.0,,,,True,0.0,6.0,3.0,tour,3,0
2019-03-17,0.0,2018/19,VS,Martigny-Combe,46.02668509,7.0437267,0.0,2700.0,NE,,2.0,,,,True,0.0,1.0,0.0,tour,3,0
2019-03-17,0.0,2018/19,GR,Samedan,46.53349727,9.81562547,100.0,2850.0,N,,2.0,,,,True,0.0,4.0,0.0,,3,0
2019-03-24,0.0,2018/19,VS,Orsières,46.03406265,7.07066754,0.0,2285.0,NE,40_45,1.0,,2.0,,True,1.0,4.0,2.0,tour,3,1
2019-03-30,0.0,2018/19,UR,Attinghausen,46.84203643,8.55206172,100.0,2160.0,SE,,1.0,,2.0,,True,0.0,1.0,0.0,tour,3,0
2019-04-05,0.0,2018/19,UR,Realp,46.58993875,8.4877577,0.0,1860.0,NE,,4.0,,,,False,0.0,1.0,0.0,transportation.corridor,4,0
2019-04-05,0.0,2018/19,GR,Davos,46.78754513,9.85055671,250.0,2050.0,NE,,3.0,,,,True,0.0,1.0,0.0,offpiste,4,0
2019-04-05,0.0,2018/19,GR,Arosa,46.83936392,9.79539744,0.0,2700.0,NW,,3.0,,,,True,0.0,1.0,0.0,offpiste,4,0
2019-04-09,0.0,2018/19,UR,Göschenen,46.65841058,8.52514989,0.0,1750.0,E,,2.0,,,,False,0.0,1.0,1.0,transportation.corridor,4,0
2019-04-20,0.0,2018/19,UR,Andermatt,46.63911575,8.62847117,0.0,2100.0,NW,,1.0,,3.0,,True,0.0,1.0,0.0,tour,4,0
2019-04-22,0.0,2018/19,VS,Bourg-Saint-Pierre,45.92183762,7.24955168,100.0,2300.0,N,,1.0,,2.0,,True,0.0,1.0,0.0,tour,4,0
2019-04-26,0.0,2018/19,VS,Fieschertal,46.51568559,8.08104771,250.0,3400.0,SW,,3.0,,,,False,4.0,4.0,4.0,tour,4,1
2019-04-26,0.0,2018/19,VS,Blatten,46.46951762,7.96202098,100.0,3400.0,NW,,3.0,,,,True,0.0,5.0,0.0,tour,4,0
2019-04-30,0.0,2018/19,BE,Guttannen,46.59424823,8.28934524,100.0,2680.0,S,,2.0,,,,True,0.0,6.0,0.0,tour,4,0
2019-05-07,0.0,2018/19,GR,Davos,46.76654353,9.91510381,0.0,2790.0,N,,2.0,,,,True,0.0,1.0,0.0,tour,5,0
2019-05-11,0.0,2018/19,VS,Bagnes,45.96096049,7.30810472,0.0,3310.0,NW,40_45,2.0,,,,True,1.0,6.0,3.0,tour,5,1
2019-05-12,0.0,2018/19,VS,Saint-Martin,46.11665654,7.42867708,100.0,2800.0,NE,,2.0,,,,True,0.0,2.0,0.0,tour,5,0
2019-05-16,0.0,2018/19,VS,Obergoms,46.56165177,8.35245359,,1927.0,SE,,,,,,,0.0,1.0,1.0,transportation.corridor,5,0
2019-06-23,0.0,2018/19,BE,Lauterbrunnen,46.57442554,7.99635233,0.0,3300.0,W,,,,,,,0.0,1.0,0.0,tour,6,0
2019-10-26,0.0,2019/20,VS,Saas-Fee,46.04861743,7.89069329,0.0,3728.0,N,,,,,,,0.0,4.0,0.0,tour,10,0
2019-11-09,0.0,2019/20,VS,Saas-Fee,46.06723322,7.92017129,0.0,3030.0,NW,,,,,,,0.0,1.0,0.0,offpiste,11,0
2019-11-30,0.0,2019/20,UR,Realp,46.54333074,8.4658238,0.0,2889.0,E,,3.0,,,,True,0.0,1.0,0.0,tour,11,0
2019-12-01,0.0,2019/20,SG,Nesslau,47.24123835,9.31717756,250.0,2070.0,NW,,3.0,,,,True,0.0,1.0,0.0,tour,12,0
2019-12-07,0.0,2019/20,VS,Simplon,46.23175155,7.99911739,0.0,2135.0,E,,2.0,,,,False,0.0,1.0,0.0,tour,12,0
2019-12-14,0.0,2019/20,VS,Lens,46.32636188,7.48313725,0.0,2000.0,S,,4.0,,,,True,0.0,1.0,0.0,offpiste,12,0
2019-12-14,0.0,2019/20,SG,Buchs,47.14400634,9.41788043,0.0,1710.0,NE,,3.0,,,,False,0.0,1.0,0.0,tour,12,0
2019-12-15,0.0,2019/20,OW,Engelberg,46.7911678,8.40837071,0.0,2040.0,NW,40_45,3.0,,,,True,1.0,1.0,1.0,offpiste,12,1
2019-12-15,0.0,2019/20,GR,Arosa,46.83185322,9.79695669,0.0,2733.0,E,,3.0,,,,True,0.0,1.0,0.0,offpiste,12,0
2019-12-15,0.0,2019/20,GR,Ilanz/Glion,46.75685286,9.26979064,100.0,2080.0,N,,3.0,,,,True,0.0,2.0,0.0,tour,12,0
2019-12-15,0.0,2019/20,GR,Avers,46.4101986,9.5229536,0.0,2820.0,NE,,3.0,,,,True,0.0,1.0,0.0,tour,12,0
2019-12-18,0.0,2019/20,UR,Andermatt,46.60042724,8.60881147,100.0,2840.0,NW,,3.0,,,,True,0.0,5.0,0.0,transportation.corridor,12,0
2019-12-22,0.0,2019/20,VS,Nendaz,46.14057638,7.29637769,0.0,2403.0,SE,,3.0,,,,True,0.0,2.0,1.0,offpiste,12,0
2019-12-23,0.0,2019/20,VS,Isérables,46.1400672,7.29213443,0.0,2386.0,N,,4.0,,,,True,0.0,1.0,0.0,offpiste,12,0
2019-12-23,0.0,2019/20,GR,Davos,46.7929901,9.88439902,100.0,2380.0,W,,3.0,,,,True,0.0,1.0,0.0,tour,12,0
2019-12-26,0.0,2019/20,UR,Andermatt,46.66544842,8.6725029,0.0,2250.0,S,35_40,3.0,,,,True,0.0,6.0,0.0,transportation.corridor,12,0
2019-12-27,0.0,2019/20,VS,Bagnes,46.09889376,7.26600776,100.0,2600.0,W,,3.0,,,,True,0.0,1.0,0.0,offpiste,12,0
2019-12-28,0.0,2019/20,GR,Davos,46.77174892,9.90705157,0.0,2639.0,E,,3.0,,,,True,0.0,1.0,0.0,tour,12,0
2019-12-29,0.0,2019/20,GR,Bever,46.53562088,9.69647298,0.0,3322.0,SE,,3.0,,,,True,0.0,3.0,0.0,tour,12,0
2020-01-02,0.0,2019/20,UR,Unterschächen,46.85154583,8.83494586,0.0,2166.0,NW,,2.0,,2.0,,True,0.0,1.0,0.0,tour,1,0
2020-01-03,0.0,2019/20,UR,Realp,46.57844069,8.46613811,250.0,2230.0,N,30_35,2.0,,2.0,,True,0.0,1.0,0.0,tour,1,0
2020-01-03,0.0,2019/20,VS,Orsières,45.89047764,7.10527891,0.0,2191.0,N,,2.0,,2.0,,True,0.0,1.0,0.0,tour,1,0
2020-01-18,0.0,2019/20,SG,Nesslau,47.24059618,9.31572817,100.0,2100.0,W,40_45,2.0,,,,True,0.0,1.0,0.0,tour,1,0
2020-01-24,0.0,2019/20,VS,Mont-Noble,46.18973133,7.49549906,0.0,2600.0,NE,40_45,1.0,,,,True,0.0,1.0,0.0,tour,1,0
2020-01-24,0.0,2019/20,GR,Davos,46.76864405,9.95893569,0.0,2727.0,NW,,1.0,,,,True,0.0,1.0,0.0,tour,1,0
2020-01-25,0.0,2019/20,GR,Davos,46.77166962,9.91071563,0.0,2575.0,N,,1.0,,,,True,0.0,1.0,0.0,tour,1,0
2020-01-29,0.0,2019/20,OW,Kerns,46.78390583,8.26811077,100.0,1700.0,N,,3.0,,,,True,0.0,1.0,0.0,offpiste,1,0
2020-01-29,0.0,2019/20,GR,Vals,46.59945744,9.10973119,0.0,2625.0,NE,35_40,3.0,,,,True,0.0,1.0,0.0,tour,1,0
2020-01-29,0.0,2019/20,NW,Wolfenschiessen,46.78276183,8.38084877,100.0,2310.0,NE,45_90,3.0,,,,True,0.0,4.0,0.0,offpiste,1,0
2020-01-29,0.0,2019/20,NW,Wolfenschiessen,46.90419595,8.44053221,0.0,1880.0,NE,,3.0,,,,True,0.0,1.0,0.0,offpiste,1,0
2020-01-30,,2019/20,VS,Bagnes,46.10087236,7.26574287,0.0,2600.0,SW,35_40,3.0,,,,True,0.0,2.0,2.0,offpiste,1,0
2020-01-30,0.0,2019/20,VS,Bagnes,46.09673326,7.26498014,0.0,2580.0,W,,3.0,,,,True,0.0,1.0,0.0,offpiste,1,0
2020-01-30,0.0,2019/20,BE,Guggisberg,46.69477982,7.36581663,100.0,1560.0,N,,3.0,,,,False,0.0,1.0,0.0,tour,1,0
2020-01-30,0.0,2019/20,NW,Wolfenschiessen,46.90946407,8.43990838,,1630.0,NE,,3.0,,,,True,0.0,1.0,0.0,offpiste,1,0
2020-01-30,0.0,2019/20,VS,Nendaz,46.13640961,7.34663433,100.0,2580.0,NW,30_35,3.0,,,,True,0.0,2.0,1.0,tour,1,0
2020-01-30,0.0,2019/20,GR,Klosters-Serneus,46.84306147,9.80981629,0.0,2570.0,W,,3.0,,,,True,0.0,1.0,0.0,offpiste,1,0
2020-01-31,0.0,2019/20,VS,Mont-Noble,46.2000322,7.49356655,0.0,2580.0,E,,3.0,,,,True,0.0,1.0,0.0,offpiste,1,0
2020-01-31,0.0,2019/20,VS,Oberems,46.23950982,7.65462468,0.0,3000.0,SE,30_35,3.0,,,,True,0.0,4.0,0.0,tour,1,0
2020-01-31,0.0,2019/20,BE,Diemtigen,46.54419205,7.51464502,100.0,1790.0,W,,3.0,,,,True,0.0,1.0,0.0,tour,1,0
2020-01-31,0.0,2019/20,VS,Evolène,46.04325133,7.46305201,0.0,2580.0,E,30_35,3.0,,,,True,0.0,2.0,0.0,offpiste,1,0
2020-01-31,0.0,2019/20,VS,Evolène,46.043607,7.47777864,100.0,2230.0,E,,3.0,,,,True,0.0,1.0,0.0,offpiste,1,0
2020-02-01,0.0,2019/20,GR,Davos,46.76746818,9.91396752,0.0,2730.0,NE,,3.0,,,,True,0.0,1.0,0.0,tour,2,0
2020-02-01,0.0,2019/20,VS,Anniviers,46.19387999,7.5434316,0.0,2710.0,NE,,3.0,,,,True,0.0,1.0,0.0,offpiste,2,0
2020-02-01,0.0,2019/20,GR,Davos,46.78721131,9.86207188,,1730.0,NE,,3.0,,,,False,0.0,1.0,0.0,offpiste,2,0
2020-02-01,0.0,2019/20,GR,Davos,46.75126991,9.86359762,0.0,2460.0,NW,,3.0,,,,True,0.0,1.0,0.0,offpiste,2,0
2020-02-01,0.0,2019/20,GR,Davos,46.78305771,9.75432445,0.0,2520.0,NE,,3.0,,,,True,0.0,1.0,0.0,tour,2,0
2020-02-05,0.0,2019/20,VS,Bourg-Saint-Pierre,45.88010599,7.20513251,0.0,2720.0,W,,3.0,,,,True,0.0,2.0,0.0,tour,2,0
2020-02-07,0.0,2019/20,GR,Davos,46.78578121,9.89947979,0.0,2535.0,E,,3.0,,,,True,0.0,1.0,0.0,tour,2,0
2020-02-08,0.0,2019/20,VS,Anniviers,46.22559581,7.63875692,0.0,2550.0,NW,,2.0,,,,True,0.0,1.0,0.0,offpiste,2,0
2020-02-09,0.0,2019/20,UR,Realp,46.56443164,8.42256843,0.0,2710.0,NE,,2.0,,,,True,0.0,2.0,0.0,tour,2,0
2020-02-13,0.0,2019/20,VS,Simplon,46.19212512,7.99180577,0.0,3145.0,N,40_45,2.0,,,,True,2.0,3.0,2.0,tour,2,1
2020-02-14,0.0,2019/20,VS,Zermatt,45.98806765,7.70473572,0.0,2590.0,SE,,3.0,,,,True,0.0,1.0,0.0,offpiste,2,0
2020-02-14,0.0,2019/20,VS,Crans-Montana,46.36652723,7.51660558,0.0,2530.0,E,35_40,3.0,,,,True,0.0,1.0,0.0,offpiste,2,0
2020-02-16,0.0,2019/20,GR,Davos,46.68766754,9.81967288,0.0,2690.0,E,,2.0,,,,True,0.0,5.0,0.0,tour,2,0
2020-02-16,0.0,2019/20,GR,Davos,46.69179669,9.80939198,0.0,2566.0,NW,,2.0,,,,True,0.0,1.0,0.0,tour,2,0
2020-02-18,0.0,2019/20,VS,Bagnes,46.01962378,7.20505347,100.0,2370.0,NE,,2.0,,,,True,0.0,1.0,0.0,tour,2,0
2020-02-18,0.0,2019/20,VS,Nendaz,46.08439558,7.32468035,100.0,3058.0,NE,,2.0,,,,True,0.0,1.0,0.0,offpiste,2,0
2020-02-20,0.0,2019/20,GR,Davos,46.77377329,9.84640315,0.0,2470.0,NW,,2.0,,,,True,0.0,1.0,0.0,offpiste,2,0
2020-02-28,0.0,2019/20,GR,Arosa,46.83317331,9.79883731,250.0,2700.0,E,,3.0,,,,True,0.0,1.0,0.0,offpiste,2,0
2020-02-28,0.0,2019/20,GR,Davos,46.72884214,9.80447743,0.0,2260.0,SW,,3.0,,,,True,0.0,1.0,0.0,offpiste,2,0
2020-02-29,0.0,2019/20,VS,Guttet-Feschel,46.37477155,7.67114843,100.0,2830.0,SE,,3.0,,,,True,0.0,1.0,0.0,offpiste,2,0
2020-03-01,0.0,2019/20,VS,Salvan,46.12641255,6.97572899,0.0,2434.0,E,,3.0,,,,True,0.0,1.0,0.0,offpiste,3,0
2020-03-02,0.0,2019/20,GR,Valsot,46.88829548,10.23558497,0.0,2853.0,E,0_30,2.0,,,,True,0.0,2.0,0.0,tour,3,0
2020-03-03,0.0,2019/20,VS,Val-d’Illiez,46.18601521,6.81759723,0.0,2150.0,SE,,4.0,,,,True,0.0,1.0,1.0,transportation.corridor,3,0
2020-03-03,0.0,2019/20,BE,Rüschegg,46.70136975,7.43608754,0.0,2100.0,E,35_40,3.0,,,,True,0.0,1.0,0.0,tour,3,0
2020-03-04,0.0,2019/20,GR,S-chanf,46.63006022,9.95809739,250.0,2690.0,SE,,3.0,,,,True,0.0,1.0,0.0,tour,3,0
2020-03-05,0.0,2019/20,VS,Isérables,46.13869074,7.29202166,0.0,2410.0,NW,,3.0,,,,True,0.0,1.0,0.0,offpiste,3,0
2020-03-07,0.0,2019/20,TI,Blenio,46.49297976,9.01529125,100.0,2510.0,W,,3.0,,,,True,0.0,1.0,0.0,tour,3,0
2020-03-07,0.0,2019/20,VS,Saint-Martin,46.12214416,7.44277692,0.0,2490.0,NW,35_40,3.0,,,,True,0.0,1.0,0.0,offpiste,3,0
2020-03-07,0.0,2019/20,VS,Champéry,46.1565911,6.80006798,500.0,1660.0,E,,3.0,,,,False,0.0,1.0,0.0,offpiste,3,0
2020-03-07,0.0,2019/20,TI,Bedretto,46.47738769,8.448726,,1950.0,SE,,3.0,,,,False,0.0,1.0,0.0,tour,3,0
2020-03-08,0.0,2019/20,GR,Davos,46.69106251,9.81223704,0.0,2640.0,NW,,2.0,,,,True,0.0,1.0,0.0,tour,3,0
2020-03-08,0.0,2019/20,SZ,Riemenstalden,46.92688426,8.72269316,100.0,2180.0,NW,,3.0,,,,True,0.0,1.0,0.0,tour,3,0
2020-03-08,0.0,2019/20,VS,Port-Valais,46.3574205,6.82382392,0.0,2080.0,NE,40_45,3.0,,,,True,0.0,1.0,0.0,tour,3,0
2020-03-08,0.0,2019/20,VS,Blatten,46.45199087,7.82323776,250.0,2670.0,SE,,3.0,,,,True,0.0,1.0,0.0,,3,0
2020-03-08,0.0,2019/20,NW,Wolfenschiessen,46.86015196,8.46181109,100.0,2340.0,NW,,2.0,,,,True,0.0,1.0,0.0,tour,3,0
2020-03-09,0.0,2019/20,GR,Zuoz,46.58192555,10.00166994,0.0,2620.0,W,,2.0,,,,True,0.0,4.0,1.0,tour,3,0
2020-03-11,0.0,2019/20,GR,Lantsch/Lenz,46.74176735,9.59742842,0.0,2820.0,SW,,3.0,,,,True,0.0,1.0,0.0,offpiste,3,0
2020-03-11,0.0,2019/20,VS,Evolène,45.98666838,7.47064044,0.0,3240.0,E,,3.0,,,,True,0.0,1.0,1.0,tour,3,0
2020-03-17,0.0,2019/20,GR,Arosa,46.74025512,9.68965182,0.0,2690.0,NE,,2.0,,2.0,,True,0.0,1.0,0.0,tour,3,0
2020-05-07,0.0,2019/20,BE,Guttannen,46.58196299,8.13089101,0.0,3880.0,S,45_90,,,,,,1.0,1.0,1.0,tour,5,1
2020-05-08,0.0,2019/20,VS,Evolène,45.95703972,7.53175748,0.0,3360.0,N,40_45,,,,,,1.0,2.0,2.0,tour,5,1
2020-05-09,0.0,2019/20,BE,Innertkirchen,46.75286059,8.43778619,100.0,2945.0,S,,,,,,,0.0,1.0,0.0,tour,5,0
2020-05-20,0.0,2019/20,VS,Bettmeralp,46.47449852,8.01109277,0.0,3450.0,S,,,,,,,0.0,1.0,0.0,tour,5,0
2020-05-21,0.0,2019/20,UR,Silenen,46.82567274,8.83038198,0.0,3200.0,E,,,,,,,0.0,1.0,0.0,tour,5,0
2020-06-06,0.0,2019/20,GR,Zernez,46.72968501,9.96655084,100.0,2750.0,,,,,,,,0.0,1.0,0.0,tour,6,0
2020-09-27,0.0,2019/20,AI,Schwende,47.27392173,9.39420815,0.0,1640.0,S,,,,,,,0.0,1.0,1.0,tour,9,0
2020-11-18,0.0,2020/21,GL,Glarus,47.01180827,9.01837016,0.0,2480.0,N,45_90,,,,,,1.0,1.0,1.0,tour,11,1
2020-12-05,0.0,2020/21,AR,Hundwil,47.25059824,9.34059113,0.0,2330.0,W,,2.0,,,,True,0.0,1.0,0.0,tour,12,0
2020-12-05,0.0,2020/21,VS,Saas-Almagell,46.06233093,7.93051788,0.0,3015.0,NE,45_90,3.0,,,,True,0.0,2.0,0.0,tour,12,0
2020-12-07,0.0,2020/21,NW,Wolfenschiessen,46.7864972,8.40750085,0.0,2090.0,NW,35_40,3.0,,,,True,1.0,3.0,1.0,offpiste,12,1
2020-12-07,0.0,2020/21,NW,Wolfenschiessen,46.78489091,8.38230042,0.0,2076.0,E,45_90,3.0,,,,True,0.0,1.0,0.0,offpiste,12,0
2020-12-08,0.0,2020/21,VS,Crans-Montana,46.36905629,7.49984523,0.0,2820.0,S,35_40,2.0,,,,False,1.0,1.0,1.0,offpiste,12,1
2020-12-08,0.0,2020/21,UR,Bürglen,46.92581082,8.79095279,0.0,2075.0,E,35_40,3.0,,,,True,0.0,1.0,1.0,tour,12,0
2020-12-10,0.0,2020/21,OW,Engelberg,46.78994427,8.4178708,0.0,2340.0,N,35_40,3.0,,,,True,0.0,2.0,0.0,offpiste,12,0
2020-12-10,0.0,2020/21,GR,Luzein,46.9661795,9.87387485,0.0,2377.0,NW,40_45,3.0,,,,False,0.0,2.0,0.0,tour,12,0
2020-12-10,0.0,2020/21,VS,Saas-Fee,46.05674116,7.90160143,0.0,3370.0,NW,40_45,3.0,,,,True,1.0,1.0,1.0,offpiste,12,1
2020-12-10,0.0,2020/21,VS,Zermatt,45.95605393,7.7005175,0.0,3303.0,N,45_90,3.0,,,,True,0.0,1.0,0.0,offpiste,12,0
2020-12-11,0.0,2020/21,VS,Ried-Brig,46.26079721,8.06466768,0.0,2655.0,N,,3.0,,,,True,0.0,1.0,0.0,tour,12,0
2020-12-11,0.0,2020/21,GR,Samedan,46.49600423,9.94375113,100.0,3100.0,NW,45_90,3.0,,,,True,0.0,1.0,0.0,tour,12,0
2020-12-11,0.0,2020/21,FR,Gruyères,46.55290602,7.01632642,0.0,1620.0,N,45_90,2.0,,,,False,0.0,1.0,0.0,tour,12,0
2020-12-13,0.0,2020/21,TI,Bedretto,46.50800534,8.4654537,0.0,2700.0,NE,35_40,2.0,,,,True,1.0,1.0,1.0,tour,12,1
2020-12-13,0.0,2020/21,TI,Bedretto,46.49909764,8.47056108,0.0,2170.0,SE,40_45,2.0,,,,True,0.0,1.0,0.0,tour,12,0
2020-12-13,0.0,2020/21,TI,Bedretto,46.48120225,8.53227675,0.0,2570.0,NW,40_45,2.0,,,,True,0.0,1.0,0.0,tour,12,0
2020-12-16,0.0,2020/21,VS,Nendaz,46.08054867,7.3190394,0.0,3260.0,NE,45_90,3.0,,,,True,0.0,1.0,0.0,offpiste,12,0
2020-12-17,0.0,2020/21,VS,Nendaz,46.09706449,7.30321495,0.0,2580.0,N,35_40,3.0,,,,True,0.0,1.0,0.0,offpiste,12,0
2020-12-17,0.0,2020/21,UR,Erstfeld,46.83205003,8.5521174,0.0,2425.0,NE,40_45,2.0,,,,True,1.0,1.0,1.0,tour,12,1
2020-12-18,0.0,2020/21,VS,Zermatt,45.98367315,7.73542562,,2500.0,,,3.0,,,,True,0.0,1.0,0.0,,12,0
2020-12-19,0.0,2020/21,VS,Törbel,46.24069153,7.79258761,0.0,2812.0,E,35_40,3.0,,,,True,0.0,1.0,0.0,tour,12,0
2020-12-22,0.0,2020/21,GR,Avers,46.40591972,9.58113326,0.0,2975.0,NE,40_45,2.0,,,,True,0.0,1.0,0.0,tour,12,0
2020-12-26,0.0,2020/21,VS,Nendaz,46.10309242,7.28968601,0.0,2610.0,NE,35_40,3.0,,,,True,0.0,2.0,0.0,offpiste,12,0
2020-12-26,0.0,2020/21,VS,Nendaz,46.10439609,7.28917809,0.0,2575.0,NE,40_45,3.0,,,,True,0.0,3.0,0.0,offpiste,12,0
2020-12-26,0.0,2020/21,TI,Cevio,46.46625517,8.49756389,0.0,2750.0,W,40_45,3.0,,,,True,0.0,1.0,0.0,tour,12,0
2020-12-26,0.0,2020/21,VS,Nendaz,46.08829498,7.29678535,100.0,2950.0,N,45_90,3.0,,,,True,0.0,5.0,1.0,offpiste,12,0
2020-12-26,0.0,2020/21,GR,Küblis,46.93630855,9.82391956,100.0,2260.0,SE,30_35,3.0,,,,True,0.0,1.0,0.0,tour,12,0
2020-12-26,0.0,2020/21,GR,Avers,46.42114119,9.58043345,0.0,2840.0,E,30_35,3.0,,,,True,0.0,1.0,0.0,tour,12,0
2020-12-26,0.0,2020/21,GR,Vaz/Obervaz,46.74919492,9.51528755,0.0,2340.0,SE,40_45,3.0,,,,False,0.0,1.0,0.0,offpiste,12,0
2020-12-26,0.0,2020/21,VS,Evolène,46.02157502,7.43743634,0.0,2860.0,E,35_40,3.0,,,,True,0.0,2.0,2.0,tour,12,0
2020-12-27,0.0,2020/21,BE,Rüschegg,46.69950769,7.44089917,0.0,1950.0,N,45_90,3.0,,,,True,0.0,2.0,0.0,tour,12,0
2020-12-27,0.0,2020/21,TI,Bedretto,46.47844385,8.44426591,0.0,2100.0,SE,30_35,3.0,,,,False,0.0,1.0,0.0,tour,12,0
2020-12-28,0.0,2020/21,BE,Hasliberg,46.74753026,8.23855013,0.0,1790.0,NE,0_30,4.0,,,,False,0.0,1.0,0.0,transportation.corridor,12,0
2020-12-29,0.0,2020/21,BE,Lauterbrunnen,46.60621947,7.84978674,100.0,2260.0,N,35_40,3.0,,,,True,0.0,2.0,0.0,tour,12,0
2020-12-29,0.0,2020/21,GR,Scuol,46.81689015,10.25169699,0.0,2471.0,SE,40_45,3.0,,,,True,0.0,1.0,0.0,offpiste,12,0
2020-12-29,0.0,2020/21,GR,Madulain,46.59152261,9.91582888,0.0,2270.0,NE,30_35,3.0,,,,True,0.0,1.0,0.0,tour,12,0
2020-12-29,0.0,2020/21,VS,Hérémence,46.11356928,7.35740847,0.0,3020.0,NE,35_40,3.0,,,,True,1.0,1.0,1.0,tour,12,1
2020-12-30,0.0,2020/21,GR,Mesocco,46.49107581,9.19709908,0.0,2440.0,SE,45_90,3.0,,,,True,0.0,1.0,0.0,tour,12,0
2020-12-31,0.0,2020/21,BE,Villeret,47.13041074,7.03560302,0.0,1400.0,E,35_40,2.0,,,,True,0.0,1.0,0.0,tour,12,0
2020-12-31,0.0,2020/21,VS,Saillon,46.18937531,7.11294583,0.0,2530.0,E,35_40,3.0,,,,True,0.0,2.0,1.0,tour,12,0
2020-12-31,0.0,2020/21,BE,Villeret,47.13649568,7.03172135,0.0,1320.0,NE,35_40,2.0,,,,False,1.0,1.0,0.0,tour,12,1
2021-01-01,0.0,2020/21,VS,Kippel,46.41462166,7.74693782,250.0,2580.0,NE,,3.0,,,,True,0.0,1.0,0.0,tour,1,0
2021-01-03,0.0,2020/21,GR,Silvaplana,46.43740503,9.82729207,0.0,2540.0,N,30_35,3.0,,,,True,0.0,1.0,0.0,offpiste,1,0
2021-01-08,0.0,2020/21,GR,Pontresina,46.47306274,9.99940881,0.0,2840.0,W,35_40,2.0,,,,True,0.0,1.0,0.0,tour,1,0
2021-01-09,0.0,2020/21,VS,Simplon,46.24242779,8.00489316,0.0,2070.0,E,35_40,3.0,,,,True,0.0,1.0,0.0,tour,1,0
2021-01-09,0.0,2020/21,NW,Beckenried,46.9098538,8.47696038,0.0,2070.0,NW,30_35,1.0,,,,True,0.0,1.0,0.0,tour,1,0
2021-01-09,0.0,2020/21,VS,Brig-Glis,46.26339266,8.01112951,0.0,2210.0,N,30_35,3.0,,,,False,0.0,1.0,0.0,tour,1,0
2021-01-09,0.0,2020/21,VS,Chamoson,46.22439854,7.14708289,0.0,2480.0,NE,35_40,2.0,,,,True,0.0,2.0,0.0,tour,1,0
2021-01-10,0.0,2020/21,BE,Diemtigen,46.63286693,7.60932815,0.0,1955.0,NW,0_30,2.0,,,,False,0.0,1.0,0.0,tour,1,0
2021-01-10,0.0,2020/21,VS,Ried-Brig,46.28590701,8.10828307,0.0,2480.0,N,40_45,2.0,,,,True,0.0,1.0,0.0,tour,1,0
2021-01-10,0.0,2020/21,FR,Haut-Intyamon,46.49440885,7.10331081,0.0,1880.0,NW,35_40,2.0,,,,True,0.0,1.0,0.0,tour,1,0
2021-01-10,0.0,2020/21,GR,Davos,46.72492487,9.823177,0.0,2780.0,NE,45_90,2.0,,,,True,0.0,1.0,0.0,tour,1,0
2021-01-10,0.0,2020/21,VS,Saint-Gingolph,46.36560402,6.82497882,0.0,1580.0,N,30_35,2.0,,,,False,0.0,1.0,0.0,tour,1,0
2021-01-11,0.0,2020/21,GR,Poschiavo,46.43627464,10.04617629,0.0,2460.0,SE,35_40,2.0,,,,True,0.0,1.0,0.0,tour,1,0
2021-01-11,0.0,2020/21,FR,Grandvillard,46.51958319,7.13709241,,2009.0,SW,,2.0,,,,True,0.0,1.0,0.0,,1,0
2021-01-13,0.0,2020/21,BE,Hasliberg,46.74409142,8.23889173,0.0,1880.0,NW,35_40,3.0,,,,True,0.0,1.0,0.0,offpiste,1,0
2021-01-14,0.0,2020/21,VS,Leytron,46.19919895,7.14598697,0.0,1800.0,SE,35_40,4.0,,,,True,0.0,1.0,0.0,offpiste,1,0
2021-01-14,0.0,2020/21,VS,Champéry,46.17660284,6.80897623,0.0,2020.0,SE,35_40,4.0,,,,True,0.0,1.0,0.0,offpiste,1,0
2021-01-14,0.0,2020/21,SG,Nesslau,47.22385216,9.23275553,0.0,1330.0,NW,40_45,3.0,,,,True,0.0,3.0,0.0,tour,1,0
2021-01-15,0.0,2020/21,BE,Grindelwald,46.65244252,8.05301847,0.0,1740.0,SW,40_45,4.0,,,,False,0.0,1.0,0.0,offpiste,1,0
2021-01-15,0.0,2020/21,GR,Davos,46.77484375,9.84343817,0.0,2370.0,NW,40_45,4.0,,,,True,0.0,1.0,1.0,offpiste,1,0
2021-01-15,0.0,2020/21,NW,Emmetten,46.94776006,8.5314605,0.0,1430.0,NW,35_40,4.0,,,,False,1.0,2.0,1.0,offpiste,1,1
2021-01-15,0.0,2020/21,NW,Wolfenschiessen,46.9038222,8.44006585,0.0,1910.0,NE,40_45,4.0,,,,True,0.0,1.0,0.0,offpiste,1,0
2021-01-16,0.0,2020/21,SZ,Morschach,46.96109887,8.67095007,0.0,1715.0,N,45_90,4.0,,,,True,1.0,1.0,1.0,offpiste,1,1
2021-01-16,0.0,2020/21,OW,Engelberg,46.79019128,8.41739067,0.0,2320.0,NW,40_45,4.0,,,,True,1.0,3.0,0.0,offpiste,1,1
2021-01-16,0.0,2020/21,VS,Albinen,46.36497111,7.66431042,0.0,2575.0,S,30_35,3.0,,,,True,0.0,1.0,0.0,tour,1,0
2021-01-16,0.0,2020/21,NW,Wolfenschiessen,46.90534079,8.44026477,100.0,1830.0,N,40_45,4.0,,,,True,0.0,1.0,1.0,offpiste,1,0
2021-01-16,0.0,2020/21,VS,Evolène,46.02104945,7.4680522,0.0,2330.0,E,35_40,3.0,,,,True,0.0,1.0,0.0,offpiste,1,0
2021-01-16,0.0,2020/21,VD,Ormont-Dessus,46.37127271,7.19773263,0.0,2040.0,NW,40_45,3.0,,,,True,0.0,2.0,0.0,tour,1,0
2021-01-16,0.0,2020/21,VS,Naters,46.36906373,7.98371894,,1639.0,NE,,3.0,,,,True,0.0,1.0,0.0,,1,0
2021-01-16,0.0,2020/21,GR,Davos,46.78625592,9.84938528,0.0,2180.0,NE,40_45,4.0,,,,True,0.0,2.0,0.0,offpiste,1,0
2021-01-16,0.0,2020/21,VS,Kippel,46.41884524,7.74188894,0.0,2700.0,S,40_45,3.0,,,,True,0.0,1.0,1.0,offpiste,1,0
2021-01-16,0.0,2020/21,VS,Anniviers,46.20979022,7.55559029,0.0,2085.0,NE,35_40,3.0,,,,True,0.0,1.0,1.0,tour,1,0
2021-01-16,0.0,2020/21,VS,Zermatt,45.98909203,7.78458507,0.0,2940.0,NE,45_90,3.0,,,,True,0.0,1.0,1.0,offpiste,1,0
2021-01-16,0.0,2020/21,VS,Nendaz,46.08912474,7.29852857,0.0,2930.0,NW,40_45,3.0,,,,True,0.0,1.0,0.0,offpiste,1,0
2021-01-16,0.0,2020/21,GR,Klosters-Serneus,46.86019387,9.84312271,0.0,2190.0,N,40_45,4.0,,,,True,1.0,2.0,1.0,offpiste,1,1
2021-01-17,0.0,2020/21,BE,Saanen,46.45510458,7.32552864,0.0,2030.0,W,40_45,3.0,,,,True,1.0,3.0,1.0,offpiste,1,1
2021-01-18,0.0,2020/21,VS,Nendaz,46.09291211,7.29873866,0.0,2770.0,N,40_45,3.0,,,,True,1.0,1.0,1.0,offpiste,1,1
2021-01-19,0.0,2020/21,VS,Evolène,46.09669825,7.56405035,250.0,2920.0,SW,,3.0,,,,True,0.0,3.0,0.0,tour,1,0
2021-01-20,0.0,2020/21,VS,Evolène,46.03409663,7.43958007,100.0,3180.0,SE,,3.0,,,,True,0.0,1.0,0.0,tour,1,0
2021-01-21,0.0,2020/21,VS,Unterbäch,46.23147112,7.75295284,250.0,2875.0,NE,,3.0,,,,True,0.0,3.0,1.0,tour,1,0
2021-01-22,0.0,2020/21,OW,Kerns,46.83224516,8.30036657,0.0,1190.0,NW,,3.0,,,,False,0.0,1.0,0.0,tour,1,0
2021-01-23,0.0,2020/21,TI,Bedretto,46.49902076,8.46713336,100.0,2180.0,S,,3.0,,,,True,0.0,1.0,0.0,,1,0
2021-01-23,0.0,2020/21,VS,Nendaz,46.1155524,7.27746724,0.0,2710.0,NE,40_45,3.0,,,,True,1.0,2.0,2.0,tour,1,1
2021-01-23,0.0,2020/21,FR,Plaffeien,46.66239842,7.36980617,100.0,1700.0,W,,3.0,,,,False,0.0,2.0,0.0,tour,1,0
2021-01-23,0.0,2020/21,GR,Vaz/Obervaz,46.75229537,9.59079326,100.0,2300.0,W,,3.0,,,,True,0.0,1.0,0.0,offpiste,1,0
2021-01-23,0.0,2020/21,TI,Faido,46.50628898,8.81575179,100.0,2030.0,SW,,3.0,,,,True,0.0,1.0,1.0,tour,1,0
2021-01-23,0.0,2020/21,GR,Avers,46.44169429,9.54149062,100.0,2380.0,NE,,3.0,,,,True,0.0,2.0,1.0,offpiste,1,0
2021-01-24,0.0,2020/21,VS,Anniviers,46.19675234,7.54040583,100.0,2700.0,E,,3.0,,,,True,0.0,1.0,1.0,offpiste,1,0
2021-01-24,0.0,2020/21,VS,Orsières,46.02702286,7.19878436,100.0,2330.0,W,,3.0,,,,True,0.0,1.0,0.0,tour,1,0
2021-01-24,0.0,2020/21,BE,Lauterbrunnen,46.5469626,7.8428568,100.0,2100.0,S,,3.0,,,,True,0.0,1.0,0.0,tour,1,0
2021-01-24,0.0,2020/21,SG,Amden,47.16962576,9.18782153,100.0,1620.0,NE,,3.0,,,,False,0.0,1.0,0.0,tour,1,0
2021-01-24,0.0,2020/21,VD,Ormont-Dessus,46.3666358,7.2087338,100.0,2000.0,NE,,3.0,,,,True,0.0,1.0,0.0,tour,1,0
2021-01-24,0.0,2020/21,BE,Lauterbrunnen,46.59057902,7.85880198,100.0,1950.0,N,,3.0,,,,True,0.0,1.0,0.0,tour,1,0
2021-01-24,0.0,2020/21,GR,Vaz/Obervaz,46.73748984,9.58518904,100.0,2380.0,NW,,3.0,,,,True,0.0,1.0,0.0,offpiste,1,0
2021-01-24,0.0,2020/21,VS,Anniviers,46.24417542,7.63146075,100.0,2730.0,N,,3.0,,,,True,0.0,1.0,0.0,offpiste,1,0
2021-01-24,0.0,2020/21,GR,Ilanz/Glion,46.82132578,9.18448861,100.0,2120.0,SE,,3.0,,,,False,0.0,1.0,0.0,offpiste,1,0
2021-01-25,0.0,2020/21,BE,Adelboden,46.4600918,7.5480333,100.0,1780.0,E,,3.0,,,,False,0.0,1.0,0.0,tour,1,0
2021-01-26,0.0,2020/21,BE,Grindelwald,46.6193078,7.94178523,100.0,2210.0,SE,,3.0,,,,True,0.0,1.0,0.0,offpiste,1,0
2021-01-26,0.0,2020/21,BE,Hasliberg,46.73249241,8.24319426,100.0,1920.0,NW,,3.0,,,,True,0.0,1.0,0.0,offpiste,1,0
2021-01-29,0.0,2020/21,BE,Lauterbrunnen,46.60621052,7.84977362,,2260.0,NW,,4.0,,,,True,0.0,1.0,0.0,tour,1,0
2021-01-30,0.0,2020/21,GR,Avers,46.42749466,9.57899262,100.0,2650.0,E,,3.0,,,,True,0.0,2.0,2.0,transportation.corridor,1,0
2021-01-31,0.0,2020/21,GR,Celerina/Schlarigna,46.51859564,9.80129503,,2685.0,SE,,3.0,,,,True,0.0,1.0,1.0,offpiste,1,0
2021-01-31,0.0,2020/21,GR,Scuol,46.82035197,10.2463576,500.0,2730.0,SE,,3.0,,,,True,0.0,3.0,0.0,offpiste,1,0
2021-01-31,0.0,2020/21,GR,Scuol,46.8270946,10.25510285,0.0,2530.0,E,,3.0,,,,True,0.0,2.0,0.0,offpiste,1,0
2021-01-31,0.0,2020/21,GR,Davos,46.69096378,9.76640508,,2490.0,E,,3.0,,,,True,0.0,1.0,0.0,tour,1,0
2021-01-31,0.0,2020/21,VS,Orsières,45.93124351,7.11415813,0.0,2020.0,N,40_45,4.0,,,,True,1.0,1.0,1.0,offpiste,1,1
2021-02-01,0.0,2020/21,NW,Wolfenschiessen,46.78647566,8.38864088,0.0,1960.0,N,35_40,3.0,,,,False,0.0,1.0,0.0,offpiste,2,0
2021-02-01,0.0,2020/21,GR,Scuol,46.80709646,10.16600099,0.0,2690.0,W,35_40,4.0,,,,True,0.0,2.0,0.0,tour,2,0
2021-02-01,0.0,2020/21,GR,Pontresina,46.41092771,9.95213121,,2675.0,SW,,3.0,,,,True,0.0,1.0,0.0,offpiste,2,0
2021-02-01,0.0,2020/21,GR,Scuol,46.6926537,10.37727681,0.0,2250.0,N,30_35,3.0,,,,True,0.0,1.0,0.0,tour,2,0
2021-02-02,0.0,2020/21,VS,Anniviers,46.05764641,7.64020936,,2500.0,,,3.0,,,,True,0.0,1.0,0.0,tour,2,0
2021-02-04,0.0,2020/21,TI,Bedretto,46.49728859,8.46866374,0.0,2100.0,S,30_35,3.0,,,,False,0.0,1.0,0.0,tour,2,0
2021-02-04,0.0,2020/21,GR,Celerina/Schlarigna,46.51275721,9.7916415,0.0,2850.0,SW,40_45,3.0,,,,True,1.0,2.0,1.0,offpiste,2,1
2021-02-06,0.0,2020/21,GR,Tujetsch,46.63430626,8.73055225,100.0,2750.0,NE,45_90,3.0,,,,True,0.0,1.0,0.0,tour,2,0
2021-02-07,0.0,2020/21,TI,Bedretto,46.48379167,8.47977714,0.0,1780.0,NW,40_45,3.0,,,,False,0.0,1.0,0.0,tour,2,0
2021-02-08,0.0,2020/21,VS,Simplon,46.19879193,8.03068678,0.0,1940.0,SE,40_45,3.0,,,,False,0.0,1.0,0.0,tour,2,0
2021-02-08,0.0,2020/21,TI,Faido,46.50698769,8.82119019,0.0,2040.0,E,35_40,3.0,,,,True,0.0,1.0,0.0,offpiste,2,0
2021-02-11,0.0,2020/21,TI,Bedretto,46.48930429,8.43075191,0.0,2500.0,NE,30_35,3.0,,,,True,0.0,2.0,0.0,tour,2,0
2021-02-11,0.0,2020/21,GR,Safiental,46.7632617,9.32382478,0.0,2100.0,N,40_45,3.0,,,,False,1.0,1.0,1.0,tour,2,1
2021-02-13,0.0,2020/21,BE,Boltigen,46.61228662,7.32735379,0.0,1930.0,S,35_40,2.0,,,,False,0.0,1.0,0.0,tour,2,0
2021-02-13,0.0,2020/21,VS,Orsières,45.89647987,7.07415475,0.0,2565.0,N,40_45,2.0,,,,True,0.0,1.0,0.0,tour,2,0
2021-02-13,0.0,2020/21,SG,Mels,46.97390932,9.24749944,0.0,2300.0,NE,40_45,2.0,,,,True,0.0,2.0,0.0,tour,2,0
2021-02-14,0.0,2020/21,GR,Klosters-Serneus,46.82225161,9.93789888,0.0,2640.0,NE,45_90,2.0,,,,True,0.0,1.0,1.0,tour,2,0
2021-02-14,0.0,2020/21,GR,Arosa,46.84155937,9.79672648,0.0,2640.0,N,45_90,2.0,,,,True,0.0,1.0,0.0,offpiste,2,0
2021-02-14,0.0,2020/21,GR,Klosters-Serneus,46.81759748,9.94206152,0.0,2790.0,W,35_40,2.0,,,,True,0.0,1.0,0.0,tour,2,0
2021-02-14,0.0,2020/21,VS,Simplon,46.2472717,8.04906891,0.0,2210.0,N,45_90,2.0,,,,True,0.0,1.0,0.0,tour,2,0
2021-02-14,0.0,2020/21,AI,Rüte,47.25049516,9.42560597,0.0,1490.0,NW,35_40,2.0,,,,False,0.0,1.0,0.0,tour,2,0
2021-02-14,0.0,2020/21,UR,Silenen,46.7247819,8.72378332,0.0,1810.0,NW,45_90,2.0,,,,True,0.0,1.0,0.0,tour,2,0
2021-02-14,0.0,2020/21,OW,Giswil,46.80850927,8.1121837,0.0,1760.0,NE,40_45,2.0,,,,False,0.0,1.0,0.0,tour,2,0
2021-02-15,0.0,2020/21,VD,Rougemont,46.44091271,7.19565371,0.0,2420.0,N,45_90,2.0,,,,True,0.0,1.0,0.0,tour,2,0
2021-02-15,0.0,2020/21,UR,Göschenen,46.66778956,8.4842385,0.0,2710.0,E,35_40,2.0,,,,True,0.0,2.0,0.0,tour,2,0
2021-02-16,0.0,2020/21,GR,Scuol,46.84029319,10.27209958,0.0,2820.0,E,45_90,2.0,,,,True,0.0,1.0,0.0,offpiste,2,0
2021-02-16,0.0,2020/21,GR,Tujetsch,46.64628672,8.74739051,0.0,2480.0,NW,45_90,2.0,,,,True,0.0,1.0,1.0,tour,2,0
2021-02-16,0.0,2020/21,GR,Valsot,46.90157545,10.39682784,0.0,2880.0,SE,35_40,2.0,,,,True,0.0,2.0,0.0,tour,2,0
2021-02-16,0.0,2020/21,GR,Poschiavo,46.3526713,10.02445543,100.0,2410.0,SE,,2.0,,,,True,0.0,1.0,0.0,tour,2,0
2021-02-17,0.0,2020/21,Bern,Gsteig,46.34467426,7.25097775,500.0,1977.0,NW,,2.0,,,,False,0.0,1.0,0.0,tour,2,0
2021-02-17,0.0,2020/21,GR,Davos,46.79403858,9.95869633,0.0,2890.0,SW,40_45,2.0,,,,True,0.0,1.0,0.0,tour,2,0
2021-02-17,0.0,2020/21,GR,Pontresina,46.44897581,10.0022807,0.0,2880.0,SE,40_45,2.0,,,,True,1.0,2.0,1.0,tour,2,1
2021-02-21,0.0,2020/21,OW,Engelberg,46.7758601,8.44128967,100.0,2300.0,NE,,2.0,,2.0,,True,0.0,1.0,0.0,tour,2,0
2021-02-22,0.0,2020/21,GR,Tschiertschen-Praden,46.78559389,9.605395,0.0,2260.0,SE,0_30,2.0,,2.0,,True,0.0,1.0,0.0,tour,2,0
2021-02-24,1.0,2020/21,GR,Zuoz,46.60759454,9.89308582,0.0,2540.0,SE,35_40,2.0,,3.0,,True,0.0,1.0,0.0,tour,2,0
2021-02-27,0.0,2020/21,GR,Pontresina,46.41793529,9.98181254,0.0,2480.0,E,35_40,2.0,,2.0,,True,0.0,1.0,0.0,offpiste,2,0
2021-03-06,0.0,2020/21,SG,Wartau,47.11097545,9.41788519,0.0,2160.0,NE,40_45,2.0,,,,True,0.0,1.0,0.0,tour,3,0
2021-03-10,0.0,2020/21,VS,Bourg-Saint-Pierre,45.93962715,7.2762958,0.0,3320.0,W,45_90,1.0,,,,True,0.0,1.0,0.0,tour,3,0
2021-03-10,0.0,2020/21,VS,Obergoms,46.55184563,8.31358525,0.0,2725.0,SW,40_45,1.0,,,,True,0.0,1.0,0.0,tour,3,0
2021-03-12,0.0,2020/21,VS,Orsières,45.88111906,7.10715184,0.0,2710.0,N,40_45,2.0,,,,True,0.0,1.0,0.0,tour,3,0
2021-03-13,0.0,2020/21,VS,Agarn,46.24420754,7.64388188,0.0,2970.0,NE,40_45,2.0,,,,True,1.0,1.0,1.0,tour,3,1
2021-03-13,0.0,2020/21,GR,Luzein,46.93327531,9.86208221,0.0,2635.0,N,40_45,2.0,,,,True,0.0,1.0,0.0,offpiste,3,0
2021-03-14,0.0,2020/21,TI,Bedretto,46.49118042,8.51140235,0.0,2020.0,NW,45_90,3.0,,,,False,0.0,1.0,0.0,tour,3,0
2021-03-17,0.0,2020/21,GR,Davos,46.78585865,9.8494461,0.0,2190.0,NE,40_45,3.0,,,,True,0.0,1.0,0.0,offpiste,3,0
2021-03-17,0.0,2020/21,GR,Davos,46.76355348,9.86153131,0.0,2620.0,NE,40_45,3.0,,,,True,1.0,1.0,1.0,tour,3,1
2021-03-18,0.0,2020/21,GR,Pontresina,46.46770379,9.9605865,0.0,2940.0,N,40_45,2.0,,,,True,0.0,3.0,0.0,tour,3,0
2021-03-18,0.0,2020/21,UR,Andermatt,46.61351969,8.6120715,0.0,2415.0,N,40_45,3.0,,,,True,0.0,2.0,2.0,offpiste,3,0
2021-03-18,0.0,2020/21,GR,Ilanz/Glion,46.82852921,9.14239203,0.0,2310.0,NE,,3.0,,,,True,0.0,1.0,0.0,tour,3,0
2021-03-18,0.0,2020/21,TI,Bedretto,46.48327674,8.48099149,0.0,1850.0,NW,45_90,3.0,,,,False,0.0,1.0,0.0,tour,3,0
2021-03-19,0.0,2020/21,UR,Andermatt,46.61360367,8.60301279,100.0,2290.0,N,35_40,3.0,,,,True,0.0,1.0,0.0,offpiste,3,0
2021-03-19,0.0,2020/21,GR,Davos,46.80633002,9.92968819,0.0,2630.0,NW,35_40,3.0,,,,True,0.0,1.0,0.0,offpiste,3,0
2021-03-19,0.0,2020/21,VS,Anniviers,46.24209094,7.61903283,0.0,2450.0,NW,40_45,3.0,,,,True,0.0,1.0,0.0,offpiste,3,0
2021-03-19,0.0,2020/21,GR,Silvaplana,46.45909539,9.73258486,0.0,2915.0,N,40_45,2.0,,,,True,0.0,2.0,0.0,tour,3,0
2021-03-19,0.0,2020/21,BE,Lenk,46.40002672,7.43638775,0.0,2070.0,SE,,3.0,,,,True,0.0,1.0,0.0,tour,3,0
2021-03-19,0.0,2020/21,NW,Wolfenschiessen,46.78493212,8.40747272,0.0,2090.0,SW,45_90,3.0,,,,True,0.0,1.0,0.0,offpiste,3,0
2021-03-19,0.0,2020/21,VS,Mont-Noble,46.18538898,7.490288,0.0,2660.0,W,35_40,3.0,,,,True,0.0,1.0,1.0,tour,3,0
2021-03-19,0.0,2020/21,GR,Mesocco,46.46615546,9.15033693,250.0,2500.0,NE,,3.0,,,,True,0.0,1.0,0.0,tour,3,0
2021-03-19,0.0,2020/21,VS,Mont-Noble,46.19940661,7.48436795,0.0,2385.0,NW,35_40,3.0,,,,True,1.0,1.0,1.0,offpiste,3,1
2021-03-20,0.0,2020/21,VS,Hérémence,46.14397645,7.36072806,0.0,2600.0,N,45_90,3.0,,,,True,1.0,1.0,1.0,offpiste,3,1
2021-03-20,0.0,2020/21,GR,Breil/Brigels,46.81101992,9.05761295,0.0,2400.0,NE,45_90,3.0,,,,True,0.0,2.0,0.0,offpiste,3,0
2021-03-20,0.0,2020/21,VS,Nendaz,46.13046475,7.29586063,0.0,2680.0,NE,45_90,3.0,,,,True,0.0,3.0,2.0,offpiste,3,0
2021-03-20,0.0,2020/21,GR,Surses,46.54563692,9.69194777,0.0,3330.0,E,45_90,3.0,,,,True,0.0,3.0,0.0,tour,3,0
2021-03-20,0.0,2020/21,GR,Samnaun,46.98149643,10.35099299,0.0,2720.0,N,35_40,3.0,,,,True,0.0,1.0,0.0,offpiste,3,0
2021-03-20,0.0,2020/21,VS,Nendaz,46.10239489,7.31548702,0.0,2640.0,NE,45_90,3.0,,,,True,0.0,1.0,0.0,offpiste,3,0
2021-03-20,0.0,2020/21,VS,Anniviers,46.23969444,7.64238692,0.0,2780.0,NW,30_35,3.0,,,,True,0.0,1.0,1.0,offpiste,3,0
2021-03-20,0.0,2020/21,VS,Anniviers,46.1869909,7.63638748,0.0,2720.0,N,45_90,3.0,,,,True,0.0,1.0,0.0,tour,3,0
2021-03-20,0.0,2020/21,VS,Goms,46.46528682,8.28599398,100.0,2300.0,NE,,3.0,,,,True,0.0,1.0,0.0,tour,3,0
2021-03-20,0.0,2020/21,VS,Zermatt,45.99597653,7.68818897,0.0,2460.0,N,35_40,3.0,,,,True,0.0,1.0,1.0,offpiste,3,0
2021-03-21,0.0,2020/21,BE,Grindelwald,46.57766932,7.98224419,0.0,2360.0,NW,45_90,3.0,,,,True,0.0,5.0,0.0,offpiste,3,0
2021-03-21,0.0,2020/21,VS,Ayent,46.36510847,7.40095351,0.0,2590.0,SW,40_45,3.0,,,,True,1.0,3.0,2.0,tour,3,1
2021-03-21,0.0,2020/21,FR,Jaun,46.57920802,7.22041999,0.0,1800.0,NW,40_45,3.0,,,,True,0.0,1.0,0.0,tour,3,0
2021-03-21,0.0,2020/21,VS,Unterbäch,46.2220246,7.76911175,0.0,2800.0,NE,35_40,3.0,,,,True,0.0,1.0,0.0,tour,3,0
2021-03-21,0.0,2020/21,VS,Binn,46.34796407,8.21497479,0.0,2530.0,W,40_45,3.0,,,,True,0.0,1.0,0.0,tour,3,0
2021-03-21,0.0,2020/21,FR,Grandvillard,46.49525558,7.1098575,0.0,2090.0,NW,40_45,3.0,,,,True,0.0,3.0,0.0,tour,3,0
2021-03-21,0.0,2020/21,TI,Cevio,46.44797379,8.52524215,0.0,2060.0,E,45_90,3.0,,,,False,0.0,1.0,0.0,tour,3,0
2021-03-21,0.0,2020/21,BE,Rüschegg,46.70682101,7.43560344,0.0,1800.0,N,40_45,3.0,,,,True,0.0,1.0,0.0,tour,3,0
2021-03-21,0.0,2020/21,BE,Rüschegg,46.69983154,7.44033696,0.0,1930.0,NE,40_45,3.0,,,,False,0.0,1.0,0.0,tour,3,0
2021-03-21,0.0,2020/21,VD,Bex,46.2421878,7.13525421,0.0,2360.0,NW,45_90,3.0,,,,True,0.0,1.0,0.0,tour,3,0
2021-03-21,0.0,2020/21,UR,Andermatt,46.63770811,8.64851558,0.0,2610.0,W,35_40,3.0,,,,True,0.0,2.0,0.0,tour,3,0
2021-03-22,0.0,2020/21,UR,Andermatt,46.59322853,8.6289103,0.0,2360.0,S,40_45,3.0,,,,True,0.0,1.0,0.0,offpiste,3,0
2021-03-22,0.0,2020/21,UR,Hospental,46.58721585,8.60222293,100.0,2510.0,S,30_35,3.0,,,,True,0.0,3.0,0.0,offpiste,3,0
2021-03-23,0.0,2020/21,VS,Anniviers,46.06889064,7.66403096,0.0,3455.0,W,40_45,3.0,,,,True,1.0,4.0,1.0,tour,3,1
2021-03-23,0.0,2020/21,UR,Andermatt,46.61989744,8.62517561,0.0,2090.0,NE,45_90,3.0,,,,False,2.0,3.0,2.0,offpiste,3,1
2021-03-23,0.0,2020/21,GR,Tujetsch,46.69637283,8.74494365,0.0,2270.0,SE,40_45,3.0,,,,True,0.0,3.0,0.0,tour,3,0
2021-03-23,0.0,2020/21,GR,Bever,46.52098297,9.73043674,0.0,2690.0,N,35_40,3.0,,,,True,0.0,1.0,0.0,tour,3,0
2021-03-23,0.0,2020/21,GR,Davos,46.71449825,9.82169525,0.0,2800.0,NW,40_45,3.0,,,,True,0.0,1.0,1.0,tour,3,0
2021-03-25,0.0,2020/21,TI,Lavizzara,46.46550247,8.53796213,0.0,2820.0,NE,35_40,3.0,,,,True,0.0,1.0,0.0,tour,3,0
2021-03-27,0.0,2020/21,VS,Naters,46.3881912,7.95508811,0.0,2450.0,E,40_45,2.0,,,,True,0.0,1.0,0.0,offpiste,3,0
2021-03-27,0.0,2020/21,VS,Goms,46.41238608,8.26819475,0.0,3040.0,NE,40_45,2.0,,,,True,0.0,1.0,0.0,tour,3,0
2021-03-27,0.0,2020/21,VS,Icogne,46.3588897,7.44258706,0.0,2480.0,S,45_90,2.0,,,,False,0.0,1.0,0.0,tour,3,0
2021-03-28,0.0,2020/21,VS,Orsières,45.8958544,7.10144566,0.0,2310.0,SE,30_35,2.0,,2.0,,True,0.0,3.0,0.0,tour,3,0
2021-03-28,0.0,2020/21,VS,Orsières,45.87964712,7.1175802,0.0,2450.0,E,30_35,2.0,,2.0,,True,0.0,1.0,0.0,tour,3,0
2021-03-28,0.0,2020/21,GR,Davos,46.76662382,9.76146299,0.0,2345.0,S,35_40,2.0,,2.0,,True,0.0,1.0,0.0,tour,3,0
2021-03-28,0.0,2020/21,GR,Davos,46.79069576,9.79229742,0.0,2240.0,SE,30_35,2.0,,2.0,,True,0.0,1.0,0.0,tour,3,0
2021-03-28,0.0,2020/21,UR,Realp,46.59850493,8.47776974,0.0,2300.0,SE,40_45,2.0,,2.0,,True,0.0,2.0,0.0,tour,3,0
2021-03-28,0.0,2020/21,VS,Eisten,46.16018916,7.87728692,0.0,2530.0,NE,40_45,2.0,,2.0,,True,0.0,1.0,0.0,tour,3,0
2021-03-28,0.0,2020/21,GR,Davos,46.740145,9.88179098,0.0,2640.0,NW,40_45,2.0,,2.0,,True,0.0,1.0,0.0,tour,3,0
2021-03-30,0.0,2020/21,GR,Mesocco,46.41199452,9.18129281,0.0,2430.0,N,35_40,1.0,,3.0,,True,0.0,2.0,0.0,tour,3,0
2021-04-02,0.0,2020/21,VS,Trient,45.99947955,7.02043103,,3000.0,,,1.0,,3.0,,True,0.0,2.0,0.0,tour,4,0
2021-04-02,0.0,2020/21,VS,Anniviers,46.12841828,7.65258075,0.0,2560.0,W,40_45,1.0,,3.0,,True,0.0,1.0,0.0,tour,4,0
2021-04-02,0.0,2020/21,GR,Davos,46.69064216,9.80778487,0.0,2670.0,N,40_45,1.0,,3.0,,True,0.0,1.0,0.0,tour,4,0
2021-04-02,0.0,2020/21,VS,Fieschertal,46.50425383,8.03270805,,3200.0,,,1.0,,3.0,,True,0.0,1.0,0.0,tour,4,0
2021-04-03,0.0,2020/21,BE,Guttannen,46.61056678,8.29897482,0.0,1650.0,NE,40_45,1.0,,2.0,,True,0.0,1.0,0.0,tour,4,0
2021-04-09,0.0,2020/21,GR,Arosa,46.74856174,9.6088024,100.0,2800.0,W,35_40,2.0,,,,True,0.0,1.0,0.0,tour,4,0
2021-04-09,0.0,2020/21,UR,Andermatt,46.57402725,8.63857246,0.0,2500.0,E,30_35,2.0,,,,True,0.0,1.0,0.0,tour,4,0
2021-04-10,0.0,2020/21,VS,Obergoms,46.49391925,8.40466666,0.0,2630.0,N,35_40,2.0,,,,True,0.0,1.0,0.0,tour,4,0
2021-04-13,0.0,2020/21,VD,Ormont-Dessous,46.37965381,7.11680925,0.0,2140.0,NW,45_90,2.0,,,,True,0.0,1.0,0.0,,4,0
2021-04-13,0.0,2020/21,GR,Silvaplana,46.43590134,9.82347685,100.0,2590.0,N,0_30,3.0,,,,True,0.0,1.0,0.0,offpiste,4,0
2021-04-14,0.0,2020/21,GR,Medel,46.64052296,8.90869186,0.0,2390.0,SW,35_40,2.0,,,,True,0.0,2.0,0.0,tour,4,0
2021-04-15,0.0,2020/21,BE,Innertkirchen,46.70927405,8.3871905,100.0,2860.0,E,,2.0,,,,True,0.0,1.0,0.0,tour,4,0
2021-04-16,0.0,2020/21,Bern,Lauenen,46.36955979,7.33901408,250.0,2002.0,,,2.0,,,,False,0.0,1.0,0.0,tour,4,0
2021-04-17,0.0,2020/21,GR,Breil/Brigels,46.79924773,8.96909766,0.0,3000.0,SE,45_90,2.0,,,,True,0.0,2.0,0.0,tour,4,0
2021-04-17,0.0,2020/21,BE,Lenk,46.41692888,7.52980183,0.0,2480.0,N,35_40,2.0,,,,True,0.0,1.0,0.0,tour,4,0
2021-04-17,0.0,2020/21,GR,Davos,46.68969828,9.81249089,0.0,2770.0,NW,40_45,2.0,,,,True,0.0,1.0,0.0,tour,4,0
2021-05-08,0.0,2020/21,GR,Lumnezia,46.62319462,9.12549657,0.0,3090.0,NE,40_45,2.0,,,,True,0.0,2.0,0.0,tour,5,0
2021-05-08,0.0,2020/21,VS,Zwischbergen,46.24079247,8.08509117,0.0,3350.0,E,30_35,3.0,,,,True,0.0,1.0,0.0,tour,5,0
2021-05-08,0.0,2020/21,BE,Lauenen,46.34689629,7.33509366,0.0,3040.0,N,45_90,3.0,,,,True,0.0,1.0,1.0,tour,5,0
2021-05-09,0.0,2020/21,GR,Zernez,46.76014236,9.96813752,0.0,2900.0,SE,35_40,2.0,,3.0,,True,0.0,2.0,0.0,tour,5,0
2021-05-09,0.0,2020/21,TI,Cevio,46.44959335,8.46329354,0.0,2880.0,NE,40_45,2.0,,3.0,,True,0.0,2.0,0.0,tour,5,0
2021-05-12,0.0,2020/21,VS,Fieschertal,46.52784232,8.06921379,0.0,3570.0,SW,35_40,3.0,,,,True,0.0,1.0,0.0,tour,5,0
2021-05-14,0.0,2020/21,GR,Sumvitg,46.81023067,8.91456887,0.0,3570.0,W,40_45,2.0,,,,True,2.0,2.0,1.0,tour,5,1
2021-05-23,0.0,2020/21,VS,Liddes,45.98248837,7.241471,0.0,2670.0,S,30_35,3.0,,,,False,0.0,2.0,0.0,tour,5,0
2021-05-23,0.0,2020/21,VS,Liddes,45.98265872,7.2411478,0.0,2690.0,N,35_40,3.0,,,,False,0.0,3.0,0.0,tour,5,0
2021-05-23,0.0,2020/21,VD,Ormont-Dessus,46.30495109,7.18285264,0.0,2815.0,N,45_90,3.0,,,,True,0.0,2.0,0.0,tour,5,0
2021-05-29,0.0,2020/21,BE,Innertkirchen,46.75045642,8.4370087,0.0,2850.0,S,35_40,,,,,,0.0,1.0,0.0,tour,5,0
2021-12-03,0.0,2021/22,GR,Luzein,46.9752184,9.87882823,0.0,2518.0,N,30_35,3.0,,,,True,0.0,1.0,1.0,tour,12,0
2021-12-05,0.0,2021/22,GR,Surses,46.53493023,9.53189489,0.0,2674.0,N,35_40,3.0,,,,True,0.0,1.0,0.0,tour,12,0
2021-12-05,0.0,2021/22,GR,Davos,46.77508898,9.84345872,0.0,2344.0,N,30_35,3.0,,,,True,0.0,1.0,0.0,offpiste,12,0
2021-12-09,0.0,2021/22,VS,Zermatt,45.9958,7.7053,0.0,2485.0,NE,0_30,3.0,,,,True,0.0,1.0,1.0,offpiste,12,0
2021-12-09,0.0,2021/22,SZ,Alpthal,47.03919552,8.73328978,0.0,1634.0,N,35_40,3.0,,,,True,0.0,1.0,0.0,tour,12,0
2021-12-11,0.0,2021/22,OW,Kerns,46.78390924,8.28137398,100.0,1900.0,N,35_40,4.0,,,,False,0.0,1.0,0.0,offpiste,12,0
2021-12-12,0.0,2021/22,GR,Celerina/Schlarigna,46.5192,9.8013,0.0,2691.0,E,35_40,3.0,,,,True,0.0,4.0,4.0,offpiste,12,0
2021-12-12,0.0,2021/22,GR,Surses,46.50773407,9.72695971,0.0,3125.0,SW,35_40,3.0,,,,True,0.0,2.0,0.0,tour,12,0
2021-12-12,0.0,2021/22,TI,Bedretto,46.47201895,8.50026965,0.0,2601.0,SE,30_35,3.0,,,,True,0.0,2.0,0.0,tour,12,0
2021-12-15,0.0,2021/22,VS,Oberems,46.20487249,7.66074672,0.0,3022.0,NW,40_45,3.0,,,,True,0.0,1.0,0.0,tour,12,0
2021-12-16,0.0,2021/22,GR,Pontresina,46.4523,10.0257,0.0,3011.0,S,35_40,2.0,,,,True,0.0,3.0,0.0,tour,12,0
2021-12-17,0.0,2021/22,VD,Bex,46.2526,7.1263,0.0,1662.0,NW,35_40,2.0,,,,True,0.0,1.0,0.0,tour,12,0
2021-12-17,0.0,2021/22,GR,Tschiertschen-Praden,46.7756,9.5972,0.0,2605.0,NE,45_90,3.0,,,,True,0.0,1.0,0.0,tour,12,0
2021-12-17,0.0,2021/22,GR,Luzein,46.97752599,9.86431045,100.0,2522.0,NE,45_90,2.0,,,,True,0.0,1.0,0.0,tour,12,0
2021-12-17,0.0,2021/22,VS,Zermatt,45.9804,7.7097,0.0,2774.0,N,30_35,3.0,,,,True,1.0,1.0,1.0,offpiste,12,1
2021-12-18,0.0,2021/22,GR,Zuoz,46.5723,10.0028,0.0,2774.0,N,35_40,3.0,,,,True,0.0,1.0,0.0,tour,12,0
2021-12-19,0.0,2021/22,BE,Innertkirchen,46.58876701,8.24035415,0.0,3049.0,NW,35_40,2.0,,,,True,0.0,2.0,0.0,tour,12,0
2021-12-19,0.0,2021/22,GR,Davos,46.70817826,9.82144402,0.0,2778.0,W,35_40,2.0,,,,True,0.0,1.0,0.0,tour,12,0
2021-12-27,0.0,2021/22,VD,Bex,46.2135579,7.08757639,0.0,2070.0,NE,45_90,2.0,,,,True,0.0,1.0,0.0,tour,12,0
2021-12-27,0.0,2021/22,VS,Evionnaz,46.15762013,6.9715597,100.0,2200.0,NE,45_90,2.0,,,,True,0.0,1.0,0.0,tour,12,0
2021-12-31,0.0,2021/22,GR,Klosters,46.89383822,10.02760891,0.0,2800.0,S,40_45,3.0,,,,True,0.0,1.0,0.0,tour,12,0
2022-01-06,0.0,2021/22,VD,Leysin,46.3795,7.0219,0.0,2011.0,S,35_40,2.0,,,,True,0.0,1.0,0.0,tour,1,0
2022-01-08,0.0,2021/22,NW,Beckenried,46.90832171,8.46570469,0.0,2080.0,NE,,3.0,,,,True,0.0,1.0,0.0,tour,1,0
2022-01-08,0.0,2021/22,GR,Davos,46.70772493,9.82508726,250.0,2897.0,S,,2.0,,,,True,0.0,1.0,0.0,tour,1,0
2022-01-13,0.0,2021/22,VS,Saas-Almagell,46.05892355,7.93549436,100.0,2980.0,S,,2.0,,,,True,0.0,1.0,0.0,tour,1,0
2022-01-15,0.0,2021/22,GR,Tschiertschen-Praden,46.79855589,9.58550773,0.0,2343.0,NE,35_40,2.0,,,,True,0.0,1.0,0.0,offpiste,1,0
2022-01-21,0.0,2021/22,VS,Conthey,46.3072586,7.27716142,0.0,2410.0,NE,40_45,2.0,,,,True,1.0,1.0,1.0,tour,1,1
2022-01-22,0.0,2021/22,VS,Ernen,46.4181,8.2425,0.0,2641.0,SW,45_90,2.0,,,,True,0.0,1.0,0.0,tour,1,0
2022-01-23,0.0,2021/22,GR,Davos,46.73481184,9.87656719,0.0,2748.0,N,35_40,2.0,,,,True,0.0,1.0,0.0,tour,1,0
2022-01-30,0.0,2021/22,GR,Zernez,46.70551962,10.064164,0.0,2320.0,E,30_35,1.0,,,,True,0.0,1.0,0.0,tour,1,0
2022-01-30,0.0,2021/22,GR,Safiental,46.59831034,9.23550716,100.0,2649.0,E,30_35,1.0,,,,True,0.0,1.0,0.0,tour,1,0
2022-01-30,0.0,2021/22,SG,Flums,47.04144609,9.24408048,0.0,2000.0,E,30_35,2.0,,,,False,0.0,1.0,0.0,tour,1,0
2022-02-02,0.0,2021/22,GR,Klosters,46.86635829,9.8648315,,1543.0,N,,4.0,,,,False,0.0,1.0,0.0,offpiste,2,0
2022-02-02,0.0,2021/22,VS,Leytron,46.2101,7.142,0.0,1888.0,E,40_45,4.0,,,,False,0.0,1.0,0.0,offpiste,2,0
2022-02-02,0.0,2021/22,GR,Davos,46.83993429,9.86420116,,1547.0,NE,30_35,4.0,,,,False,0.0,1.0,0.0,transportation.corridor,2,0
2022-02-02,0.0,2021/22,VD,Ollon,46.31450303,7.07338027,0.0,1789.0,NE,35_40,3.0,,,,False,0.0,1.0,0.0,transportation.corridor,2,0
2022-02-02,0.0,2021/22,GR,Klosters,46.8622,9.8033,0.0,2096.0,E,,4.0,,,,True,0.0,1.0,0.0,transportation.corridor,2,0
2022-02-03,0.0,2021/22,GR,Scuol,46.82787788,10.25441582,0.0,2530.0,E,35_40,4.0,,,,True,1.0,1.0,1.0,offpiste,2,1
2022-02-03,0.0,2021/22,GR,Vaz/Obervaz,46.76229266,9.59961746,0.0,2594.0,NW,35_40,4.0,,,,True,0.0,3.0,3.0,offpiste,2,0
2022-02-03,0.0,2021/22,GR,Davos,46.81599992,9.82200528,0.0,2111.0,E,35_40,4.0,,,,False,1.0,1.0,1.0,offpiste,2,1
2022-02-03,0.0,2021/22,BE,Hasliberg,46.73213084,8.24377251,0.0,1958.0,W,35_40,3.0,,,,True,0.0,2.0,0.0,offpiste,2,0
2022-02-03,0.0,2021/22,SZ,Morschach,46.95773748,8.66827164,0.0,1881.0,NE,35_40,3.0,,,,True,0.0,1.0,0.0,offpiste,2,0
2022-02-03,0.0,2021/22,GR,Davos,46.73075708,9.80514394,0.0,2331.0,W,35_40,4.0,,,,True,0.0,2.0,0.0,offpiste,2,0
2022-02-03,0.0,2021/22,BE,Habkern,46.74076007,7.92015233,0.0,1853.0,NW,40_45,3.0,,,,True,0.0,1.0,1.0,tour,2,0
2022-02-03,0.0,2021/22,SZ,Morschach,46.9589884,8.682817,0.0,1807.0,NW,35_40,3.0,,,,True,0.0,1.0,0.0,offpiste,2,0
2022-02-03,0.0,2021/22,GR,Klosters,46.90065013,9.88436597,100.0,1880.0,E,,4.0,,,,False,0.0,1.0,0.0,offpiste,2,0
2022-02-03,0.0,2021/22,VS,Obergoms,46.51589372,8.35977369,0.0,2137.0,W,40_45,4.0,,,,False,0.0,2.0,0.0,transportation.corridor,2,0
2022-02-03,0.0,2021/22,BE,Lauterbrunnen,46.56127244,7.8653943,0.0,2214.0,E,45_90,3.0,,,,True,0.0,2.0,1.0,offpiste,2,0
2022-02-03,0.0,2021/22,VS,Ayent,46.33182088,7.41844633,0.0,2092.0,N,40_45,3.0,,,,True,0.0,1.0,0.0,offpiste,2,0
2022-02-04,0.0,2021/22,GR,Vaz/Obervaz,46.74684767,9.59420823,0.0,2508.0,NW,40_45,3.0,,,,True,0.0,2.0,0.0,offpiste,2,0
2022-02-04,0.0,2021/22,GR,Furna,46.90729293,9.65068593,0.0,1978.0,E,30_35,3.0,,,,True,0.0,2.0,0.0,tour,2,0
2022-02-04,0.0,2021/22,VS,Zermatt,45.99147858,7.70236405,0.0,2617.0,NE,35_40,3.0,,,,True,0.0,2.0,0.0,offpiste,2,0
2022-02-04,0.0,2021/22,VS,Bourg-Saint-Pierre,45.8777,7.2035,0.0,2721.0,W,35_40,3.0,,,,True,0.0,1.0,0.0,tour,2,0
2022-02-04,0.0,2021/22,BE,Lauterbrunnen,46.5524,7.858,100.0,2021.0,N,30_35,3.0,,,,True,0.0,1.0,1.0,offpiste,2,0
2022-02-04,0.0,2021/22,VS,Binn,46.34942095,8.20589689,0.0,2303.0,N,35_40,3.0,,,,True,0.0,2.0,0.0,tour,2,0
2022-02-04,0.0,2021/22,GR,Celerina/Schlarigna,46.48004952,9.86988837,0.0,2407.0,N,35_40,3.0,,,,True,0.0,1.0,0.0,tour,2,0
2022-02-05,0.0,2021/22,BE,Hasliberg,46.74279676,8.23486958,0.0,1833.0,NW,40_45,3.0,,,,True,0.0,2.0,0.0,offpiste,2,0
2022-02-05,0.0,2021/22,GR,Surses,46.4472,9.6817,0.0,2721.0,SE,35_40,3.0,,,,True,0.0,1.0,0.0,tour,2,0
2022-02-05,0.0,2021/22,VS,Goms,46.44207226,8.24838791,,2416.0,N,,3.0,,,,True,0.0,1.0,0.0,tour,2,0
2022-02-05,0.0,2021/22,SZ,Morschach,46.96413569,8.64959244,0.0,1671.0,N,35_40,3.0,,,,False,0.0,1.0,0.0,offpiste,2,0
2022-02-05,0.0,2021/22,VS,Goms,46.43004231,8.26791452,0.0,2197.0,NE,40_45,3.0,,,,True,1.0,2.0,1.0,tour,2,1
2022-02-06,0.0,2021/22,OW,Engelberg,46.78553138,8.42173153,250.0,2476.0,NE,,3.0,,,,True,0.0,1.0,0.0,offpiste,2,0
2022-02-06,0.0,2021/22,GR,Klosters,46.85545783,9.85652727,0.0,2119.0,N,45_90,3.0,,,,True,0.0,2.0,0.0,offpiste,2,0
2022-02-06,0.0,2021/22,GR,Rheinwald,46.51993717,9.23333737,100.0,2430.0,NE,35_40,3.0,,,,True,0.0,3.0,0.0,tour,2,0
2022-02-06,0.0,2021/22,VS,Goms,46.46444887,8.28459285,0.0,2409.0,NE,30_35,3.0,,,,True,0.0,2.0,0.0,tour,2,0
2022-02-07,0.0,2021/22,VD,Ollon/Ormont-Dessus,46.31340463,7.14212982,0.0,1961.0,E,30_35,3.0,,,,True,0.0,3.0,0.0,tour,2,0
2022-02-07,0.0,2021/22,OW,Engelberg,46.78932701,8.41880412,0.0,2411.0,NW,40_45,3.0,,,,True,1.0,2.0,0.0,offpiste,2,1
2022-02-07,0.0,2021/22,VD,Gryon,46.30312867,7.12393933,5000.0,,,,3.0,,,,True,0.0,2.0,0.0,,2,0
2022-02-08,0.0,2021/22,GR,Surses,46.5345299,9.53441356,0.0,2632.0,SE,,3.0,,,,True,0.0,1.0,0.0,tour,2,0
2022-02-08,0.0,2021/22,GR,Arosa,46.78887437,9.6433441,,2438.0,E,45_90,3.0,,,,True,0.0,1.0,0.0,offpiste,2,0
2022-02-08,0.0,2021/22,BE,Lauterbrunnen,46.5632,7.8429,0.0,2702.0,N,30_35,3.0,,,,True,0.0,1.0,0.0,tour,2,0
2022-02-11,0.0,2021/22,VS,Anniviers,46.13814828,7.55558385,0.0,2711.0,E,35_40,3.0,,,,True,0.0,1.0,0.0,tour,2,0
2022-02-12,0.0,2021/22,OW,Sachseln,46.82445481,8.24540065,0.0,2008.0,NE,35_40,3.0,,,,False,2.0,2.0,1.0,tour,2,1
2022-02-12,0.0,2021/22,UR,Unterschächen,46.8228,8.7322,250.0,1971.0,NE,,3.0,,,,False,0.0,1.0,0.0,tour,2,0
2022-02-12,0.0,2021/22,FR,Val-de-Charmey,46.6399969,7.24137348,0.0,1860.0,NW,35_40,2.0,,,,True,0.0,1.0,0.0,tour,2,0
2022-02-12,0.0,2021/22,VD,Bex,46.23792764,7.08232718,0.0,1920.0,NW,35_40,2.0,,,,True,0.0,1.0,0.0,tour,2,0
2022-02-12,0.0,2021/22,OW,Engelberg,46.78160231,8.45134161,0.0,1862.0,N,35_40,3.0,,,,False,0.0,1.0,0.0,tour,2,0
2022-02-12,0.0,2021/22,VS,Anniviers,46.13842838,7.55525189,0.0,2742.0,E,40_45,3.0,,,,True,0.0,1.0,1.0,tour,2,0
2022-02-12,0.0,2021/22,VS,Zermatt,46.0029944,7.80015573,0.0,2525.0,NW,30_35,3.0,,,,True,0.0,1.0,0.0,tour,2,0
2022-02-16,0.0,2021/22,VD,Montreux,46.44875933,6.98573911,500.0,1450.0,N,,3.0,,,,True,0.0,1.0,0.0,offpiste,2,0
2022-02-17,0.0,2021/22,VS,Riddes,46.10916597,7.26376534,250.0,2360.0,N,,3.0,,,,True,0.0,1.0,0.0,offpiste,2,0
2022-02-18,0.0,2021/22,VS,Ried-Brig,46.27747778,8.07418387,0.0,2251.0,NW,35_40,3.0,,,,True,0.0,1.0,0.0,tour,2,0
2022-02-18,0.0,2021/22,GR,Pontresina,46.47712424,9.99429704,100.0,2800.0,S,,2.0,,,,True,0.0,1.0,0.0,tour,2,0
2022-02-19,0.0,2021/22,BE,Adelboden,46.43091411,7.584562,0.0,2490.0,NW,35_40,3.0,,,,True,0.0,1.0,1.0,tour,2,0
2022-02-19,0.0,2021/22,VS,Anniviers,46.19386954,7.54264553,0.0,2754.0,E,45_90,2.0,,,,True,0.0,1.0,0.0,tour,2,0
2022-02-20,0.0,2021/22,VS,Ried-Brig,46.26576061,8.05926539,0.0,2392.0,N,30_35,2.0,,,,True,0.0,1.0,0.0,tour,2,0
2022-02-20,0.0,2021/22,VS,Eischoll,46.27270293,7.75585011,0.0,2265.0,NE,30_35,2.0,,,,True,0.0,3.0,0.0,tour,2,0
2022-02-22,0.0,2021/22,GR,Luzein,46.97564344,9.85580492,0.0,2118.0,SW,35_40,3.0,,,,True,0.0,1.0,0.0,tour,2,0
2022-02-22,0.0,2021/22,VD,Leysin,46.3578869,7.00668522,0.0,1857.0,NE,40_45,3.0,,,,True,0.0,2.0,0.0,offpiste,2,0
2022-02-23,0.0,2021/22,UR,Andermatt,46.6668992,8.64543627,0.0,2444.0,SE,35_40,3.0,,,,True,0.0,1.0,0.0,,2,0
2022-02-23,0.0,2021/22,GR,Scuol,46.73530996,10.26294668,0.0,3103.0,S,35_40,3.0,,,,True,2.0,2.0,1.0,tour,2,1
2022-02-24,0.0,2021/22,GR,Bever,46.52031119,9.7372435,100.0,2670.0,N,,3.0,,,,True,0.0,2.0,0.0,tour,2,0
2022-02-26,0.0,2021/22,BE,Diemtigen,46.56609147,7.53276741,250.0,,,,2.0,,,,True,0.0,1.0,0.0,tour,2,0
2022-02-26,0.0,2021/22,VS,Zermatt,46.03293973,7.677539,0.0,3586.0,NE,,3.0,,,,True,0.0,1.0,0.0,tour,2,0
2022-03-06,0.0,2021/22,VS,Vérossaz,46.19055191,6.95229344,250.0,1716.0,E,,1.0,,,,True,0.0,1.0,0.0,tour,3,0
2022-03-13,0.0,2021/22,UR,Andermatt,46.59075261,8.62690144,0.0,2421.0,NE,40_45,2.0,,,,True,0.0,2.0,0.0,tour,3,0
2022-03-15,0.0,2021/22,BE,Innertkirchen,46.60734029,8.21581264,0.0,2209.0,NW,35_40,1.0,,,,True,0.0,3.0,0.0,tour,3,0
2022-03-19,0.0,2021/22,GR,Davos,46.69035557,9.87057613,0.0,2742.0,SE,35_40,1.0,,3.0,,True,0.0,1.0,0.0,tour,3,0
2022-04-02,0.0,2021/22,BE,Hasliberg,46.75701424,8.21799374,0.0,1815.0,SW,35_40,3.0,,,,True,0.0,1.0,0.0,offpiste,4,0
2022-04-02,0.0,2021/22,SZ,Innerthal,47.05219204,8.93758178,250.0,1920.0,NW,,3.0,,,,True,0.0,1.0,0.0,tour,4,0
2022-04-03,0.0,2021/22,UR,Andermatt,46.59590831,8.60938896,0.0,2826.0,SW,35_40,2.0,,,,True,0.0,1.0,0.0,tour,4,0
2022-04-03,0.0,2021/22,VS,Oberems,46.18120398,7.65758263,0.0,2881.0,E,30_35,3.0,,,,True,0.0,2.0,0.0,tour,4,0
2022-04-03,0.0,2021/22,GR,Samedan,46.38569627,9.82843301,0.0,2702.0,NE,30_35,3.0,,,,True,0.0,1.0,0.0,tour,4,0
2022-04-04,0.0,2021/22,VD,Bex,46.22914559,7.0751552,100.0,2090.0,N,,3.0,,,,True,0.0,1.0,0.0,tour,4,0
2022-04-10,0.0,2021/22,LU,Flühli,46.83394941,7.95784039,100.0,2090.0,E,30_35,2.0,,,,True,0.0,1.0,0.0,tour,4,0
2022-04-10,0.0,2021/22,VS,Anniviers,46.24310104,7.62262891,0.0,2565.0,N,45_90,3.0,,,,True,0.0,1.0,0.0,offpiste,4,0
2022-04-10,0.0,2021/22,BE,Lauterbrunnen,46.59349727,7.81713581,0.0,2757.0,NE,30_35,3.0,,,,True,0.0,1.0,0.0,tour,4,0
2022-04-10,0.0,2021/22,BE,Lauterbrunnen,46.58690337,7.82467051,0.0,2727.0,W,40_45,3.0,,,,True,0.0,1.0,0.0,tour,4,0
2022-04-10,0.0,2021/22,VS,Bourg-Saint-Pierre,45.87969261,7.15431397,0.0,2820.0,N,30_35,3.0,,,,True,0.0,2.0,0.0,tour,4,0
2022-04-12,0.0,2021/22,VS,Nendaz,46.09159961,7.31322244,0.0,3012.0,N,35_40,3.0,,,,True,0.0,1.0,0.0,offpiste,4,0
2022-04-12,0.0,2021/22,VS,Fieschertal,46.54472049,8.11579263,0.0,3770.0,S,35_40,3.0,,,,False,0.0,3.0,0.0,tour,4,0
2022-04-13,0.0,2021/22,VS,Evolène,46.05364981,7.44709848,0.0,3041.0,NE,40_45,2.0,,3.0,,True,0.0,2.0,1.0,tour,4,0
2022-04-15,0.0,2021/22,GR,Vals,46.60825358,9.20905504,0.0,2363.0,NE,35_40,1.0,,2.0,,True,2.0,2.0,2.0,tour,4,1
2022-04-27,0.0,2021/22,BE,Innertkirchen,46.69074172,8.42733759,0.0,3127.0,NE,35_40,3.0,,,,True,0.0,2.0,1.0,tour,4,0
2022-04-28,0.0,2021/22,BE,Guttannen,46.58613106,8.21182604,0.0,3159.0,N,30_35,2.0,,,,True,0.0,3.0,0.0,tour,4,0
2022-05-08,0.0,2021/22,VS,Bourg-Saint-Pierre,45.90509839,7.2558632,,2968.0,NW,,2.0,,3.0,,True,0.0,1.0,0.0,tour,5,0
2022-05-14,0.0,2021/22,VS,Finhaut,46.05119973,6.8725974,,2811.0,SE,,,,,,,0.0,2.0,0.0,tour,5,0
2022-05-14,0.0,2021/22,BE,Innertkirchen,46.69169588,8.41589571,,3370.0,NE,,,,,,,0.0,1.0,0.0,tour,5,0
2022-11-24,0.0,2022/23,VS,Orsières,45.90113524,7.10242481,250.0,2414.0,NE,,,,,,,0.0,1.0,0.0,tour,11,0
2022-12-03,0.0,2022/23,GR,Zernez,46.72253753,9.95829879,0.0,3047.0,NE,40_45,,,,,,1.0,3.0,0.0,tour,12,1
2022-12-07,0.0,2022/23,GR,Mesocco,46.46179636,9.14399375,0.0,2484.0,E,35_40,3.0,-,,,True,0.0,1.0,0.0,tour,12,0
2022-12-11,0.0,2022/23,GR,Mesocco,46.45654705,9.13940309,0.0,2634.0,E,30_35,3.0,=,,,True,1.0,2.0,1.0,tour,12,1
2022-12-11,0.0,2022/23,VS,Orsières,45.89660147,7.07115338,0.0,2559.0,E,40_45,3.0,=,,,True,1.0,2.0,1.0,tour,12,1
2022-12-12,0.0,2022/23,GR,Rheinwald,46.56557575,9.28588313,0.0,2448.0,N,30_35,3.0,-,,,True,0.0,2.0,0.0,tour,12,0
2022-12-13,0.0,2022/23,UR,Andermatt,46.58422682,8.64491117,100.0,2241.0,N,35_40,3.0,-,,,True,0.0,1.0,0.0,tour,12,0
2022-12-13,0.0,2022/23,UR,Andermatt,46.58440622,8.64523007,100.0,2234.0,N,35_40,3.0,-,,,True,0.0,1.0,0.0,tour,12,0
2022-12-18,0.0,2022/23,VS,Savièse,46.32285938,7.2402391,100.0,2592.0,NE,,3.0,-,,,True,0.0,1.0,0.0,tour,12,0
2022-12-18,0.0,2022/23,GR,Tujetsch,46.64086135,8.65711928,100.0,2683.0,S,35_40,2.0,=,,,False,0.0,1.0,0.0,tour,12,0
2023-01-01,0.0,2022/23,VS,Leukerbad,46.38848366,7.60245881,0.0,2906.0,W,35_40,3.0,-,,,True,0.0,2.0,0.0,tour,1,0
2023-01-01,0.0,2022/23,VS,Mont-Noble,46.20898062,7.49184566,0.0,2571.0,N,35_40,3.0,-,,,True,0.0,2.0,0.0,tour,1,0
2023-01-04,0.0,2022/23,VS,Goms,46.49096099,8.16592234,0.0,3273.0,S,35_40,2.0,=,,,False,0.0,2.0,1.0,tour,1,0
2023-01-05,0.0,2022/23,GR,Scuol,46.7030044,10.30479934,0.0,2310.0,E,30_35,2.0,=,,,False,0.0,1.0,0.0,tour,1,0
2023-01-09,0.0,2022/23,GR,Mesocco,46.44692687,9.13882617,0.0,2679.0,E,40_45,3.0,-,,,True,0.0,1.0,0.0,tour,1,0
2023-01-10,0.0,2022/23,VS,Champéry,46.17926741,6.80890879,100.0,2105.0,E,30_35,,,,,,0.0,1.0,0.0,offpiste,1,0
2023-01-10,0.0,2022/23,GR,Arosa,46.83217126,9.79702541,0.0,2730.0,SE,35_40,3.0,=,,,True,0.0,1.0,0.0,offpiste,1,0
2023-01-12,0.0,2022/23,VS,Evolène,46.06514789,7.44332315,100.0,3087.0,SE,30_35,3.0,=,,,True,0.0,1.0,0.0,tour,1,0
2023-01-13,0.0,2022/23,GR,Surses,46.57706209,9.53130207,0.0,2622.0,E,35_40,3.0,-,,,True,0.0,1.0,0.0,offpiste,1,0
2023-01-13,0.0,2022/23,GR,Silvaplana,46.50545408,9.73538117,0.0,2956.0,SE,35_40,3.0,-,,,True,0.0,1.0,0.0,tour,1,0
2023-01-15,0.0,2022/23,GR,Davos,46.795698,9.95142492,0.0,2854.0,SW,35_40,3.0,-,,,True,1.0,1.0,1.0,tour,1,1
2023-01-21,0.0,2022/23,GR,Luzein,47.00281336,9.81609961,250.0,2431.0,SE,35_40,3.0,-,,,True,0.0,1.0,0.0,tour,1,0
2023-01-22,0.0,2022/23,TI,Airolo,46.57875021,8.55409227,0.0,2059.0,E,35_40,3.0,-,,,False,0.0,2.0,0.0,tour,1,0
2023-01-22,0.0,2022/23,VS,Obergoms,46.54171217,8.33767114,0.0,1908.0,SE,30_35,3.0,-,,,False,0.0,1.0,0.0,tour,1,0
2023-01-22,0.0,2022/23,VD,Ormont-Dessus,46.37126941,7.16481329,250.0,1930.0,S,30_35,3.0,-,,,False,0.0,1.0,0.0,tour,1,0
2023-02-03,0.0,2022/23,UR,Gurtnellen,46.77482413,8.57249498,0.0,2587.0,W,35_40,2.0,=,,,True,0.0,1.0,0.0,tour,2,0
2023-02-03,0.0,2022/23,GR,Valsot,46.90564655,10.253568,100.0,2402.0,E,35_40,3.0,=,,,True,0.0,1.0,0.0,tour,2,0
2023-02-04,0.0,2022/23,GR,Klosters,46.86346667,9.85007913,100.0,2046.0,NE,35_40,4.0,-,,,True,0.0,1.0,0.0,offpiste,2,0
2023-02-04,0.0,2022/23,GR,Surses,46.47957001,9.72166371,500.0,2484.0,SW,30_35,3.0,=,,,True,0.0,1.0,0.0,tour,2,0
2023-02-04,0.0,2022/23,VS,Liddes,46.00839586,7.23121441,0.0,2985.0,SW,30_35,2.0,=,,,True,0.0,1.0,0.0,tour,2,0
2023-02-04,0.0,2022/23,SZ,Oberiberg,47.0066228,8.83386613,500.0,1980.0,NW,35_40,3.0,=,,,True,0.0,3.0,0.0,tour,2,0
2023-02-04,0.0,2022/23,VS,Riddes,46.14000433,7.25278371,100.0,1516.0,NW,35_40,2.0,=,,,False,0.0,2.0,0.0,tour,2,0
2023-02-05,0.0,2022/23,GR,Tujetsch,46.64069661,8.69928361,250.0,2208.0,NE,35_40,3.0,=,,,True,0.0,1.0,0.0,tour,2,0
2023-02-06,0.0,2022/23,UR,Sisikon,46.9287404,8.69149097,500.0,1852.0,SW,,3.0,=,,,True,0.0,1.0,0.0,tour,2,0
2023-02-06,0.0,2022/23,GR,Lantsch/Lenz,46.74219496,9.59773815,0.0,2840.0,SW,35_40,3.0,-,,,True,0.0,1.0,0.0,offpiste,2,0
2023-02-07,0.0,2022/23,GR,Davos,46.80565721,9.79184419,0.0,2400.0,E,40_45,3.0,=,,,True,0.0,1.0,0.0,offpiste,2,0
2023-02-07,0.0,2022/23,GR,Scuol,46.82376993,10.23770258,0.0,2669.0,SE,30_35,3.0,=,,,True,0.0,3.0,0.0,tour,2,0
2023-02-08,0.0,2022/23,GR,Davos,46.73655515,9.82442784,0.0,2302.0,NE,35_40,3.0,=,,,True,0.0,1.0,0.0,offpiste,2,0
2023-02-08,0.0,2022/23,VS,Liddes,45.95174155,7.15590156,0.0,2020.0,E,35_40,2.0,=,,,False,0.0,1.0,0.0,tour,2,0
2023-02-08,0.0,2022/23,GR,Disentis/Mustér,46.71603857,8.78333562,0.0,2633.0,E,35_40,3.0,-,,,True,0.0,1.0,0.0,tour,2,0
2023-02-10,0.0,2022/23,BE,Lauterbrunnen,46.60317832,7.84594598,0.0,2414.0,N,35_40,2.0,=,,,True,0.0,1.0,0.0,tour,2,0
2023-02-11,0.0,2022/23,OW,Kerns,46.79990385,8.323622,500.0,2118.0,W,,2.0,=,,,True,0.0,1.0,0.0,tour,2,0
2023-02-11,0.0,2022/23,GR,Arosa,46.76530882,9.70338811,0.0,2556.0,E,30_35,3.0,-,,,True,0.0,1.0,0.0,tour,2,0
2023-02-13,0.0,2022/23,BE,Lauenen,46.3752844,7.31507067,0.0,2528.0,SE,35_40,1.0,,2.0,,True,0.0,1.0,0.0,tour,2,0
2023-02-17,0.0,2022/23,GR,Scuol,46.72147076,10.3838836,100.0,2465.0,N,35_40,2.0,-,2.0,,True,0.0,1.0,0.0,tour,2,0
2023-02-27,0.0,2022/23,BE,Diemtigen,46.56289339,7.54289266,500.0,2372.0,N,35_40,2.0,-,,,True,0.0,1.0,0.0,tour,2,0
2023-03-01,0.0,2022/23,UR,Isenthal,46.85897948,8.52566619,0.0,2259.0,NW,35_40,2.0,=,,,True,0.0,1.0,0.0,tour,3,0
2023-03-08,0.0,2022/23,GR,Surses,46.42277965,9.65422739,0.0,2443.0,W,35_40,2.0,-,,,False,0.0,1.0,0.0,tour,3,0
2023-03-11,0.0,2022/23,GR,Avers,46.42121319,9.58232525,0.0,2767.0,NE,35_40,2.0,=,,,True,0.0,1.0,1.0,tour,3,0
2023-03-11,0.0,2022/23,GR,Pontresina,46.40597041,9.97569915,100.0,2837.0,E,35_40,2.0,=,,,True,0.0,1.0,0.0,tour,3,0
2023-03-12,0.0,2022/23,BE,Lauterbrunnen,46.60989111,7.86398148,0.0,2172.0,N,40_45,,,,,,1.0,1.0,1.0,tour,3,1
2023-03-12,0.0,2022/23,GR,Churwalden,46.7862861,9.5089951,0.0,2102.0,NE,35_40,3.0,=,,,False,0.0,1.0,0.0,tour,3,0
2023-03-12,0.0,2022/23,GR,Luzein,46.95776317,9.83161987,0.0,2141.0,NE,35_40,3.0,=,,,False,0.0,1.0,0.0,tour,3,0
2023-03-12,0.0,2022/23,VS,Zermatt,45.98108704,7.70914842,0.0,2755.0,NE,35_40,4.0,-,,,True,0.0,2.0,0.0,offpiste,3,0
2023-03-12,0.0,2022/23,VS,Evolène,46.02543084,7.45812248,0.0,2748.0,NE,35_40,4.0,-,,,True,0.0,1.0,0.0,offpiste,3,0
2023-03-13,0.0,2022/23,BE,Hasliberg,46.74128341,8.24715703,0.0,2090.0,NE,40_45,3.0,=,,,True,0.0,1.0,0.0,offpiste,3,0
2023-03-14,0.0,2022/23,UR,Göschenen,46.64525321,8.49835985,0.0,1790.0,E,30_35,3.0,-,,,False,0.0,1.0,0.0,tour,3,0
2023-03-15,0.0,2022/23,VS,Nendaz,46.09294158,7.2989303,,2767.0,N,30_35,3.0,=,,,True,1.0,1.0,1.0,offpiste,3,1
2023-03-15,0.0,2022/23,VS,Zermatt,46.00480795,7.82325269,250.0,2614.0,NW,,3.0,=,,,True,0.0,1.0,1.0,tour,3,0
2023-03-15,0.0,2022/23,GR,Churwalden,46.7761193,9.49821664,0.0,2301.0,N,35_40,3.0,=,,,True,0.0,1.0,0.0,tour,3,0
2023-03-15,0.0,2022/23,UR,Realp,46.54547462,8.48850576,250.0,2494.0,NE,,3.0,=,,,True,0.0,1.0,0.0,tour,3,0
2023-03-15,0.0,2022/23,VS,Nendaz,46.08550229,7.311378,0.0,2957.0,NW,40_45,3.0,=,,,True,0.0,2.0,1.0,offpiste,3,0
2023-03-16,0.0,2022/23,GR,Arosa,46.7618134,9.65476497,0.0,2193.0,NW,40_45,3.0,=,3.0,,False,1.0,1.0,1.0,tour,3,1
2023-03-16,0.0,2022/23,GR,Klosters,46.82697786,9.92909976,0.0,2620.0,NW,35_40,3.0,=,3.0,,True,0.0,1.0,1.0,tour,3,0
2023-03-17,0.0,2022/23,GR,Davos,46.76845943,9.91388915,0.0,2659.0,NE,40_45,3.0,=,3.0,,True,0.0,1.0,0.0,tour,3,0
2023-03-17,0.0,2022/23,BE,Adelboden,46.44595239,7.59027209,0.0,2532.0,NW,35_40,3.0,-,3.0,,True,0.0,3.0,1.0,tour,3,0
2023-03-17,0.0,2022/23,UR,Realp,46.56667062,8.48834943,0.0,2057.0,NE,35_40,3.0,=,3.0,,False,0.0,2.0,1.0,tour,3,0
2023-03-18,0.0,2022/23,GR,Surses,46.44044153,9.70930548,500.0,2694.0,NE,,3.0,=,,,True,0.0,2.0,0.0,tour,3,0
2023-03-18,0.0,2022/23,GR,Davos,46.68413937,9.83346122,0.0,2617.0,N,35_40,3.0,=,,,True,0.0,1.0,0.0,tour,3,0
2023-03-19,0.0,2022/23,BE,Innertkirchen,46.61231451,8.24205675,0.0,2781.0,NW,35_40,3.0,-,,,True,0.0,3.0,0.0,tour,3,0
2023-03-19,0.0,2022/23,GR,Klosters,46.88824362,9.95731496,100.0,2448.0,NW,35_40,3.0,-,,,True,0.0,1.0,0.0,tour,3,0
2023-03-20,0.0,2022/23,GR,Davos,46.79247466,9.77045736,0.0,2584.0,NW,30_35,3.0,=,,,True,0.0,1.0,0.0,tour,3,0
2023-03-25,0.0,2022/23,BE,Innertkirchen,46.70178363,8.415034,,2768.0,S,35_40,3.0,-,,,False,0.0,2.0,1.0,tour,3,0
2023-03-25,0.0,2022/23,UR,Realp,46.58588104,8.53738728,250.0,2573.0,NW,40_45,3.0,=,,,True,0.0,1.0,0.0,tour,3,0
2023-03-28,0.0,2022/23,UR,Hospental,46.60176339,8.59521408,0.0,2592.0,NW,40_45,3.0,=,,,True,0.0,1.0,1.0,offpiste,3,0
2023-04-01,0.0,2022/23,GR,Davos,46.83245339,9.80967006,0.0,2613.0,NE,35_40,3.0,-,,,True,0.0,1.0,0.0,offpiste,4,0
2023-04-02,0.0,2022/23,VS,Obergoms,46.4925905,8.41919023,,2811.0,W,,3.0,=,,,True,0.0,1.0,0.0,tour,4,0
2023-04-04,0.0,2022/23,VS,Orsières,46.00323443,7.04556614,0.0,3000.0,N,40_45,3.0,-,,,True,0.0,1.0,0.0,tour,4,0
2023-04-06,0.0,2022/23,VS,Bourg-Saint-Pierre,45.86722523,7.17536057,0.0,2503.0,N,30_35,2.0,=,,,True,0.0,1.0,0.0,tour,4,0
2023-04-06,0.0,2022/23,VS,Bourg-Saint-Pierre,45.89381375,7.24454332,0.0,3539.0,SW,40_45,2.0,=,,,True,0.0,1.0,0.0,tour,4,0
2023-04-08,0.0,2022/23,TI,Blenio,46.63193797,8.95339019,0.0,3047.0,SE,40_45,2.0,=,,,False,0.0,1.0,0.0,tour,4,0
2023-04-08,0.0,2022/23,GR,Bever,46.50863194,9.72801288,250.0,3091.0,NE,35_40,2.0,=,,,True,0.0,1.0,0.0,tour,4,0
2023-04-09,0.0,2022/23,UR,Silenen,46.74164733,8.77035104,0.0,3240.0,SE,40_45,2.0,=,,,False,0.0,6.0,0.0,tour,4,0
2023-04-14,0.0,2022/23,VS,Evolène,45.97071842,7.53099713,0.0,2969.0,S,35_40,3.0,-,,,True,0.0,1.0,0.0,tour,4,0
2023-04-15,0.0,2022/23,GR,Davos,46.83326076,9.80729741,0.0,2660.0,NE,35_40,3.0,=,,,True,0.0,1.0,0.0,offpiste,4,0
2023-04-15,0.0,2022/23,VS,Saillon,46.18959823,7.10174675,100.0,2451.0,NE,30_35,3.0,-,,,True,0.0,1.0,0.0,tour,4,0
2023-04-17,0.0,2022/23,GR,Davos,46.83267924,9.8092079,0.0,2617.0,NE,40_45,3.0,=,,,True,0.0,1.0,0.0,offpiste,4,0
2023-04-23,0.0,2022/23,AR,Hundwil,47.25021652,9.32964122,0.0,1980.0,N,,,,,,,1.0,1.0,0.0,tour,4,1
2023-04-29,0.0,2022/23,VS,Zermatt,46.00323832,7.80397114,0.0,2502.0,N,35_40,3.0,,,,True,0.0,1.0,0.0,tour,4,0
2023-04-29,0.0,2022/23,GR,Samnaun,46.938865,10.32673425,0.0,2251.0,NE,40_45,,,,,,1.0,2.0,1.0,offpiste,4,1
2023-05-06,0.0,2022/23,VS,Fieschertal,46.50588376,8.02220268,0.0,2783.0,E,35_40,3.0,,,,True,0.0,1.0,0.0,tour,5,0
2023-05-15,0.0,2022/23,VS,Zermatt,45.94055884,7.74798376,0.0,4150.0,S,40_45,2.0,=,,,True,0.0,2.0,0.0,tour,5,0
2023-05-17,0.0,2022/23,BE,Lauterbrunnen,46.5348427,7.96401345,0.0,3956.0,SE,40_45,3.0,=,,,True,1.0,1.0,0.0,tour,5,1
2023-05-28,0.0,2022/23,VS,Fieschertal,46.56181662,8.01246979,0.0,3548.0,SE,35_40,,,,,,0.0,1.0,0.0,tour,5,0
2023-06-02,0.0,2022/23,VS,Naters,46.45605359,7.99613033,0.0,3477.0,S,35_40,,,,,,1.0,1.0,1.0,tour,6,1
2023-12-03,0.0,2023/24,BE,Rüschegg,46.69902436,7.4183909,100.0,2154.0,NW,,3.0,-,,,True,0.0,1.0,0.0,tour,12,0
2023-12-07,0.0,2023/24,SG,Vilters-Wangs,46.97786648,9.40178897,0.0,2527.0,E,,2.0,=,,,True,0.0,1.0,0.0,tour,12,0
2023-12-07,0.0,2023/24,GR,Surses,46.42473515,9.6751931,,2860.0,NW,40_45,2.0,=,,,True,2.0,2.0,2.0,tour,12,1
2023-12-11,0.0,2023/24,GR,Vals,46.60773058,9.16622507,0.0,1464.0,SE,35_40,3.0,=,,,False,1.0,1.0,1.0,,12,1
2023-12-14,0.0,2023/24,GR,Davos,46.83434137,9.8068762,0.0,2632.0,NE,,3.0,=,,,True,0.0,1.0,0.0,offpiste,12,0
2023-12-16,0.0,2023/24,VD,Leysin,46.37450021,7.02827314,0.0,1761.0,SE,,2.0,=,,,False,0.0,2.0,0.0,offpiste,12,0
2023-12-16,0.0,2023/24,GR,Vaz/Obervaz,46.74736794,9.59610279,100.0,2549.0,NW,35_40,3.0,-,,,True,0.0,2.0,0.0,offpiste,12,0
2023-12-16,0.0,2023/24,NW,Wolfenschiessen,46.78117356,8.41809005,100.0,2365.0,W,,3.0,-,,,True,0.0,1.0,0.0,offpiste,12,0
2023-12-16,0.0,2023/24,VS,Ferden,46.41450457,7.74291484,100.0,2486.0,S,,3.0,-,,,True,0.0,1.0,0.0,tour,12,0
2023-12-16,0.0,2023/24,VS,Bellwald,46.46456952,8.16237607,0.0,2699.0,S,,3.0,-,,,True,0.0,3.0,0.0,tour,12,0
2023-12-16,0.0,2023/24,UR,Andermatt,46.60728749,8.62250954,0.0,2633.0,N,45_90,3.0,-,,,True,1.0,3.0,2.0,offpiste,12,1
2023-12-23,0.0,2023/24,VS,Nendaz,46.08054533,7.31953645,0.0,3261.0,E,,3.0,=,,,True,0.0,2.0,0.0,tour,12,0
2023-12-27,0.0,2023/24,VS,Fieschertal,46.47161829,8.09985845,,3287.0,SE,,2.0,-,,,False,0.0,1.0,0.0,tour,12,0
2023-12-31,0.0,2023/24,BE,Lauenen,46.35128241,7.31482645,0.0,2669.0,N,35_40,2.0,,,,False,0.0,1.0,0.0,tour,12,0
2024-01-03,0.0,2023/24,GR,Surses,46.59194023,9.54871284,100.0,2091.0,NE,,2.0,=,,,False,0.0,1.0,0.0,offpiste,1,0
2024-01-04,0.0,2023/24,VS,Törbel,46.23359476,7.80409684,0.0,2792.0,N,,3.0,-,,,True,0.0,1.0,1.0,tour,1,0
2024-01-04,0.0,2023/24,VS,Nendaz,46.09331713,7.29565557,0.0,2659.0,NW,,3.0,-,,,True,0.0,2.0,0.0,tour,1,0
2024-01-04,0.0,2023/24,UR,Andermatt,46.60443931,8.61511002,0.0,2856.0,E,,3.0,-,,,True,0.0,1.0,0.0,tour,1,0
2024-01-04,0.0,2023/24,VS,Chalais,46.21844955,7.52827945,0.0,2396.0,NW,,3.0,-,,,True,0.0,2.0,0.0,tour,1,0
2024-01-14,0.0,2023/24,BE,Diemtigen,46.55673267,7.56004278,0.0,1902.0,NE,,2.0,-,,,False,0.0,1.0,0.0,tour,1,0
2024-01-14,0.0,2023/24,GR,Scuol,46.83046546,10.15558993,0.0,2793.0,NE,,2.0,-,,,True,0.0,1.0,0.0,tour,1,0
2024-01-14,0.0,2023/24,VS,Simplon,46.21424891,7.9953202,100.0,2373.0,NE,,2.0,-,,,False,0.0,2.0,0.0,tour,1,0
2024-01-14,0.0,2023/24,UR,Wassen,46.7290546,8.48940464,0.0,2313.0,N,,2.0,-,,,True,0.0,2.0,0.0,tour,1,0
2024-01-14,0.0,2023/24,NW,Beckenried,46.90914414,8.46595508,100.0,2017.0,NE,,2.0,-,,,False,0.0,1.0,0.0,tour,1,0
2024-01-14,0.0,2023/24,VS,Simplon,46.21951746,7.99207441,0.0,2427.0,NE,,2.0,-,,,False,0.0,1.0,0.0,tour,1,0
2024-01-17,0.0,2023/24,GR,Arosa,46.74212356,9.69770908,100.0,2430.0,NW,,2.0,=,,,True,0.0,1.0,0.0,tour,1,0
2024-01-19,0.0,2023/24,VS,Kippel,46.41857198,7.75638894,100.0,2494.0,SW,,4.0,-,,,True,0.0,1.0,0.0,offpiste,1,0
2024-01-21,0.0,2023/24,UR,Andermatt,46.60444083,8.61501847,0.0,2858.0,E,,2.0,=,,,True,0.0,1.0,0.0,offpiste,1,0
2024-01-21,0.0,2023/24,VS,Collombey-Muraz,46.25901183,6.89415496,0.0,1835.0,SE,,2.0,=,,,True,0.0,1.0,0.0,tour,1,0
2024-01-21,0.0,2023/24,VS,Anniviers,46.20664264,7.64538355,0.0,2820.0,NW,40_45,3.0,-,,,True,0.0,1.0,0.0,tour,1,0
2024-01-24,0.0,2023/24,VS,Orsières,45.90326521,7.09960182,0.0,2308.0,NW,45_90,3.0,-,,,False,1.0,2.0,1.0,tour,1,1
2024-01-25,0.0,2023/24,GR,Samedan,46.43560856,9.84006664,,2844.0,SW,,2.0,=,,,True,0.0,1.0,0.0,tour,1,0
2024-01-27,0.0,2023/24,GR,Arosa,46.83311765,9.79922404,0.0,2682.0,E,,2.0,=,,,True,0.0,1.0,0.0,offpiste,1,0
2024-01-28,0.0,2023/24,GR,Davos,46.70291485,9.91237837,0.0,2630.0,NE,,3.0,-,,,True,0.0,1.0,0.0,tour,1,0
2024-02-04,0.0,2023/24,GR,Surses,46.56874053,9.53767776,100.0,2210.0,SE,,2.0,-,,,False,0.0,1.0,0.0,transportation.corridor,2,0
2024-02-09,0.0,2023/24,GR,Luzein,46.93252491,9.84747459,100.0,2446.0,NW,,2.0,-,,,True,0.0,1.0,0.0,tour,2,0
2024-02-09,0.0,2023/24,GR,Davos,46.68449353,9.8845751,0.0,2673.0,NE,30_35,2.0,-,,,True,0.0,2.0,0.0,tour,2,0
2024-02-11,0.0,2023/24,GR,Rheinwald,46.54058279,9.18172914,0.0,2240.0,SE,,3.0,=,,,True,0.0,1.0,0.0,tour,2,0
2024-02-13,0.0,2023/24,GR,Pontresina,46.43296113,9.94839701,0.0,2447.0,NW,,3.0,-,,,True,0.0,1.0,0.0,tour,2,0
2024-02-15,0.0,2023/24,GR,Pontresina,46.40388707,9.97585589,0.0,2894.0,NE,,2.0,=,,,True,0.0,1.0,0.0,tour,2,0
2024-02-24,0.0,2023/24,GR,Klosters,46.85738958,9.85116163,100.0,2198.0,NE,,3.0,=,,,True,0.0,1.0,0.0,offpiste,2,0
2024-02-24,0.0,2023/24,GR,Klosters,46.85708428,9.8512666,100.0,2207.0,NE,,3.0,=,,,True,0.0,1.0,0.0,offpiste,2,0
2024-02-24,0.0,2023/24,GR,Churwalden,46.76594436,9.58465662,,2146.0,W,35_40,3.0,=,,,True,1.0,1.0,1.0,offpiste,2,1
2024-02-24,0.0,2023/24,GR,Bever,46.5259541,9.72187421,0.0,2604.0,NE,,3.0,=,,,True,0.0,1.0,0.0,offpiste,2,0
2024-02-25,0.0,2023/24,BE,Kandersteg,46.43392424,7.58816256,0.0,2435.0,NW,,3.0,-,,,True,0.0,1.0,0.0,tour,2,0
2024-02-25,0.0,2023/24,GR,Davos,46.72977809,9.82408126,0.0,2538.0,E,,3.0,=,,,True,0.0,1.0,0.0,tour,2,0
2024-02-25,0.0,2023/24,GR,Klosters,46.93346471,9.85308169,0.0,2610.0,E,,3.0,=,,,True,0.0,1.0,0.0,offpiste,2,0
2024-02-25,0.0,2023/24,GR,Davos,46.72027143,9.88161952,0.0,2633.0,N,,3.0,=,,,True,0.0,1.0,0.0,offpiste,2,0
2024-02-25,0.0,2023/24,VS,Leukerbad,46.42116345,7.66569297,0.0,2646.0,SW,,3.0,-,,,True,0.0,1.0,0.0,offpiste,2,0
2024-03-02,0.0,2023/24,VS,Ried-Brig,46.26819786,8.05159464,100.0,2251.0,NW,,4.0,-,,,True,0.0,3.0,0.0,offpiste,3,0
2024-03-02,0.0,2023/24,VS,Zermatt,46.00290331,7.80331966,,2521.0,NE,,3.0,-,,,True,0.0,1.0,1.0,offpiste,3,0
2024-03-02,0.0,2023/24,UR,Isenthal,46.86663713,8.47230434,0.0,2278.0,E,,3.0,-,,,True,0.0,1.0,0.0,offpiste,3,0
2024-03-02,0.0,2023/24,GR,Davos,46.71989859,9.8195774,,2825.0,NW,45_90,3.0,-,,,True,1.0,1.0,1.0,tour,3,1
2024-03-02,0.0,2023/24,GR,Davos,46.70908528,9.80683263,0.0,2621.0,NW,40_45,3.0,-,,,True,1.0,1.0,1.0,tour,3,1
2024-03-04,0.0,2023/24,VS,Zermatt,45.95550514,7.6996404,0.0,3358.0,N,,4.0,-,,,True,0.0,4.0,0.0,offpiste,3,0
2024-03-06,0.0,2023/24,BE,Lenk,46.3818909,7.4685626,100.0,2759.0,S,,3.0,=,,,True,0.0,1.0,0.0,offpiste,3,0
2024-03-07,0.0,2023/24,GR,Davos,46.72954107,9.82237095,0.0,2610.0,NE,,3.0,=,,,True,0.0,1.0,0.0,offpiste,3,0
2024-03-07,0.0,2023/24,SG,Nesslau,47.23890157,9.31104338,100.0,1748.0,NW,,3.0,-,,,False,0.0,1.0,0.0,tour,3,0
2024-03-08,0.0,2023/24,UR,Sisikon,46.93489469,8.67287289,,1581.0,N,,3.0,=,,,False,0.0,1.0,0.0,tour,3,0
2024-03-08,0.0,2023/24,GR,Jenaz,46.86509596,9.69993663,,2177.0,NW,,3.0,-,,,False,0.0,1.0,0.0,tour,3,0
2024-03-08,0.0,2023/24,VS,Anniviers,46.10434998,7.60278348,0.0,3088.0,SW,,3.0,-,,,True,0.0,1.0,0.0,tour,3,0
2024-03-08,0.0,2023/24,GR,Luzein,46.93604174,9.87574359,0.0,2584.0,NW,,3.0,-,,,True,0.0,5.0,0.0,tour,3,0
2024-03-08,0.0,2023/24,UR,Sisikon,46.93328674,8.694523,250.0,1803.0,N,,3.0,=,,,False,0.0,1.0,0.0,tour,3,0
2024-03-08,0.0,2023/24,UR,Sisikon,46.93563614,8.69577884,100.0,1736.0,N,,3.0,=,,,False,0.0,1.0,0.0,tour,3,0
2024-03-08,0.0,2023/24,GR,Surses,46.45586475,9.59899554,,2806.0,E,35_40,3.0,-,,,True,0.0,1.0,0.0,tour,3,0
2024-03-09,0.0,2023/24,GR,Klosters,46.81029881,9.92885269,0.0,2586.0,NE,,3.0,-,,,True,0.0,1.0,0.0,tour,3,0
2024-03-09,0.0,2023/24,GL,Glarus,46.99749507,8.97062532,100.0,2188.0,W,,3.0,=,,,True,1.0,2.0,1.0,tour,3,1
2024-03-09,0.0,2023/24,SZ,Muotathal,47.00069261,8.88233866,0.0,1885.0,N,,3.0,=,,,True,0.0,2.0,0.0,tour,3,0
2024-03-09,0.0,2023/24,SG,Mels,47.0283414,9.32060924,0.0,1774.0,NW,,3.0,=,,,False,0.0,1.0,0.0,tour,3,0
2024-03-09,0.0,2023/24,SZ,Muotathal,46.94888014,8.73401111,0.0,1647.0,N,,3.0,=,,,False,0.0,1.0,0.0,tour,3,0
2024-03-09,0.0,2023/24,VS,Leukerbad,46.38316316,7.56341768,100.0,2990.0,N,,3.0,-,,,True,0.0,1.0,0.0,tour,3,0
2024-03-09,0.0,2023/24,BE,Lauenen,46.37334439,7.33547371,0.0,1851.0,NW,,3.0,=,,,True,0.0,2.0,0.0,tour,3,0
2024-03-09,0.0,2023/24,BE,Adelboden,46.45964077,7.54881519,,1770.0,NE,,3.0,=,,,False,0.0,1.0,1.0,tour,3,0
2024-03-11,0.0,2023/24,VD,Bex,46.28287661,7.14628903,0.0,1769.0,W,35_40,3.0,-,,,False,0.0,1.0,0.0,tour,3,0
2024-03-12,0.0,2023/24,VS,Zermatt,45.98785819,7.80966367,500.0,3186.0,N,30_35,3.0,=,,,True,0.0,2.0,0.0,offpiste,3,0
2024-03-12,0.0,2023/24,VS,Unterbäch,46.22246415,7.76594563,0.0,2873.0,NE,,3.0,=,,,True,0.0,2.0,0.0,tour,3,0
2024-03-12,0.0,2023/24,VS,Anniviers,46.13699591,7.5883871,100.0,2872.0,NW,,3.0,=,,,True,0.0,1.0,0.0,offpiste,3,0
2024-03-13,0.0,2023/24,BE,Innertkirchen,46.77842171,8.38574916,0.0,2223.0,S,,3.0,=,,,True,0.0,1.0,0.0,offpiste,3,0
2024-03-14,0.0,2023/24,GR,Surses,46.50974406,9.72440297,0.0,3151.0,SW,,3.0,-,,,True,0.0,1.0,0.0,tour,3,0
2024-03-16,0.0,2023/24,TI,Capriasca,46.10444315,9.0090482,100.0,1619.0,S,,2.0,,,,True,0.0,1.0,0.0,tour,3,0
2024-03-22,0.0,2023/24,GR,Klosters,46.8613529,10.0219471,0.0,1875.0,SW,35_40,2.0,=,,,False,2.0,2.0,0.0,tour,3,1
2024-03-28,0.0,2023/24,GR,Safiental,46.64078962,9.24262123,,2633.0,S,,3.0,=,,,False,0.0,6.0,0.0,tour,3,0
2024-03-28,0.0,2023/24,GR,Bever,46.52828591,9.71093256,,2912.0,N,,3.0,=,,,True,0.0,1.0,0.0,tour,3,0
2024-03-29,0.0,2023/24,VS,Nendaz,46.13326132,7.33708901,0.0,2462.0,W,,3.0,-,,,True,0.0,2.0,0.0,offpiste,3,0
2024-03-29,0.0,2023/24,VS,Saas-Fee,46.0865785,7.91338337,,2352.0,N,,3.0,=,,,True,0.0,2.0,0.0,offpiste,3,0
2024-03-30,0.0,2023/24,VS,Leukerbad,46.39187086,7.56272409,0.0,2596.0,N,,3.0,-,,,True,0.0,5.0,0.0,tour,3,0
2024-04-01,0.0,2023/24,GR,Mesocco,46.49438854,9.2367505,,2514.0,N,,4.0,=,,,True,0.0,1.0,0.0,tour,4,0
2024-04-01,0.0,2023/24,GR,Valsot,46.91491183,10.24756952,500.0,2490.0,NE,,3.0,-,,,True,0.0,1.0,0.0,tour,4,0
2024-04-01,0.0,2023/24,VS,Zermatt,45.99423106,7.75274415,0.0,2518.0,N,40_45,4.0,-,,,True,4.0,5.0,4.0,offpiste,4,1
2024-04-11,0.0,2023/24,GR,Samedan,46.37847308,9.82993505,100.0,2862.0,E,35_40,3.0,=,,,True,0.0,1.0,0.0,tour,4,0
2024-04-11,0.0,2023/24,GR,Safiental,46.62049421,9.23508867,100.0,2653.0,E,,3.0,-,,,True,0.0,1.0,0.0,tour,4,0
2024-04-15,0.0,2023/24,GR,Vals,46.50784404,9.04000694,0.0,2625.0,N,30_35,3.0,,,,True,0.0,2.0,0.0,tour,4,0
2024-04-17,0.0,2023/24,GR,Luzein,46.95736184,9.84437273,100.0,1952.0,NE,,3.0,-,,,False,0.0,2.0,0.0,tour,4,0
2024-04-29,0.0,2023/24,GR,Surses,46.48574217,9.56222595,0.0,3336.0,S,,2.0,-,,,False,1.0,1.0,0.0,tour,4,1
2024-05-08,0.0,2023/24,VS,Fieschertal,46.54848823,8.06417056,0.0,3835.0,SW,,3.0,=,,,True,0.0,2.0,0.0,tour,5,0
2024-05-19,0.0,2023/24,VS,Evolène,45.99705949,7.45984597,0.0,3300.0,N,40_45,,,,,,2.0,2.0,1.0,tour,5,1
2024-05-19,0.0,2023/24,VS,Fieschertal,46.53307608,8.11854609,,3691.0,NW,40_45,,,,,,0.0,3.0,0.0,tour,5,0
2024-05-19,0.0,2023/24,GR,Pontresina,46.38121023,9.96214051,,3584.0,N,,,,,,,1.0,1.0,0.0,tour,5,1
2024-06-01,0.0,2023/24,VS,Bourg-Saint-Pierre,45.89208111,7.24465011,,3562.0,W,,2.0,,,,True,0.0,1.0,0.0,tour,6,0
2024-06-04,0.0,2023/24,VD,Lavey-Morcles,46.20702087,7.06488567,,2201.0,NW,,,,,,,0.0,1.0,0.0,tour,6,0
2024-06-16,0.0,2023/24,VS,Saas-Fee,46.05908468,7.86705966,,4000.0,SE,,,,,,,0.0,1.0,0.0,tour,6,0
2024-09-07,0.0,2023/24,VS,Randa,46.0954963,7.85616041,,4389.0,NW,,,,,,,0.0,2.0,0.0,tour,9,0
