year,month,country,area,type,activity,sex,age,hour,species,injury,fatal,activity_group,species_group
2000,,Tanzania,,Unprovoked,Swimming,,,,Thought to involve a Zambesi shark,FATAL,1,swimming,unknown
2000,,Usa,Alaska,Provoked,Conducting research,M,,,Salmon shark,Leg bitten by netted shark PROVOKED INCIDENT,0,other,unknown
2000,,Tanzania,,Unprovoked,Swimming,M,,,Thought to involve a Zambesi shark,"FATAL, legs severed",1,swimming,unknown
2000,,Reunion,,Watercraft,Canoe with 3 men onboard sank,M,,,,FATAL,1,surfing,unknown
2000,1.0,Thailand,Phang nga Province,Unprovoked,Diving,M,35.0,,,FATAL,1,diving / snorkeling,unknown
2000,1.0,Usa,Florida,Watercraft,Fishing for tarpon,M,,,Hammerhead shark,No injury to occupant; shark bit propeller,0,fishing,other identified species
2000,2.0,Usa,Florida,Unprovoked,,M,27.0,,,Right calf bitten,0,other,unknown
2000,2.0,South Africa,Western Cape Province,Unprovoked,Body surfing,M,,14.0,"White shark, 2.5 m",Foot bitten,0,surfing,white shark
2000,2.0,England,Worcestershire,Provoked,Feeding prawns to captive sharks,M,,,"Miami, a 60 cm blacktip  shark and two 60 cm bamboo catsharks",Fingers bitten PROVOKED INCIDENT,0,other,blacktip / spinner shark
2000,2.0,New Zealand,South Island,Unprovoked,Surfing,M,12.0,,,"No injury, wetsuit punctured",0,surfing,unknown
2000,2.0,Australia,South Australia,Unprovoked,Surfing,M,26.0,,3 m [10'] shark,Hand bitten,0,surfing,unknown
2000,3.0,Usa,Florida,Unprovoked,Fishing,M,,,,"No Injury, bumped by shark",0,fishing,unknown
2000,3.0,Australia,Queensland,Unprovoked,Swimming,M,26.0,14.0,2.5 m shark,Left calf bitten,0,swimming,unknown
2000,3.0,Usa,Florida,Unprovoked,Boogie boarding,F,14.0,11.0,1.8 m [6'] shark,Right knee lacerated,0,surfing,unknown
2000,3.0,Usa,Florida,Unprovoked,Surfing,M,37.0,14.0,1.2 m [4'] shark,Left hand bitten,0,surfing,unknown
2000,3.0,New Caledonia,North Province,Unprovoked,Spearfishing,M,35.0,,Tiger shark?,FATAL,1,spearfishing,tiger shark
2000,3.0,Australia,New South Wales,Unprovoked,Surfing,M,,19.0,"Tiger shark, 4 m [13'] ?",No Injury,0,surfing,tiger shark
2000,3.0,Australia,New South Wales,Watercraft,Rowing,,,,2 m to 2.5 m [6.75'  to 8.25'] shark,No Injury to occupants,0,kayaking / boating,unknown
2000,3.0,Australia,New South Wales,Watercraft,Rowing,,,,,No injury to occupants; oar bitten,0,kayaking / boating,unknown
2000,3.0,Australia,New South Wales,Unprovoked,Swimming,M,,,,Survived,0,swimming,unknown
2000,3.0,Usa,Louisiana,Unprovoked,Spearfishing,M,39.0,16.0,"Shortfin mako shark, 3 m to 3.4 m [10' to 11']","No injury to diver, speargun damaged",0,spearfishing,other identified species
2000,4.0,Usa,Florida,Unprovoked,Walking,M,34.0,11.0,,Left foot lacerated,0,wading / standing,unknown
2000,4.0,Usa,Florida,Unprovoked,Boogie boarding / wading,M,,14.0,,Puncture marks on right thigh,0,surfing,unknown
2000,5.0,New Caledonia,South Province,Sea Disaster,"Air Disaster - Piper aircraft crashed into the sea, killing all on board",,,,Tiger sharks & bull sharks (20 sharks in all),Sharks prevented recovery of remains,1,surfing,tiger shark
2000,5.0,Papua New Guinea,Madang Province,Unprovoked,Standing,M,9.0,,,Left leg & ankle bitten,0,wading / standing,unknown
2000,5.0,Papua New Guinea,Madang Province,Unprovoked,Diving,M,,,,FATAL,1,diving / snorkeling,unknown
2000,6.0,Papua New Guinea,Madang Province,Unprovoked,,M,,,,FATAL,1,other,unknown
2000,6.0,New Zealand,North Island,Watercraft,Fishing,M,,,"Mako shark, 2 m [6.75']","No injury, shark bit the dinghy",0,fishing,other identified species
2000,6.0,Usa,Florida,Unprovoked,Standing,M,52.0,7.0,,Right ankle lacerated,0,wading / standing,unknown
2000,6.0,Usa,Florida,Watercraft,Sailing,,,14.0,"Bull shark, 2.4 m [8']","No injury to occupants, boat's rear platform bitten",0,kayaking / boating,bull shark
2000,6.0,Usa,Texas,Unprovoked,Surfing,M,17.0,16.0,"Blacktip shark, 1.2 m to 1.8 m [4' to 6']",Foot lacerated,0,surfing,blacktip / spinner shark
2000,6.0,Usa,Alabama,Unprovoked,Swimming,M,55.0,6.0,Bull shark?,Puncture wounds on right hip and arm,0,swimming,bull shark
2000,6.0,Usa,Alabama,Unprovoked,Swimming,M,44.0,6.0,Bull shark,Right forearm severed surgically amputated above elbow,0,swimming,bull shark
2000,6.0,Usa,Florida,Unprovoked,Snorkeling,M,13.0,14.0,,Right forearm lacerated,0,diving / snorkeling,unknown
2000,7.0,Usa,Florida,Unprovoked,,M,5.0,,,Minor laceration on left leg,0,other,unknown
2000,7.0,Usa,Florida,Unprovoked,Snorkeling,F,45.0,,"Nurse shark, 1.5 m [5']",Leg pinched,0,diving / snorkeling,nurse shark
2000,7.0,Usa,North Carolina,Unprovoked,Surfing,M,16.0,,,Foot lacerated,0,surfing,unknown
2000,7.0,Usa,North Carolina,Unprovoked,Surfing,M,14.0,,1.8 m [6'] grey-colored shark,Minor lacerations on foot,0,surfing,unknown
2000,7.0,South Africa,Eastern Cape Province,Unprovoked,Surfing,M,15.0,,,Hand lacerated,0,surfing,unknown
2000,7.0,South Africa,Eastern Cape Province,Unprovoked,Surfing,M,18.0,,,"No injury, flung off board",0,surfing,unknown
2000,7.0,South Africa,KwaZulu-Natal,Unprovoked,Surfing,M,,,,No Injury,0,surfing,unknown
2000,7.0,Tonga,Minerva Reef,Unprovoked,Scuba diving,M,69.0,,"Grey reef shark, 2 m [6.75']",Left arm bitten,0,diving / snorkeling,other identified species
2000,7.0,Usa,Florida,Unprovoked,Wading,M,13.0,15.0,,Minor laceration & 3 punctures to right foot,0,wading / standing,unknown
2000,7.0,Usa,Florida,Unprovoked,Swimming,M,41.0,18.0,,Knee & calf lacerated,0,swimming,unknown
2000,7.0,Usa,Texas,Unprovoked,Jumping,M,5.0,,"Lemon shark, 2.1  m to 2.4 m [7' to 8']",Ankle & foot lacerated,0,wading / standing,other identified species
2000,7.0,Usa,North Carolina,Unprovoked,Playing,F,12.0,16.0,"Tiger shark, 0.9 m to 1.5 m [3' to 5'] ?",Calf lacerated,0,wading / standing,tiger shark
2000,7.0,Usa,Florida,Unprovoked,Wading,F,20.0,18.0,,Left inner thigh,0,wading / standing,unknown
2000,7.0,Usa,Florida,Unprovoked,"Spearfishing, holding mesh bag with speared fish",F,55.0,12.0,"Nurse shark, 1.2 m [4']",Lower right calf lacerated,0,spearfishing,nurse shark
2000,7.0,Usa,Florida,Unprovoked,Wading,F,13.0,17.0,0.9 m [3'] shark,Left calf & hand lacerated,0,wading / standing,unknown
2000,7.0,Usa,Florida,Unprovoked,Standing,F,19.0,14.0,"0.9 m [3'] shark,  probably a blacktip or spinner shark",Left thigh lacerated,0,wading / standing,blacktip / spinner shark
2000,7.0,Tanzania,,Unprovoked,Swimming,,,,Thought to involve a Zambesi shark,FATAL,1,swimming,unknown
2000,8.0,Usa,Florida,Unprovoked,Swimming,M,47.0,12.0,A 2' shark was seen in the area by witnesses,Punctures & lacerations on right foot,0,swimming,unknown
2000,8.0,Usa,Florida,Unprovoked,Jumped into the water,M,69.0,16.0,"Thought to involve a 2.7 m [9'], 400-lb bull shark",FATAL,1,wading / standing,bull shark
2000,8.0,Usa,North Carolina,Unprovoked,Swimming out to porpoises,M,,,,"Severe gash to left hand above wrist, almost severing hand",0,swimming,unknown
2000,8.0,Usa,Hawaii,Unprovoked,"Windsurfing, but sitting on his board",M,53.0,11.0,"Tiger shark, 3.7 m to 4.5 m [12' to 14'9""]",Left calf lacerated,0,surfing,tiger shark
2000,8.0,Usa,Florida,Unprovoked,Surfing / Wading,M,27.0,16.0,juvenile shark,Minor lacerations to the dorsum of the right foot,0,surfing,unknown
2000,8.0,Usa,Florida,Unprovoked,Standing,F,44.0,16.0,"Blacktip shark, 2.4 m to 3 m [8' to 10']",Severely bitten on lower leg,0,wading / standing,blacktip / spinner shark
2000,8.0,Tanzania,,Unprovoked,Swimming,,,,Thought to involve a Zambesi shark,FATAL,1,swimming,unknown
2000,9.0,Usa,California,Unprovoked,Sitting on surfboard,M,,9.0,"White shark, 4.3 m [14']",No injury,0,surfing,white shark
2000,9.0,Australia,South Australia,Unprovoked,Surfing,M,17.0,13.0,White shark,FATAL,1,surfing,white shark
2000,9.0,Australia,South Australia,Unprovoked,Surfing,M,25.0,7.0,"White shark, 4 m to 5 m [13' to 16.5']",FATAL,1,surfing,white shark
2000,9.0,Australia,New South Wales,Provoked,Fell onto dead shark,M,12.0,,100-kg [221-lb] dead blue shark,Foot lacerated from toe to heel when he tripped on shark during fishing competition PROVOKED INCIDENT,0,other,other identified species
2000,9.0,Okinawa,Miyako Island,Unprovoked,Surfing,M,31.0,17.0,"White shark, 2.5 m",FATAL,1,surfing,white shark
2000,9.0,Usa,South Carolina,Unprovoked,,,,,,Non-fatal,0,other,unknown
2000,9.0,Usa,Florida,Unprovoked,Standing / surfing,M,49.0,18.0,,Right lower leg & ankle lacerated,0,surfing,unknown
2000,9.0,Usa,Florida,Unprovoked,Surfing,F,26.0,12.0,,Puncture wounds on knee,0,surfing,unknown
2000,9.0,Usa,Florida,Unprovoked,Swimming / Body surfing,M,25.0,13.0,60 cm to 90 cm [2' to 3'] shark,Finger lacerated,0,surfing,unknown
2000,9.0,Usa,Florida,Unprovoked,Swimming,M,8.0,17.0,,Minor injury to arm and hand,0,swimming,unknown
2000,9.0,South Africa,Western Cape Province,Unprovoked,Free diving,M,48.0,11.0,"White shark, 3.5 m [11.5']  male",Swim fin bitten,0,diving / snorkeling,white shark
2000,9.0,Tanzania,,Unprovoked,Swimming,M,28.0,,Thought to involve a Zambesi shark,FATAL,1,swimming,unknown
2000,9.0,Usa,Florida,Unprovoked,Wading,M,40.0,11.0,1.5 m [5'] shark,Left foot lacerated,0,wading / standing,unknown
2000,9.0,Reunion,Saint-Pierre,Unprovoked,Surfing,M,27.0,18.0,"Tiger shark, 3 m [10']",Left arm bitten,0,surfing,tiger shark
2000,10.0,Australia,Queensland,Watercraft,Fishing,,31.0,22.0,White shark,"No Injury to occupant, shark holed and sank boat",0,fishing,white shark
2000,10.0,Usa,Florida,Unprovoked,Surfing,M,23.0,18.0,,Leg lacerated,0,surfing,unknown
2000,10.0,Usa,Hawaii,Unprovoked,Swimming / snorkeling,F,56.0,11.0,"Tiger shark, 1.8 m to 2.4 m [6' to 8']",Right side of back / torso lacerated,0,diving / snorkeling,tiger shark
2000,10.0,Usa,Florida,Unprovoked,Swimming,M,69.0,15.0,,Right hand lacerated,0,swimming,unknown
2000,10.0,Usa,Florida,Unprovoked,Surfing,M,17.0,,2.1 to 2.4 m [7' to 8'] shark,Foot lacerated,0,surfing,unknown
2000,10.0,Usa,Florida,Unprovoked,Surfing,M,23.0,14.0,"Blacktip shark, 2'",Fingers lacerated,0,surfing,blacktip / spinner shark
2000,10.0,Usa,Florida,Unprovoked,Body surfing,M,11.0,12.0,,Right foot & heel lacerated,0,surfing,unknown
2000,10.0,Usa,North Carolina,Unprovoked,Surfing,M,24.0,16.0,,Upper left arm lacerated,0,surfing,unknown
2000,11.0,Australia,Queensland,Unprovoked,Diving (shell maintenance),M,28.0,,"Tiger shark, 4 m","No injury, wetsuit & swimfin torn",0,diving / snorkeling,tiger shark
2000,11.0,Usa,Florida,Unprovoked,Swimming,M,73.0,12.0,1.2 m to 1.8 m [4' to 6'] shark,Right calf lacerated,0,swimming,unknown
2000,11.0,Australia,Western Australia,Unprovoked,Swimming,M,52.0,6.0,"White shark, 4.9 m [16']",Leg & feet lacerated,0,swimming,white shark
2000,11.0,Australia,Western Australia,Unprovoked,Swimming,M,49.0,6.0,"White shark, 5 m [16.5']","FATAL, torso bitten, leg severed",1,swimming,white shark
2000,11.0,Usa,California,Unprovoked,Surfing,M,27.0,16.0,"White shark, 2.4 m to 3 m [8' to 10']",Both thighs bitten,0,surfing,white shark
2000,12.0,Australia,Queensland,Unprovoked,Scuba diving,M,23.0,,,Hand bitten,0,diving / snorkeling,unknown
2000,12.0,Fiji,Taveuni,Unprovoked,Swimming back from anchored sailboat,M,47.0,14.0,6 m [20'] shark,"FATAL, leg severed",1,swimming,unknown
2000,12.0,Australia,South Australia,Watercraft,Fishing for whiting,,,,"White shark, 4.5 m [14'9""]",No injury to occupants,0,fishing,white shark
2000,12.0,Canada,New Brunswick,Unprovoked,Diving for sea urchins,M,30.0,,"Porbeagle shark, 3 m [10']rk",No injury,0,diving / snorkeling,unknown
2000,12.0,Australia,Queensland,Unprovoked,Spearfishing,M,38.0,9.0,"Bronze whaler shark, 2.5 m [8.25']",Left elbow and forearm bitten,0,spearfishing,other identified species
2000,12.0,New Zealand,Cook Islands,Unprovoked,Surfing,F,,,,FATAL,1,surfing,unknown
2001,,Brazil,Rio Grande de Norte,Unprovoked,Batin,F,12.0,,,Left thigh bitten,0,other,unknown
2001,,Australia,New South Wales,Watercraft,Kayaking,M,35.0,,5 m shark,"No injury, shark rammed & bit kayak",0,kayaking / boating,unknown
2001,1.0,Cuba,Holquin Province,Unprovoked,Swimming,F,55.0,,2 m [6.75'] shark,Left arm bitten,0,swimming,unknown
2001,1.0,Australia,South Australia,Watercraft,Fishing,,,,"White shark, 4.3 m [14']",No injury to occupants,0,fishing,white shark
2001,1.0,Usa,California,Unprovoked,Surfing,M,,,"1.8 m to 2.4 m [6' to 8'] ""black finned shark""","Foot bruised, board dinged",0,surfing,unknown
2001,1.0,New Zealand,North Island,Watercraft,Kayaking,M,,,White shark,"No injury, kayak bitten",0,kayaking / boating,white shark
2001,2.0,Australia,Western Australia,Watercraft,Fishing for whiting,,,,"White shark, 5 m [16.5']",No injury to occupants,0,fishing,white shark
2001,2.0,Australia,New South Wales,Unprovoked,Surfing,M,40.0,16.0,"Bronze whaler shark, 2.5 m [8.25']  k",Leg bitten,0,surfing,other identified species
2001,3.0,Usa,Hawaii,Unprovoked,Body-boarding,M,,14.0,,"Minor cuts on left hand, body board bitten",0,surfing,unknown
2001,3.0,Usa,Florida,Unprovoked,Surfing,M,,,"Spinner shark, 1.2 m to 1.5 m [4' to 5']",Fingers & hand lacerated,0,surfing,blacktip / spinner shark
2001,3.0,Brazil,Pernambuco,Unprovoked,Swimming,M,20.0,,,FATAL,1,swimming,unknown
2001,3.0,Caribbean Sea,,Sea Disaster,Sinking of the 40' Esperanza off St. Maartin with 36 refugees on board,,,,"Tiger shark, 8'","Human remains recovered in shark caught off Anguilla, probable scavenging on drowned body",1,surfing,tiger shark
2001,4.0,Usa,Florida,Unprovoked,Boogie boarding,M,14.0,15.0,,4 small lacerations on lower right leg,0,surfing,unknown
2001,4.0,Usa,Florida,Unprovoked,Surfing,M,16.0,11.0,,Foot & ankle lacerated,0,surfing,unknown
2001,4.0,Usa,Florida,Unprovoked,Surfing,M,12.0,10.0,Possibly a juvenile blacktip or spinner shark,Right foot & ankle lacerated,0,surfing,blacktip / spinner shark
2001,4.0,Usa,Florida,Unprovoked,,M,,16.0,,Right ankle & lower leg lacerated,0,other,unknown
2001,4.0,Usa,Florida,Unprovoked,Surfing,M,38.0,16.0,,Foot & ankle lacerated,0,surfing,unknown
2001,4.0,Usa,Florida,Unprovoked,Surfing,M,21.0,16.0,Possibly a juvenile blacktip or spinner shark,Small cuts on big & pinky toes of left foot,0,surfing,blacktip / spinner shark
2001,4.0,Usa,Florida,Unprovoked,Body boarding,M,12.0,12.0,Possibly a juvenile blacktip or spinner shark,Foot & ankle lacerated,0,surfing,blacktip / spinner shark
2001,4.0,Usa,Florida,Unprovoked,Surfing,M,22.0,11.0,Possibly a 1.5 m [5'] blacktip or spinner shark,Foot lacerated,0,surfing,blacktip / spinner shark
2001,4.0,Usa,Florida,Unprovoked,Surfing,M,19.0,,Possibly a juvenile blacktip or spinner shark,Minor cuts on right heel & foot,0,surfing,blacktip / spinner shark
2001,4.0,Usa,Florida,Unprovoked,Surfing,M,22.0,12.0,,Lacerations to top & bottom of left foot,0,surfing,unknown
2001,4.0,Usa,Hawaii,Unprovoked,Surfing,M,,7.0,"1 m shark, possibly whitetip reef shark",Minor punctures & lacerations on left hand,0,surfing,white shark
2001,4.0,Usa,Florida,Unprovoked,Surfing,,16.0,,Possibly a juvenile blacktip or spinner shark,Foot lacerated,0,surfing,blacktip / spinner shark
2001,4.0,South Africa,Eastern Cape Province,Unprovoked,Surfing,M,46.0,9.0,"White shark, 2.7 m [9']","Thigh, hip & buttock bitten",0,surfing,white shark
2001,4.0,Australia,New South Wales,Provoked,Snorkeling,M,,,Wobbegong shark,Wrist lacerated PROVOKED INCIDENT,0,diving / snorkeling,other identified species
2001,4.0,Usa,Florida,Unprovoked,Standing alongside surfboard,M,26.0,14.0,"""small shark""",Minor lacerations to dorsum of left foot,0,surfing,unknown
2001,4.0,Australia,New South Wales,Unprovoked,Surfing,M,40.0,10.0,Bronze whaler shark,Calf bitten,0,surfing,other identified species
2001,5.0,Usa,Texas,Unprovoked,,M,16.0,,,Survived,0,other,unknown
2001,5.0,Usa,South Carolina,Unprovoked,Swimming,M,11.0,,1.2 m to 1.5 m [4.5' to 5'] shark,Shin lacerated,0,swimming,unknown
2001,5.0,Usa,South Carolina,Unprovoked,Swimming,M,,19.0,,5.5-inch laceration on calf,0,swimming,unknown
2001,5.0,Philippines,Zamboanga del Sur Province,Provoked,Shark fishing,M,24.0,,,Arm bitten PROVOKED INCIDENT,0,fishing,unknown
2001,5.0,South Africa,Eastern Cape Province,Unprovoked,Surfing,M,26.0,,"White shark, 2.7 m to 3 m [9' to 10']",Leg bitten,0,surfing,white shark
2001,5.0,Australia,New South Wales,Unprovoked,Surfing,M,,17.0,,"Chest lacerated, surfboard bitten",0,surfing,unknown
2001,5.0,Usa,Florida,Unprovoked,Surfing,M,45.0,19.0,1.2 m to 1.5 m [4' to 5'] shark,Foot lacerated,0,surfing,unknown
2001,5.0,Fiji,Taveuni,Unprovoked,"Spearfishing, carrying his catch",M,,,,FATAL,1,spearfishing,unknown
2001,6.0,Usa,Texas,Unprovoked,Swimming,M,14.0,,1.5 m [5'] shark,Leg lacerated,0,swimming,unknown
2001,6.0,Usa,California,Provoked,Spearfishing,M,52.0,9.0,"White shark, 2.4 m to 3 m [8' to 10']","No injury. Shark made threat display, then diver shot the shark PROVOKED INCIDENT",0,spearfishing,white shark
2001,6.0,Usa,South Carolina,Unprovoked,Wading,F,29.0,13.0,2' shark,3 puncture wounds on each side of her left  hand,0,wading / standing,unknown
2001,7.0,Usa,South Carolina,Unprovoked,,F,,,,Survived,0,other,unknown
2001,7.0,Usa,Florida,Unprovoked,,M,,16.0,,Minor injury,0,other,unknown
2001,7.0,Usa,Florida,Unprovoked,,F,,,Nurse shark,2 bites behind knee,0,other,nurse shark
2001,7.0,Usa,Massachusetts,Watercraft,Fishing,,,,"Mako shark, 14'",No Injury to occupants; shark bumped the boat,0,fishing,other identified species
2001,7.0,Usa,Florida,Unprovoked,Surfing,M,48.0,14.0,,Left foot & heel lacerated,0,surfing,unknown
2001,7.0,Usa,Florida,Unprovoked,Boogie boarding,M,18.0,14.0,0.9 m  [3'] shark,Foot lacerated,0,surfing,unknown
2001,7.0,Mexico,Baja California,Unprovoked,Surfing,M,42.0,,,Foot bitten,0,surfing,unknown
2001,7.0,Usa,Florida,Unprovoked,Swimming,M,8.0,,"Bull shark, 2.3 m [7.5']","Arm severed, surgically reattached",0,swimming,bull shark
2001,7.0,Usa,South Carolina,Unprovoked,,,,,,Hand bitten,0,other,unknown
2001,7.0,Usa,Georgia,Unprovoked,Floating face-down in knee-deep water,M,35.0,18.0,,2-inch cut on dorsum of left foot,0,swimming,unknown
2001,8.0,Bahamas,Abaco Islands,Unprovoked,Spearfishing,M,44.0,13.0,3 m [10'] bull shark,Torso lacerated,0,spearfishing,bull shark
2001,8.0,Usa,Florida,Unprovoked,Standing,F,29.0,13.0,,Punctures & lacerations on elbow & forearm,0,wading / standing,unknown
2001,8.0,Usa,Florida,Unprovoked,Wading,M,69.0,16.0,,Heel lacerated,0,wading / standing,unknown
2001,8.0,Usa,Florida,Unprovoked,Boogie Boarding,M,18.0,16.0,,Thigh & foot bitten,0,surfing,unknown
2001,8.0,Usa,Florida,Unprovoked,Boogie Boarding,M,18.0,14.0,,Upper left thigh & right foot bitten,0,surfing,unknown
2001,8.0,Usa,Florida,Unprovoked,Surfing,M,17.0,16.0,a small shark,Foot lacerated,0,surfing,unknown
2001,8.0,Usa,Florida,Unprovoked,Surfing,M,27.0,16.0,,Thigh lacerated,0,surfing,unknown
2001,8.0,Usa,Florida,Unprovoked,Surfing,M,32.0,13.0,,Cuts on right foot,0,surfing,unknown
2001,8.0,Usa,Florida,Unprovoked,Surfing,F,17.0,13.0,,Lacerations to lower leg,0,surfing,unknown
2001,8.0,Usa,Florida,Unprovoked,Surfing,F,17.0,11.0,,Left foot lacerated,0,surfing,unknown
2001,8.0,Usa,Florida,Unprovoked,Surfing,M,20.0,12.0,Possibly  a blacktip or spinner shark,Cuts on right foot,0,surfing,blacktip / spinner shark
2001,8.0,Usa,Florida,Unprovoked,Surfing,M,19.0,12.0,"3' shark, possibly  a blacktip or spinner shark",Back of left hand gashed,0,surfing,blacktip / spinner shark
2001,8.0,Usa,Florida,Unprovoked,Surfing,M,19.0,10.0,"Blacktip shark, 5' to 6'",Left ankle bitten,0,surfing,blacktip / spinner shark
2001,8.0,Bahamas,Grand Bahama Island,Unprovoked,Spearfishing,M,43.0,16.0,1.9 m [6.5'] bull shark,Calf bitten,0,spearfishing,bull shark
2001,8.0,Thailand,Rayong Province,Unprovoked,Fell off banana boat,M,,,3 m [10'] shark,Legs bitten,0,kayaking / boating,unknown
2001,8.0,Usa,South Carolina,Unprovoked,,F,,,,Toe bitten,0,other,unknown
2001,8.0,Bahamas,Grand Bahama Island,Unprovoked,Swimming,M,36.0,10.0,,"Leg bitten, later surgically amputated above the knee",0,swimming,unknown
2001,8.0,Italy,,Watercraft,Fishing,,,,,No Injury to occupants,0,fishing,unknown
2001,9.0,Mexico,Guerrero,Unprovoked,Body surfing,M,26.0,,"Tiger shark, 1.8 m [6']",Hand injured,0,surfing,tiger shark
2001,9.0,Australia,Queensland,Watercraft,,M,31.0,,4 m [13'] white shark,No injury from shark,0,other,white shark
2001,9.0,Usa,Florida,Provoked,"Surfing, fell off surfboard & stepped on the shark.",M,21.0,16.0,4' shark,PROVOKED INCIDENT Several small lacerations on left foot,0,surfing,unknown
2001,9.0,Usa,Florida,Unprovoked,Surfing,M,14.0,15.0,,"1"" to 2"" cuts on right ankle & foot",0,surfing,unknown
2001,9.0,Usa,Florida,Unprovoked,Boogie boarding,M,,15.0,2' to 3.5' shark,"2 lacerations on lower back, punctures on buttock",0,surfing,unknown
2001,9.0,Usa,North Carolina,Unprovoked,Surfing,M,16.0,13.0,,Foot bitten,0,surfing,unknown
2001,9.0,United Kingdom,Cheshire,Provoked,Diving,M,,,12' sandtiger shark,Head bitten by captive shark PROVOKED INCIDENT,0,diving / snorkeling,tiger shark
2001,9.0,Usa,Florida,Provoked,Fishing,M,44.0,,,Fingers & leg lacerated  by hooked shark PROVOKED INCIDENT,0,fishing,unknown
2001,9.0,Usa,Florida,Unprovoked,Walking in shallows,M,13.0,18.0,,Minor injury to left leg,0,wading / standing,unknown
2001,9.0,Usa,North Carolina,Unprovoked,Swimming,M,28.0,18.0,A large white shark was filmed by divers on a local wreck 2 days prior to the incident.,FATAL,1,swimming,white shark
2001,9.0,Usa,North Carolina,Unprovoked,Swimming,F,23.0,18.0,A large white shark was filmed by divers on a local wreck 2 days prior to the incident.,Left buttock & foot  severed,0,swimming,white shark
2001,9.0,Usa,Florida,Unprovoked,Wading,M,20.0,,1.5 m [5'] shark,Right calf lacerated,0,wading / standing,unknown
2001,9.0,Usa,Virginia,Unprovoked,Swimming,M,10.0,18.0,bull shark,"FATAL, thigh bitten",1,swimming,bull shark
2001,10.0,South Africa,KwaZulu-Natal,Unprovoked,Kite-Boarding,M,,,"Mako shark, 2 m [6.75']",No injury,0,surfing,other identified species
2001,10.0,Australia,Queensland,Unprovoked,Snorkeling,F,20.0,13.0,Bronze whaler shark?,Lacerations to right forearm & shoulder injured,0,diving / snorkeling,other identified species
2001,11.0,Australia,New South Wales,Unprovoked,Surfing,M,49.0,,Bronze whaler shark,"No Injury, shark hit board",0,surfing,other identified species
2001,11.0,Usa,Hawaii,Unprovoked,Surfing,,,17.0,,"No injury, portion of board's lower surface removed",0,surfing,unknown
2002,,United Kingdom,Cheshire,Provoked,Diving,M,30.0,,"Sandtiger shark, 3 m [10']",Hand bitten by captive shark PROVOKED INCIDENT,0,diving / snorkeling,tiger shark
2002,,Papua New Guinea,Louisiade Archipelago,Unprovoked,,,,,,"Arm severely lacerated, surgically amputated",0,other,unknown
2002,,Papua New Guinea,Louisiade Archipelago,Unprovoked,Attempting to retreive a dinghy,,,,,FATAL,1,other,unknown
2002,,Costa Rica,Guanacaste,Unprovoked,Surfing,M,,,"Bull shark, 1.8 m to 2.1 m [6' to 7']",Toothmarks in board & his swim trunks,0,surfing,bull shark
2002,1.0,Australia,New South Wales,Unprovoked,Surfing,M,20.0,20.0,"Tiger shark, 3 m [10']",Bruises & minor cuts,0,surfing,tiger shark
2002,1.0,Australia,Western Australia,Unprovoked,Swimming,M,32.0,,,15 cm wound on inner thigh,0,swimming,unknown
2002,1.0,South Africa,KwaZulu-Natal,Unprovoked,Fishing,M,16.0,2.0,Zambesi shark?,Leg bitten & surgically amputated,0,fishing,unknown
2002,1.0,Brazil,Pernambuco,Unprovoked,Swimming,,,,,FATAL,1,swimming,unknown
2002,1.0,South Africa,KwaZulu-Natal,Unprovoked,Surf skiing,M,26.0,,Unidentified,Foot & calf bitten,0,surfing,unknown
2002,1.0,Usa,Hawaii,Unprovoked,Snorkeling,M,35.0,13.0,"Tiger shark, 1.8 m [6']",Lacerations to buttocks & thigh,0,diving / snorkeling,tiger shark
2002,2.0,Turks & Caicos,,Unprovoked,Capsized fishing boat,M,,,,FATAL,1,fishing,unknown
2002,2.0,Australia,Queensland,Unprovoked,Surfing,M,,9.0,"1.5 m [5'] ""whaler shark""",Heel / foot bitten,0,surfing,other identified species
2002,2.0,Fiji,Cikobia Island (north of Vanua Levu),Unprovoked,,M,15.0,20.0,,"FATAL, lower thigh & knee severely lacerated",1,other,unknown
2002,2.0,Australia,New South Wales,Watercraft,Kayaking,M,35.0,19.0,C. leucas tooth fragment recovered from kayak,Stern of kayak bitten/chest bruised,0,kayaking / boating,unknown
2002,3.0,Usa,Hawaii,Unprovoked,Body-boarding,M,17.0,12.0,Tiger shark,Left leg severed below knee,0,surfing,tiger shark
2002,3.0,Usa,Florida,Unprovoked,Wading,F,11.0,10.0,,Foot bitten,0,wading / standing,unknown
2002,3.0,Brazil,Pernambuco,Unprovoked,Swimming,M,16.0,17.0,,"Severe kacerations, FATAL",1,swimming,unknown
2002,3.0,Usa,Florida,Unprovoked,Swimming /  boogie boarding,M,20.0,15.0,4' shark,Punctures on left foot and foot,0,surfing,unknown
2002,3.0,Usa,Florida,Unprovoked,Snorkeling,M,39.0,,"Nurse shark, 1m",Arm bitten,0,diving / snorkeling,nurse shark
2002,3.0,Usa,Florida,Unprovoked,Surfing,M,31.0,10.0,"Spinner shark, 3' to 4'",Several  puncture wounds on lower right leg,0,surfing,blacktip / spinner shark
2002,4.0,Australia,South Australia,Unprovoked,Scallop diving (using surface-supplied air & a POD),M,23.0,12.0,"White shark, 6m [20']","FATAL, torso & leg bitten",1,surfing,white shark
2002,4.0,Usa,Florida,Unprovoked,"Surfing, but standing in water alongside board",M,34.0,10.0,1.2 m [4'] shark,Left foot bitten,0,surfing,unknown
2002,4.0,Usa,Florida,Unprovoked,Surfing,M,28.0,11.0,,Left foot bitten,0,surfing,unknown
2002,4.0,Australia,New South Wales,Unprovoked,Swimming,M,45.0,18.0,,Foot bitten,0,swimming,unknown
2002,4.0,Bahamas,Abaco Islands,Unprovoked,Standing,M,43.0,10.0,"Bull shark, 400-lb",Calf bitten,0,wading / standing,bull shark
2002,4.0,Usa,Florida,Unprovoked,Wading,M,41.0,15.0,3'  shark,Two half-inch lacerations on right heel and one near small toe,0,wading / standing,unknown
2002,4.0,Usa,Florida,Unprovoked,Swimming / Wading,M,29.0,11.0,0.9 m [3'] shark,Upper left arm bitten,0,swimming,unknown
2002,5.0,Usa,California,Unprovoked,Surfing,M,24.0,14.0,3.7 m to 4.3 m [12' to 14'] white shark,Lacerated leg & back,0,surfing,white shark
2002,5.0,Usa,Florida,Unprovoked,Floating on a raft,M,16.0,16.0,1 m  shark,Lacerated foot,0,swimming,unknown
2002,5.0,Usa,Florida,Provoked,"Fishing, removing the shark from his line",M,55.0,17.0,3' blacktip shark,Leg bitten by hooked shark PROVOKED INCIDENT,0,fishing,blacktip / spinner shark
2002,5.0,Usa,Florida,Unprovoked,Playing in the surf with his 2 dogs,M,35.0,6.0,,"2-inch wound on dorsum of right foot, 1-inch wound on sole",0,surfing,unknown
2002,5.0,Papua New Guinea,Milne Bay Province,Unprovoked,Collecting beche-de-mer,M,14.0,,,Wrist lacerated,0,other,unknown
2002,5.0,Usa,Florida,Unprovoked,Fishing,M,31.0,,2.1 m to 2.4 m [7' to 8'] shark,Laceration to arm.,0,fishing,unknown
2002,5.0,Brazil,Pernambuco,Unprovoked,Surfing,M,40.0,17.0,,Leg injured,0,surfing,unknown
2002,5.0,Australia,Northern Territory,Provoked,Fishing from prawn trawler,M,20.0,,,Netted shark injured his am & 6 fingers PROVOKED INCIDENT,0,fishing,unknown
2002,6.0,Australia,Queensland,Unprovoked,Surfing,M,30.0,10.0,,minor injury to foot,0,surfing,unknown
2002,6.0,Usa,Florida,Unprovoked,Swimming,F,11.0,14.0,,Small lacerations on right lower leg,0,swimming,unknown
2002,6.0,Usa,Hawaii,Unprovoked,Sitting on surfboard,,,13.0,"Tiger shark, 2.4 m to 2.7 m [8' to 9']","No injury, shark bit side of surfboard",0,surfing,tiger shark
2002,6.0,Usa,Florida,Unprovoked,Surfing,M,28.0,13.0,0.9 m to 1.2 m [3' to 4'] shark; Tooth fragment recovered from hand,Right hand lacerated,0,surfing,unknown
2002,6.0,Usa,Florida,Unprovoked,Surfing,M,50.0,10.0,,6-inch gash on right foot,0,surfing,unknown
2002,6.0,Usa,Florida,Unprovoked,Swimming,M,10.0,13.0,,Right calf lacerated,0,swimming,unknown
2002,6.0,South Africa,KwaZulu-Natal between Port Edward and Port St Johns,Unprovoked,Snorkeling (filming the sardine run),M,50.0,,1.5 to 2.5 m [5' to 8.25'] copper shark,Upper arm bitten,0,diving / snorkeling,other identified species
2002,7.0,Usa,South Carolina,Unprovoked,Surfing,M,13.0,19.0,1.2 m [4'] blacktip or sandbar shark,Heel bitten,0,surfing,blacktip / spinner shark
2002,7.0,Usa,North Carolina,Unprovoked,Swimming,F,15.0,17.0,"Bull shark, 1.8 m to 2.1 m [6' to 7']",Calf bitten,0,swimming,bull shark
2002,7.0,Usa,Florida,Provoked,Surfing,M,19.0,18.0,,2 small lacerations on left lower leg when he jumped off board and landed on the shark PROVOKED INCIDENT,0,surfing,unknown
2002,7.0,Usa,Maryland,Provoked,Shark Fishing,M,41.0,,"Mako shark, 400-lb",Drowned when caught in line and pulled overboard by hooked shark PROVOKED INCIDENT,1,fishing,other identified species
2002,7.0,Brazil,Pernambuco,Unprovoked,Surfing,M,22.0,15.0,Bull or tiger shark,Right hand severed,0,surfing,tiger shark
2002,7.0,Usa,North Carolina,Unprovoked,Standing,F,9.0,17.0,"1.2 m to 1.5 m [4' to 5'] shark, possibly a bull shark","Calf, foot & hand bitten",0,wading / standing,bull shark
2002,8.0,Usa,Hawaii,Unprovoked,Surfing,M,16.0,15.0,"Tiger shark, 2.4 m to 3 m [8' to 10']",Left foot lacerated,0,surfing,tiger shark
2002,8.0,Usa,Alabama,Unprovoked,Swimming,F,29.0,17.0,,Both arms & leg bitten,0,swimming,unknown
2002,8.0,Usa,Florida,Unprovoked,Surfing,M,27.0,14.0,0.9 m  to 1.2 m [3' to 4'] shark,Big toe bitten,0,surfing,unknown
2002,8.0,Usa,Florida,Unprovoked,Surfing,M,15.0,15.0,"Nurse shark, 1.5 m [5']",Lacerations on heel & dorsum of right foot,0,surfing,nurse shark
2002,8.0,Usa,Florida,Unprovoked,Standing,M,15.0,12.0,,Ankle & leg lacerated,0,wading / standing,unknown
2002,8.0,Usa,North Carolina,Unprovoked,Standing,M,14.0,11.0,1.2 m to 1.5 m [4' to 5'] shark,Leg lacerated,0,wading / standing,unknown
2002,9.0,Usa,Florida,Unprovoked,Surfing,M,47.0,16.0,4' to 5' shark,Right hand severely lacerated,0,surfing,unknown
2002,9.0,Usa,Florida,Unprovoked,Surfing,M,32.0,7.0,,Left hand bitten,0,surfing,unknown
2002,9.0,Usa,Hawaii,Unprovoked,Fishing from Surfboard,M,55.0,15.0,1.2 m [4'] blacktip shark,"No injury, surfboard bitten",0,surfing,blacktip / spinner shark
2002,9.0,Usa,Florida,Provoked,Fishing,M,,,1.8 m [6'] blacktip shark,Left thumb lacerated PROVOKED INCIDENT,0,fishing,blacktip / spinner shark
2002,9.0,Tonga,Vava'u,Provoked,Swimming,M,,15.0,"Tiger shark, 1.5 m [5']k",Thigh lacerated  PROVOKED INCIDENT,0,swimming,tiger shark
2002,9.0,Usa,Oregon,Unprovoked,Boogie boarding or Surfing,M,24.0,,2.4 m [8'] shark,Ankle lacerated,0,surfing,unknown
2002,9.0,Usa,California,Unprovoked,Surfing,M,35.0,,3 m to 3.7 m [10' to 12'] shark,No injury,0,surfing,unknown
2002,9.0,Brazil,Pernambuco,Unprovoked,Swimming,M,19.0,15.0,Bull or tiger shark,"Left thigh bitten, leg surgically amputated",0,swimming,tiger shark
2002,9.0,Usa,Hawaii,Unprovoked,Body boarding,,,7.0,,"No injury, shark fin seen just before board ripped away & dragged out to sea",0,surfing,unknown
2002,9.0,South Africa,Western Cape Province,Unprovoked,Surf skiing,M,47.0,16.0,White shark,No injury,0,surfing,white shark
2002,9.0,Usa,Florida,Unprovoked,Boogie boarding,M,20.0,15.0,4' to 6' shark,Bitten above & below right knee,0,surfing,unknown
2002,9.0,Usa,Florida,Provoked,"Wading, when he stepped on the shark",M,36.0,17.0,1' to 2' hammerhead or bonnethed shark,2 small puncture wounds on left foot PROVOKED INCIDENT,0,wading / standing,other identified species
2002,10.0,Usa,Hawaii,Unprovoked,Swimming,F,60.0,11.0,A “small” shark,Left foot bitten,0,swimming,unknown
2002,10.0,Brazil,Pernambuco,Unprovoked,Swimming,M,36.0,16.0,Possibly a bull shark or tiger shark,"FATAL, body not recovered",1,swimming,tiger shark
2002,10.0,Usa,Florida,Unprovoked,Surfing,M,21.0,,,Left foot bitten,0,surfing,unknown
2002,10.0,Usa,Florida,Unprovoked,Surfing,M,14.0,12.0,Blacktip or spinner shark,Abrasions on right hand & deep laceration on middle finger,0,surfing,blacktip / spinner shark
2002,10.0,Usa,Florida,Unprovoked,Surfing,M,35.0,13.0,3.5' to 4.5' shark,Heel & back of right knee lacerated,0,surfing,unknown
2002,10.0,Usa,Florida,Unprovoked,Surfing,M,18.0,14.0,3.5' to 4' shark,Left hand lacerated and abraded,0,surfing,unknown
2002,11.0,Micronesia,Caroline Islands,Unprovoked,Scuba diving,M,,,Blacktip shark,Minor injury to right calf,0,diving / snorkeling,blacktip / spinner shark
2002,11.0,Usa,California,Unprovoked,Body boarding,M,48.0,9.0,3 m to 4.5 m [10' to 15'] white shark,Both legs severely lacerated,0,surfing,white shark
2002,11.0,Usa,Hawaii,Unprovoked,Swimming,F,34.0,10.0,2.4 m to 3 m [8' to 10'] grey colored shark,Right shoulder forarm & wrist bitten,0,swimming,unknown
2002,11.0,Turks & Caicos,Caicos Bank,Unprovoked,Snorkeling,F,41.0,8.0,1.8 m to 2.1 m [6' to 7']  Caribbean Reef Shark,"Right upper am, shoulder & back severely  bitten",0,diving / snorkeling,other identified species
2002,11.0,Usa,Florida,Unprovoked,Surfing,M,21.0,13.0,6' shark,1.5-inch laceration,0,surfing,unknown
2002,11.0,Usa,Florida,Unprovoked,Boogie boarding,M,16.0,13.0,3' to 4' shark,Puncture wounds on right foot,0,surfing,unknown
2002,11.0,French Polynesia,Society Islands,Unprovoked,"Fishing, standing in 2' of water",M,52.0,,,Shin bruised,0,fishing,unknown
2002,12.0,Australia,Queensland,Unprovoked,Snorkeling,F,18.0,,Reported to involve a hammerhead shark,Left arm lacerated,0,diving / snorkeling,other identified species
2002,12.0,South Africa,Western Cape Province,Unprovoked,Snorkeling,M,25.0,12.0,"White shark, 4 m white shark",Forearms lacerated,0,diving / snorkeling,white shark
2002,12.0,Australia,Queensland,Unprovoked,Scuba diving,M,26.0,,"Wobbegong shark, 1m",Groin bitten,0,diving / snorkeling,other identified species
2002,12.0,Australia,Queensland,Unprovoked,Swimming,M,23.0,2.0,Bull shark,FATAL,1,swimming,bull shark
2002,12.0,Brazil,Pernambuco,Unprovoked,Surfing,M,19.0,,,FATAL,1,surfing,unknown
2003,,Australia,Northern Territory,Unprovoked,Surf skiing,M,37.0,,,"No injury, flung into water when shark bit rudder of ski",0,surfing,unknown
2003,,French Polynesia,Society Islands,Unprovoked,Spearfishing,M,,,,Leg bitten,0,spearfishing,unknown
2003,1.0,Costa Rica,North Pacific coast,Unprovoked,Surfing,M,,,"Bull shark, 7'",Lower right leg lacerated,0,surfing,bull shark
2003,1.0,Australia,Western Australia,Unprovoked,Surfing,F,,13.0,"Bronze whaler shark, 2.5 m [8.25']","No injury, but her surfboard was bitten",0,surfing,other identified species
2003,2.0,New Zealand,Southland,Unprovoked,Scuba diving,M,44.0,11.0,2.5 m [8.25'] white shark,Arm lacerated (shark made 3 strikes),0,diving / snorkeling,white shark
2003,2.0,Australia,South Australia,Unprovoked,Wading,M,37.0,,"""a small shark""",Ankle lacerated,0,wading / standing,unknown
2003,2.0,Usa,Florida,Unprovoked,Swimming,M,54.0,12.0,Species unidentified,Left hand bitten,0,swimming,unknown
2003,2.0,Australia,New South Wales,Unprovoked,Swimming,M,24.0,,Thought to involve a 2 m [6.75'] grey nurse shark,"Puncture wounds on heel, legs and buttocks",0,swimming,nurse shark
2003,2.0,Australia,Queensland,Unprovoked,Swimming,M,84.0,,Thought to involve a >2 m [6.75'] bull shark,FATAL,1,swimming,bull shark
2003,3.0,Usa,Florida,Provoked,Petting captive sharks,F,,,60 cm [2'] captive shark,Hand nipped PROVOKED INCIDENT,0,other,unknown
2003,4.0,Brazil,Rio de Janeiro,Provoked,Killing  sharks,M,,,,Shallow  lacerations to left  thigh PROVOKED INCIDENT,0,other,unknown
2003,4.0,Brazil,Rio de Janeiro,Unprovoked,Swimming,M,16.0,18.0,,Bitten on finger,0,swimming,unknown
2003,4.0,Brazil,Pernambuco,Unprovoked,Surfing,M,17.0,17.0,Bull shark,"Hand & foot lacerated,  lower left leg severely bitten, necessitating surgical amputation",0,surfing,bull shark
2003,4.0,Brazil,Rio de Janeiro,Unprovoked,Swimming,M,7.0,,,Right hand lacerated,0,swimming,unknown
2003,4.0,Usa,Florida,Unprovoked,Surfing,M,36.0,14.0,Unidentified species,Right leg bitten,0,surfing,unknown
2003,4.0,Usa,Florida,Unprovoked,Surfing,M,17.0,13.0,Unidentified species,Survived,0,surfing,unknown
2003,4.0,Usa,Florida,Unprovoked,Surfing,M,30.0,,Unidentified species,Left foot bitten,0,surfing,unknown
2003,4.0,Usa,Florida,Unprovoked,Surfing,M,23.0,9.0,0.9 m to 1.2 m [3' to 4'] shark,Small lacerations to foot,0,surfing,unknown
2003,4.0,Usa,Florida,Unprovoked,Surfing,M,18.0,14.0,Unidentified species,Left ankle bitten or right foot,0,surfing,unknown
2003,4.0,Usa,Florida,Unprovoked,Jumping,M,11.0,13.0,A “small” shark,Left foot bitten,0,wading / standing,unknown
2003,4.0,Usa,Florida,Unprovoked,Surfing,M,12.0,8.0,Unidentified species,2 lacerations on left thigh,0,surfing,unknown
2003,4.0,Usa,Florida,Unprovoked,Swimming (using a float),M,20.0,13.0,"15 cm to 20 cm [6"" to 8""] bite diameter just below left knee",Left calf lacerated,0,swimming,unknown
2003,4.0,Venezuela,Nueva Esparta,Unprovoked,Surfing,M,28.0,,"Mako shark, 3 m [10']","Right foot bitten, left leg severed",0,surfing,other identified species
2003,4.0,Usa,Florida,Unprovoked,Surfing,M,,,,Arm lacerated,0,surfing,unknown
2003,4.0,Usa,Florida,Unprovoked,Surfing,M,50.0,8.0,4' to 5' shark,Left hand and wrist bitten,0,surfing,unknown
2003,5.0,Usa,Florida,Unprovoked,Surfing,M,18.0,10.0,,Left foot lacerated,0,surfing,unknown
2003,5.0,Usa,Florida,Unprovoked,Wading,M,22.0,13.0,3' to 5' shark,Left foot bitten,0,wading / standing,unknown
2003,5.0,Usa,Hawaii,Unprovoked,Swimming,M,20.0,11.0,1.8 m [6'] reef shark - or a 2.1 m to 2.4 m [7' to 8'] grey-colored shark,Right calf & heel bitten,0,swimming,other identified species
2003,5.0,Usa,Florida,Provoked,Surfing,M,34.0,11.0,4' to 5' shark,Multiple bites to foot after jumping off surfboard onto shark PROVOKED INCIDENT,0,surfing,unknown
2003,5.0,Usa,Florida,Unprovoked,Walking,F,9.0,12.0,,Laceration to right lower leg,0,wading / standing,unknown
2003,5.0,Philippines,Baatan,Unprovoked,,,,,White shark,Arm severed,0,other,white shark
2003,6.0,Usa,Florida,Unprovoked,Surfing,M,17.0,13.0,Unidentified species,Right foot & toes lacerated,0,surfing,unknown
2003,6.0,Usa,Florida,Unprovoked,Surfing,M,15.0,,106 cm [3.5']  shark,Ankle lacerated,0,surfing,unknown
2003,6.0,Brazil,Pernambuco,Unprovoked,,M,,,,FATAL,1,other,unknown
2003,6.0,Usa,Florida,Unprovoked,Standing,F,12.0,,“small brown shark”,2 lacerations to the thigh,0,wading / standing,unknown
2003,6.0,Usa,Hawaii,Unprovoked,Swimming with pod of dolphins,M,60.0,8.0,3.7 m to 4.3 m [12' to 14'] shark,Right foot bitten,0,swimming,unknown
2003,6.0,Usa,Johnston Atoll,Unprovoked,Swimming,M,51.0,,Unidentified species,Left leg bitten,0,swimming,unknown
2003,6.0,Usa,North Carolina,Unprovoked,Surfing,M,33.0,,"""sand shark""",Hand bitten,0,surfing,other identified species
2003,6.0,Usa,Florida,Unprovoked,Surfing,,15.0,11.0,,6 puncture wounds to left ankle,0,surfing,unknown
2003,7.0,Usa,Florida,Unprovoked,Surfing,M,18.0,15.0,,Laceration to little finger of  right hand,0,surfing,unknown
2003,7.0,Usa,Florida,Unprovoked,Wading,F,15.0,14.0,,Heel & sole of left foot,0,wading / standing,unknown
2003,7.0,Bahamas,Abaco Islands,Unprovoked,Spearfishing,M,58.0,14.0,Unidentified species,Right thigh bitten,0,spearfishing,unknown
2003,7.0,Usa,Florida,Provoked,"Walking, carrying surfboard & stepped on shark",M,10.0,10.0,2' shark,3 puncture wounds on right lateral ankle PROVOKED INCIDENT,0,surfing,unknown
2003,7.0,Usa,Florida,Unprovoked,Surfing,M,21.0,,1.5 m to 1.8 m [5' to 6'] shark,Left foot bitten,0,surfing,unknown
2003,7.0,Bahamas,Abaco Islands,Unprovoked,Spearfishing,M,39.0,14.0,2.1 m  [7'] bull shark,Left calf bitten,0,spearfishing,bull shark
2003,7.0,Usa,Florida,Unprovoked,Spearfishing,M,,,8' great hammerhead shark,Laceration to toe,0,spearfishing,other identified species
2003,7.0,New Zealand,Cook Islands,Unprovoked,Snorkeling,M,,,Grey reef shark,Chest & buttocks  bitten,0,diving / snorkeling,other identified species
2003,8.0,Usa,Texas,Provoked,Fishing,M,,12.0,1.2 m [4'] bull shark,PROVOKED INCIDENT Hooked shark pulled onboard bit his arm,0,fishing,bull shark
2003,8.0,Usa,California,Unprovoked,"Swimming, wearing black wetsuit & swim fins",F,50.0,8.0,4.5 m to 5.5 m [15' to 18'] white shark,"FATAL          Hip & upper thigh bitten, femoral artery severed",1,swimming,white shark
2003,8.0,South Africa,Eastern Cape Province,Unprovoked,Sitting on surfboard,M,16.0,8.0,3.5 m [11.5'] white shark,"No injury, wetsuit torn & board bitten",0,surfing,white shark
2003,9.0,Fiji,Taveuni,Unprovoked,Wading to shore from his boat,M,40.0,,,FATAL abdomen bitten,1,wading / standing,unknown
2003,9.0,Usa,Florida,Unprovoked,Surfing,M,16.0,7.0,,Arm lacerated,0,surfing,unknown
2003,9.0,Usa,Florida,Unprovoked,Surfing,M,21.0,11.0,,Left foot bitten,0,surfing,unknown
2003,9.0,Usa,Florida,Unprovoked,Surfing,M,19.0,16.0,,Left heel lacerated,0,surfing,unknown
2003,9.0,Usa,Florida,Unprovoked,Surfing,M,17.0,14.0,,3 puncture wounds on left foot,0,surfing,unknown
2003,9.0,Usa,Florida,Unprovoked,Surfing,M,30.0,16.0,3' shark,Left foot: lacerations on heel and sole,0,surfing,unknown
2003,9.0,South Africa,Western Cape Province,Watercraft,Fishing,,,9.0,2 m cow shark,"No injury to occupants, shark bit boat",0,fishing,unknown
2003,9.0,Usa,Florida,Unprovoked,Body boarding,M,18.0,17.0,6' shark,Left calf avulsion,0,surfing,unknown
2003,9.0,Usa,South Carolina,Unprovoked,"Standing, stepped on shark",M,15.0,,7' shark,Ankle lacerated,0,wading / standing,unknown
2003,9.0,South Africa,Western Cape Province,Unprovoked,Body boarding,M,19.0,14.0,White shark,"FATAL, left thigh, buttocks, back of spine, abdomen & chest bitten",1,surfing,white shark
2003,9.0,Usa,Florida,Unprovoked,Wade-fishing,M,,,,2 lacerations on each side of Achilles tendon,0,fishing,unknown
2003,10.0,Usa,Florida,Unprovoked,Surfing,M,18.0,15.0,1.2 m to 1.5 m [4' to 5'] shark,Left foot (sole) bitten,0,surfing,unknown
2003,10.0,Australia,New South Wales,Unprovoked,Surfing,M,22.0,17.0,"1.5 m [5'] shark, either a bronze whaler or a grey nurse shark",Left ankle & foot lacerated,0,surfing,nurse shark
2003,10.0,Usa,Hawaii,Unprovoked,Surfing,F,13.0,7.0,"Tiger shark, 14'",Left arm severed below shoulder,0,surfing,tiger shark
2003,10.0,Usa,Florida,Unprovoked,Surfing,M,46.0,12.0,,Laceration on right ankle & heel,0,surfing,unknown
2003,10.0,Usa,Florida,Unprovoked,Surfing,M,19.0,,1.2 m [4'] shark,Foot bitten,0,surfing,unknown
2003,10.0,Usa,Florida,Unprovoked,Surfing,F,,15.0,,Minor puncture wounds in hand,0,surfing,unknown
2003,10.0,Usa,Florida,Unprovoked,Surfing,M,18.0,14.0,,5 to 6 lacerations on right foot & ankle,0,surfing,unknown
2003,10.0,Usa,Florida,Provoked,Surfing,M,30.0,14.0,,Left ankle bitten when he stepped on the shark PROVOKED INCIDENT,0,surfing,unknown
2003,10.0,Usa,Florida,Unprovoked,Sitting on surfboard,M,50.0,12.0,,Left foot bitten,0,surfing,unknown
2003,10.0,Usa,Hawaii,Unprovoked,Wading near a fishing net,F,41.0,12.0,"1.2 m [4'] ""grey-colored shark""","Left thigh abraded, right knee and right index finger injured",0,fishing,unknown
2003,11.0,Australia,Western Australia,Unprovoked,Swimming,M,,11.0,"Wobbegong shark, 1.2 m [4']","After biting Halverson, it bit Scott's thigh",0,swimming,other identified species
2003,11.0,Australia,Western Australia,Unprovoked,Swimming,M,,11.0,"Wobbegong shark, 1.2 m [4']",Hand & foot bitten,0,swimming,other identified species
2003,11.0,South Africa,KwaZulu-Natal,Unprovoked,Spearfishing,M,21.0,8.0,"Tiger shark, 4 m [13']  ?","Presumed FATAL, severed hand recovered",1,spearfishing,tiger shark
2003,11.0,Usa,Florida,Unprovoked,Surfing,F,35.0,15.0,4' shark,Severe abrasion to left lateral calf,0,surfing,unknown
2003,11.0,India,Tamil Nadu,Unprovoked,Swimming or surfing,M,35.0,,Tiger shark?,Left index finger lacerated,0,surfing,tiger shark
2003,11.0,Usa,Florida,Unprovoked,Surfing,M,24.0,,,Lacerations to hand,0,surfing,unknown
2003,11.0,Egypt,Sinai Peninsula,Unprovoked,Snorkeling,M,,,2.5 oceanic whitetip shark,Hand/elbow injured,0,diving / snorkeling,white shark
2003,11.0,South Africa,KwaZulu-Natal,Unprovoked,Surf skiing,,,,White shark,"No injury to occupants, hull of ski bitten",0,surfing,white shark
2003,11.0,Australia,New South Wales,Unprovoked,Standing,M,,,,Minor lacerations to leg & foot,0,wading / standing,unknown
2003,11.0,Panama,Pearl Islands,Provoked,Spearfishing,M,,,"Nurse shark, 60 cm to 90 cm [2' to 3']",Left forearm bitten PROVOKED INCIDENT,0,spearfishing,nurse shark
2003,12.0,South Africa,KwaZulu-Natal,Watercraft,,,,,Shortfin mako shark,No injury to occupants,0,other,other identified species
2003,12.0,Usa,Florida,Unprovoked,Swimming,M,13.0,13.0,,Foot bitten,0,swimming,unknown
2003,12.0,New Zealand,Cook Islands,Unprovoked,Swimming / shipwreck,M,45.0,,,FATAL,1,swimming,unknown
2003,12.0,Australia,Victoria,Unprovoked,Surfing amid a shoal of sharks,M,36.0,9.0,,"No inury, shark caught leash attached to surfer's ankle & towed him a short distance",0,surfing,unknown
2004,,Australia,Western Australia,Watercraft,Fishing,,,,4 m [13'] white shark,"No injury to occupants; shark mouthed motor, severed anchor line",0,fishing,white shark
2004,,South Africa,KwaZulu-Natal,Watercraft,Surf skiing,M,,,"Mako shark, 3 m to 4 m [10' to 13']","No injury to occupants, stern of ski bitten",0,surfing,other identified species
2004,1.0,Australia,Western Australia,Unprovoked,Scuba diving,M,46.0,11.0,4 m to 5 m [13' to 16.5'] white shark,Left leg bitten,0,diving / snorkeling,white shark
2004,1.0,Uruguay,Rocha,Unprovoked,Surfing,M,21.0,,Possibily a  1.5 to 2 m sandtiger shark,Puncture wounds to dorsum of right foot,0,surfing,tiger shark
2004,1.0,Venezuela,Anzoategui,Unprovoked,Swimming,M,,14.0,"Bull shark, 1.65 m [5'5""] was speared & killed",Lower back & hand bitten,0,swimming,bull shark
2004,1.0,Venezuela,Anzoategui,Unprovoked,Spearfishing,M,40.0,11.0,"Bull shark, 132-kg [291-lb]",Right leg bitten,0,spearfishing,bull shark
2004,1.0,Australia,New South Wales,Unprovoked,Diving,M,,,"Raggedtooth shark, 3.5 m [11.5']","No injury, swim fin ripped off",0,diving / snorkeling,unknown
2004,1.0,South Africa,Eastern Cape Province,Unprovoked,Surfing,M,22.0,,Raggedtooth shark,Foot lacerated,0,surfing,unknown
2004,1.0,Egypt,Sinai Peninsula,Sea Disaster,Air disaster. Flash Airlines Boeing 737 crashed into the Red Sea,,,3.0,,"No survivors, sharks scavenged on remains",1,fishing,unknown
2004,1.0,Australia,Western Australia,Unprovoked,Surfing,M,,,,No inury,0,surfing,unknown
2004,2.0,Brazil,Pernambuco,Unprovoked,Swimming,M,29.0,15.0,,"FATAL, right thigh & hip bitten",1,swimming,unknown
2004,2.0,New Zealand,"South Island, near Karitane north of Dunedin",Unprovoked,Surfing,M,15.0,19.0,2 m [6.75'] sevengill  shark,Thigh lacerated,0,surfing,other identified species
2004,2.0,Australia,New South Wales,Unprovoked,Swimming,M,,,,Three toes lacerated,0,swimming,unknown
2004,2.0,Egypt,,Unprovoked,Snorkeling,M,,,,FATAL,1,diving / snorkeling,unknown
2004,2.0,Australia,New South Wales,Unprovoked,Snorkeling,M,22.0,,"60 cm [23.6""] blind or brown shark",Leg bitten,0,diving / snorkeling,unknown
2004,3.0,Usa,Florida,Unprovoked,,M,26.0,,,Right foot bitten,0,other,unknown
2004,3.0,Usa,Florida,Unprovoked,Surfing,M,20.0,9.0,1.2 m [4'] bull shark,15 puncture wounds on foot,0,surfing,bull shark
2004,3.0,Brazil,Pernambuco,Unprovoked,Body boarding,M,22.0,7.0,bull shark,"Lower left leg bitten, surgically amputated",0,surfing,bull shark
2004,3.0,Usa,Florida,Unprovoked,Surfing,M,,15.0,bull shark,Heel bitten,0,surfing,bull shark
2004,3.0,Reunion,Saint-Benoît,Unprovoked,Surfing,M,20.0,17.0,2.5 m shark,Right thigh bitten,0,surfing,unknown
2004,3.0,Usa,Florida,Unprovoked,Swimming,M,61.0,8.0,,Minor lacerations & abrasions on forearm,0,swimming,unknown
2004,3.0,Usa,Hawaii,Unprovoked,Snorkeling,F,,10.0,1.8 m [6'] shark,Lacerations to left foot,0,diving / snorkeling,unknown
2004,3.0,New Zealand,North Island,Unprovoked,Spearfishing,M,,12.0,Bronze whaler shark,No injury,0,spearfishing,other identified species
2004,3.0,Usa,Hawaii,Unprovoked,Surfing,M,51.0,7.0,"Tiger shark, 2.4 m to 3 m [8' to 10']","No injury, board bitten",0,surfing,tiger shark
2004,3.0,Australia,Western Australia,Unprovoked,Spearfishing,M,47.0,,"Bronze whaler shark, 1.5 m [5']",Shin & calf bitten,0,spearfishing,other identified species
2004,4.0,Australia,New South Wales,Unprovoked,Diving,M,,,"Wobbegong shark, 1.2 m [4'] k",Puncture wounds on wrist,0,diving / snorkeling,other identified species
2004,4.0,New Zealand,North Island,Watercraft,Fishing,,,,"White shark, 5.5 m [18']","No injury to occupants, boat scratched by shark",0,fishing,white shark
2004,4.0,Tonga,Nuku'alofa,Unprovoked,Five men on makeshift raft after their 10 m fishing boat  capsized and sank in rough seas. Survivors rescued after  7.5 hours in the water,M,,,small sharks,"Bitten on feet, legs, back & abdomen but survived.  Survivors rescued after  7.5 hours in the water",1,fishing,unknown
2004,4.0,Usa,Hawaii,Unprovoked,Surfing,M,57.0,7.0,Tiger shark,FATAL Severe wound to right thigh & calf,1,surfing,tiger shark
2004,4.0,South Africa,Western Cape Province,Unprovoked,Surfing,M,16.0,14.0,5 m [16.5'] white shark,"Left leg lacerated, right leg severed above the knee",0,surfing,white shark
2004,5.0,Usa,Texas,Unprovoked,Wading,M,16.0,19.0,0.9 m to 1.5 m [3' to 5'] shark,Puncture wounds on shin,0,wading / standing,unknown
2004,5.0,Brazil,Pernambuco,Unprovoked,Swimming,M,17.0,14.0,Bull shark,"Left hand, foot severed &  left calf & arm bitten",0,swimming,bull shark
2004,5.0,Usa,California,Unprovoked,Surfing,M,44.0,11.0,2.4 m to 3.7 m [8' to 12'] shark,No injury,0,surfing,unknown
2004,5.0,Usa,Florida,Unprovoked,Boogie-boarding / swimming,M,9.0,12.0,,Calf & foot lacerated,0,surfing,unknown
2004,5.0,Usa,Florida,Unprovoked,,F,9.0,,,Foot bitten,0,other,unknown
2004,5.0,Brazil,Pernambuco,Unprovoked,Wading,F,24.0,16.0,,Hips & thighs bitten,0,wading / standing,unknown
2004,5.0,Bahamas,Abaco Islands,Provoked,Free diving & spearfishing,M,63.0,15.0,"1,5 m [5'] Caribbean reef shark (Carcharhinus  perezi)",Left forearm bitten PROVOKED INCIDENT,0,spearfishing,other identified species
2004,5.0,Usa,Texas,Unprovoked,Tandem surfing,M,28.0,16.0,"Mako shark, 1.8 m [6']","No injury, board bitten",0,surfing,other identified species
2004,5.0,Brazil,Pernambuco,Unprovoked,Swimming,M,22.0,,,FATAL,1,swimming,unknown
2004,6.0,Usa,California,Unprovoked,Surfing,M,45.0,9.0,"9'2"" white shark","No injury, shark struck his board",0,surfing,white shark
2004,6.0,Usa,Florida,Unprovoked,In water with diving seabirds,F,,,,Foot bitten,0,diving / snorkeling,unknown
2004,6.0,Australia,Western Australia,Unprovoked,Body boarding,M,17.0,,"Bronze whaler shark, 2.5 m [8.25']",Ankle & foot lacerated,0,surfing,other identified species
2004,6.0,Usa,Florida,Unprovoked,Swimming,M,8.0,18.0,1.2 m [4'] shark,Right wrist  & left arm lacerated,0,swimming,unknown
2004,6.0,South Africa,Western Cape Province,Unprovoked,"Swimming, poaching perlemoen",M,21.0,15.0,White shark,"FATAL, leg severed",1,swimming,white shark
2004,7.0,Usa,Florida,Unprovoked,Surfing,F,20.0,13.0,,Right foot bitten,0,surfing,unknown
2004,7.0,Russia,Kuril Islands in the Pacific,Unprovoked,Diving & fishing with net,M,,,White shark,Thigh & calf bitten,0,diving / snorkeling,white shark
2004,7.0,Usa,North Carolina,Unprovoked,Surfing,F,28.0,17.0,,Right calf bitten,0,surfing,unknown
2004,7.0,Usa,North Carolina,Unprovoked,Swimming,F,13.0,17.0,1.8 m [6'] shark,Right forearm & wrist lacerated,0,swimming,unknown
2004,7.0,Usa,Texas,Unprovoked,Swimming,F,19.0,16.0,1.2 m to 1.5 m [4' to 5'] shark,Right foot bitten,0,swimming,unknown
2004,7.0,Usa,Texas,Unprovoked,Wading / fishing & carrying a bag of fish,M,11.0,19.0,Bull shark,Right forearm nearly severed and bites above & below the right knee,0,fishing,bull shark
2004,7.0,Japan,Wakayama Prefecture,Unprovoked,Fishing for squid aboard the trawler Shikishima-Maru when the shark leapt into the boat,M,51.0,,"Longfin mako shark, 3.5 m [11.5'], 350-kg [772-lb]",Suffered broken ribs when the shark's tail fin slammed into his chest,0,surfing,other identified species
2004,7.0,Australia,Western Australia,Unprovoked,Surfing,M,30.0,14.0,"2 sharks, 4.5 m & 3 m","FATAL, abdomen, pelvis & leg bitten",1,surfing,unknown
2004,7.0,Egypt,Sinai Peninsula,Unprovoked,Snorkeling,F,,,"""black tipped"" shark",Hand severed,0,diving / snorkeling,blacktip / spinner shark
2004,7.0,Usa,Alabama,Unprovoked,Wading,M,7.0,16.0,4' to 5' shark,Right foot lacerated,0,wading / standing,unknown
2004,8.0,Usa,Florida,Unprovoked,Walking,F,38.0,17.0,,Heel bitten,0,wading / standing,unknown
2004,8.0,Brazil,Pernambuco,Unprovoked,Bathing,M,24.0,13.0,"Tiger shark, 1.5 m",Calf bitten & both hands injured,0,swimming,tiger shark
2004,8.0,Usa,California,Unprovoked,Surfing,M,,17.0,0.9 m to 1.2 m [3' to 4'] white shark,Foot bitten,0,surfing,white shark
2004,8.0,Usa,California,Unprovoked,Diving,M,50.0,16.0,4.9 m to 5.5 m [16' to 18'] white shark,FATAL,1,diving / snorkeling,white shark
2004,8.0,Usa,Florida,Unprovoked,Swimming,M,47.0,20.0,1.2 m [4'] shark,"Back, buttocks, left hand & left side of face bitten",0,swimming,unknown
2004,8.0,Australia,New South Wales,Unprovoked,Spearfishing,M,30.0,14.0,,Minor puncture wounds to leg,0,spearfishing,unknown
2004,8.0,South Africa,KwaZulu-Natal,Watercraft,Fishing,,,,3 m to 4 m [10' to 13']  white shark,No injury to occupants; boat damaged,0,fishing,white shark
2004,9.0,Australia,Queensland,Watercraft,Spearfishing/ filming,,,12.0,"Tiger shark, 3 m [10']","No injury to occupants, boat damaged",0,spearfishing,tiger shark
2004,9.0,Usa,Oregon,Unprovoked,Surfing,M,26.0,9.0,White shark,Leg bitten,0,surfing,white shark
2004,9.0,Brazil,Pernambuco,Unprovoked,Swimming,,,,,FATAL,1,swimming,unknown
2004,9.0,Usa,South Carolina,Unprovoked,Jumping,F,17.0,15.0,2.4 m [8'] shark,Left knee & leg bitten,0,wading / standing,unknown
2004,10.0,Cuba,Camaguey Province,Unprovoked,Diving,M,40.0,14.0,2.5 m [8.25'] bull shark,Left forearm bitten,0,diving / snorkeling,bull shark
2004,10.0,South Africa,Western Cape Province,Unprovoked,Chumming for white sharks,M,52.0,,2 m [6.75'] white shark,Right ankle & foot lacerated,0,other,white shark
2004,10.0,Australia,New South Wales,Unprovoked,Surfing,M,59.0,,"Bronze whaler shark, 2.4 m [8']",Right foot lacerated,0,surfing,other identified species
2004,10.0,Usa,California,Unprovoked,Surfing,M,,9.0,1.8 m to 2.4 m [6' to 8'] white shark,Lower leg bitten,0,surfing,white shark
2004,10.0,Usa,Hawaii,Unprovoked,Spearfishing,M,34.0,12.0,"Tiger shark, 2.4 m to 3.7 m [8' to 12']",Left shoulder bitten,0,spearfishing,tiger shark
2004,10.0,South Africa,Eastern Cape Province,Unprovoked,Surfing,M,34.0,,"Raggedtooth shark, 1.5 to 2 m [5' to 6.75']",Puncture wounds on right foot,0,surfing,unknown
2004,10.0,Reunion,Conservatória District,Unprovoked,Body boarding,M,15.0,16.0,Thought to involve a 2.5 m bull or tiger shark,"Leg severely bitten, surgically amputated",0,surfing,tiger shark
2004,10.0,Usa,California,Unprovoked,Surfing,M,16.0,15.0,,"No injury, knocked off surfboard",0,surfing,unknown
2004,10.0,Usa,California,Unprovoked,Surfing,M,40.0,14.0,,"No injury, shark struck board & spun it around",0,surfing,unknown
2004,11.0,South Africa,Eastern Cape Province,Unprovoked,Surfing,M,20.0,18.0,Raggedtooth shark,3 lacerations on foot,0,surfing,unknown
2004,11.0,South Africa,Eastern Cape Province,Unprovoked,Playing,M,16.0,,Raggedtooth shark,Lacerations on lower leg & foot,0,wading / standing,unknown
2004,11.0,South Africa,Western Cape Province,Unprovoked,Swimming,F,77.0,7.0,6 m [20'] white shark,FATAL,1,swimming,white shark
2004,11.0,Usa,California,Unprovoked,Surfing,,38.0,13.0,5.5 m [18'] white shark,"Lacerations to hand, knee & thigh",0,surfing,white shark
2004,11.0,Vanuatu,Malampa Province,Unprovoked,Snorkeling,M,,9.0,,Thigh bitten,0,diving / snorkeling,unknown
2004,11.0,New Caledonia,North Province,Unprovoked,Diving,,,,3 m shark,Forearm bitten,0,diving / snorkeling,unknown
2004,12.0,Australia,South Australia,Unprovoked,Scurfing (surfboard being  towed behind a boat),M,18.0,15.0,4.5 m & 5 m white shark,FATAL,1,surfing,white shark
2004,12.0,Australia,Queensland,Unprovoked,Spearfishing,M,38.0,13.0,Bull shark,"FATAL, leg bitten",1,spearfishing,bull shark
2005,,Australia,South Australia,Watercraft,Fishing,,,15.0,4 m white shark,"No injury to occupants, hydrofoil of outboard motor bitten",0,fishing,white shark
2005,,Usa,Florida,Unprovoked,Surfing,M,,,,Left foot bitten,0,surfing,unknown
2005,,New Caledonia,,Watercraft,,,,,4.5 m white shark,"No injury to occupants, shark lifted bow of boat 3 times",0,other,white shark
2005,,Australia,New South Wales,Unprovoked,Surfing,M,28.0,,"Tiger shark, 3 m","No injury, knocked off board",0,surfing,tiger shark
2005,,Australia,New South Wales,Unprovoked,Surfing,M,,,,"No injury, shark rammed surfboard",0,surfing,unknown
2005,1.0,Cuba,Santiago de Cuba Province,Unprovoked,Swimming,M,19.0,,3 m [10'] shark,Left foot severed,0,swimming,unknown
2005,1.0,Australia,Victoria,Provoked,Spearfishing,M,,,3 m shark,No injury. Towed by speared shark PROVOKED INCIDENT,0,spearfishing,unknown
2005,1.0,Australia,Victoria,Provoked,Attempting to drive shark away from sailing regatta,,,14.0,"Bronze whaler shark, 2 m to 3 m [6.75' to 10']","No injury to occupants, one of the boat's flotation tanks holed PROVOKED INCIDENT",0,kayaking / boating,other identified species
2005,1.0,New Zealand,North Island,Watercraft,Fishing from a kayak,M,39.0,12.0,White shark,"No injury, kayak bumped repeatedly",0,fishing,white shark
2005,2.0,Australia,Queensland,Unprovoked,Swimming,M,18.0,,Bull shark,Finger bitten,0,swimming,bull shark
2005,2.0,Usa,Florida,Provoked,Spearfishing,M,,,"Nurse shark, 3'",Speared shark bit his chest PROVOKED INCIDENT,0,spearfishing,nurse shark
2005,2.0,Usa,Hawaii,Unprovoked,Surfing,M,,14.0,"Tiger shark, 2.4 m [8']","No injury, knocked off board, shark bit board",0,surfing,tiger shark
2005,2.0,Usa,Florida,Unprovoked,Spearfishing,M,,,1.8 m [6'] Caribbean reef shark,Hand bitten,0,spearfishing,other identified species
2005,2.0,Brazil,Bahia,Unprovoked,Surfing,M,12.0,,,Right thigh & ankle injured,0,surfing,unknown
2005,3.0,South Africa,Western Cape Province,Unprovoked,Surfing,M,32.0,9.0,4 m [13'] shark,"Lacerations to right calf, puncture wounds on right foot",0,surfing,unknown
2005,3.0,Venezuela,,Unprovoked,Surfing,M,,17.0,,Right leg bitten,0,surfing,unknown
2005,3.0,Australia,Western Australia,Unprovoked,Snorkeling,M,26.0,14.0,6 m [20'] white shark,FATAL,1,diving / snorkeling,white shark
2005,3.0,Usa,New Mexico,Provoked,Diving in aquarium display tank,M,45.0,15.0,"Sandtiger shark, 2.1 m [7']",2 punctures on forearm as captive shark collided with diver PROVOKED INCIDENT,0,diving / snorkeling,tiger shark
2005,3.0,New Zealand,North Island,Provoked,Fishing,M,,14.0,"Bronze whaler shark, 4.3 m [14']","No injury, netted shark dragged them 350 metres out to sea PROVOKED INCIDENT",0,fishing,other identified species
2005,3.0,Solomon Islands,Santa Isabel Province,Unprovoked,Diving,M,,,,Thighs bitten,0,diving / snorkeling,unknown
2005,4.0,Australia,New South Wales,Provoked,Fishing,M,25.0,23.0,"Mako shark, 1.5 m [5']",Laceration on left thigh PROVOKED INCIDENT,0,fishing,other identified species
2005,4.0,Australia,New South Wales,Unprovoked,,,,,,Shark-bitten surfboard found adrift,0,other,unknown
2005,4.0,Australia,Northern Territory,Unprovoked,Spearfishing,M,20.0,,2 m [6.75'] copper shark,Minor cuts above his right eye,0,spearfishing,other identified species
2005,4.0,Australia,New South Wales,Unprovoked,Surfing,M,40.0,6.0,Bronze whaler shark,"No injury, board bitten",0,surfing,other identified species
2005,4.0,Usa,Florida,Unprovoked,Wading,F,70.0,,1.8 m [6'] blacktip shark,Right lower leg bitten,0,wading / standing,blacktip / spinner shark
2005,4.0,Usa,Texas,Unprovoked,Surfing,M,37.0,19.0,,Left foot bitten,0,surfing,unknown
2005,4.0,Usa,Florida,Unprovoked,,F,,,small hammerhead shark,Left calf injured,0,other,other identified species
2005,5.0,Usa,Florida,Unprovoked,Swimming,M,33.0,17.0,"""small shark""",Left foot bitten,0,swimming,unknown
2005,5.0,Usa,Florida,Unprovoked,Crouching in 2' of water,F,,18.0,"18"" to 36"" shark",Right arm & torso bitten,0,other,unknown
2005,5.0,South Africa,Eastern Cape Province,Unprovoked,Surfing,M,32.0,11.0,Raggedtooth shark,Left buttock  & legs lacerated,0,surfing,unknown
2005,5.0,Australia,Queensland,Unprovoked,Spearfishing,M,,,Blacktip shark,Severe injury to lower leg,0,spearfishing,blacktip / spinner shark
2005,5.0,Usa,Hawaii,Watercraft,Kayaking,,,11.0,"Tiger shark, 8' to 9'","No injury, shark bit kayak",0,kayaking / boating,tiger shark
2005,5.0,Madagascar,,Unprovoked,Fishing,M,,,2.5 m shark,Thigh bitten,0,fishing,unknown
2005,5.0,Usa,South Carolina,Sea Disaster,Sea Disaster,M,,,,No injury,0,other,unknown
2005,5.0,Usa,Hawaii,Unprovoked,Surfing,M,47.0,10.0,"Tiger shark, 3 m [10']","No injury, board damaged",0,surfing,tiger shark
2005,6.0,Usa,Florida,Unprovoked,Fishing,M,16.0,11.0,Bull shark,"Leg severely bitten, surgically amputated",0,fishing,bull shark
2005,6.0,Usa,Florida,Unprovoked,Swimming with boogie board,F,14.0,11.0,1.8 m [6'] bull shark,"FATAL, leg bitten",1,surfing,bull shark
2005,6.0,Vanuatu,Malampa Province,Unprovoked,Swimming,F,7.0,,"On 8/13/2005 anglers from New Zealand caught a 2.8 m [9'3""], 140-kg [309-lb] shark at the same spot. It was believed this was the same shark that killed Alysha",FATAL,1,swimming,unknown
2005,6.0,Mexico,Baja California,Unprovoked,Surfing,M,,7.0,,Left foot bitten,0,surfing,unknown
2005,6.0,Usa,Florida,Unprovoked,Swimming,M,20.0,,"Unknown, but it was reported that a shark tooth was recovered from the wound",Foot bitten,0,swimming,unknown
2005,6.0,South Korea,South Ch'ungch'ong Province,Unprovoked,Diving,F,38.0,,3 m [10'] white shark,Knee bitten,0,diving / snorkeling,white shark
2005,6.0,Usa,South Carolina,Unprovoked,Boogie boarding,F,11.0,11.0,,Foot lacerated,0,surfing,unknown
2005,6.0,South Africa,Western Cape Province,Unprovoked,Spearfishing (Free diving),M,22.0,15.0,White shark,FATAL,1,spearfishing,white shark
2005,6.0,Usa,Texas,Unprovoked,Wading,M,6.0,,,Two 2-inch lacerations on right foot,0,wading / standing,unknown
2005,7.0,Usa,Florida,Unprovoked,Wading,F,13.0,18.0,,Laceration on the back of left hand & toothmarks on wrist,0,wading / standing,unknown
2005,7.0,Usa,Florida,Unprovoked,Surfing,M,61.0,11.0,,"Right foot: Toes and back of foot, minor injury",0,surfing,unknown
2005,7.0,China,Shanghai,Provoked,Scuba diving in aquarium tank,M,24.0,,3.5 m [11.5']shark,2 small cuts on right ear & head when he collided with the captive shark. PROVOKED INCIDENT,0,diving / snorkeling,unknown
2005,7.0,Usa,North Carolina,Unprovoked,Swimming,M,22.0,16.0,[4.5' to 5'] shark,Lacerations of left forearm,0,swimming,unknown
2005,7.0,Usa,Texas,Unprovoked,Holding onto an inflatable boat,F,14.0,13.0,[4' to 5'],Left foot bitten,0,kayaking / boating,unknown
2005,7.0,Usa,Florida,Unprovoked,Standing,M,19.0,11.0,,Ankle bitten,0,wading / standing,unknown
2005,8.0,Australia,South Australia,Unprovoked,Scuba diving,M,23.0,16.0,White shark,FATAL,1,diving / snorkeling,white shark
2005,8.0,Usa,California,Unprovoked,Surfing,M,37.0,11.0,juvenile white shark,Lower right leg lacerated,0,surfing,white shark
2005,8.0,Usa,South Carolina,Unprovoked,Swimming,M,8.0,,Possibly a sandbar shark or small blacktip shark,Bitten underneath left arm,0,swimming,blacktip / spinner shark
2005,8.0,Usa,Texas,Unprovoked,Walking,M,12.0,20.0,,Left foot bitten,0,wading / standing,unknown
2005,8.0,Usa,North Carolina,Unprovoked,Surfing,M,16.0,11.0,1.8 m [6'] shark,Laceration on right wrist & crescent of puncture wounds on  forearm,0,surfing,unknown
2005,8.0,Usa,South Carolina,Unprovoked,Swimming,M,14.0,9.0,,Puncture wounds on left foot,0,swimming,unknown
2005,9.0,Australia,South Australia,Unprovoked,Surfing,M,26.0,12.0,14' to 16' white shark,Lacerations to legs,0,surfing,white shark
2005,9.0,Australia,Western Australia,Unprovoked,Surfing,M,44.0,,Bronze whaler shark,No injury,0,surfing,other identified species
2005,9.0,Usa,South Carolina,Unprovoked,Body surfing,F,68.0,16.0,3' to 4' shark,"Injuries to fingers, calf  & heel",0,surfing,unknown
2005,9.0,Usa,South Carolina,Unprovoked,Surfing,M,18.0,14.0,,FATAL,1,surfing,unknown
2005,9.0,Australia,New South Wales,Unprovoked,Standing,M,15.0,,,Left foot & ankle lacerated,0,wading / standing,unknown
2005,9.0,Usa,North Carolina,Unprovoked,Wading,F,18.0,15.0,Bull shark,Calf severely lacerated,0,wading / standing,bull shark
2005,9.0,Australia,South Australia,Unprovoked,Surfing,M,40.0,15.0,4 m [13'] white shark,Lacerations to right arm & thigh,0,surfing,white shark
2005,9.0,Usa,Florida,Unprovoked,Standing / Surfing,M,62.0,11.0,,Right foot bitten,0,surfing,unknown
2005,9.0,Thailand,,Provoked,Removing shark from net,M,21.0,,"2 m [6.75'] shark, 200-kg shark T",FATAL PROVOKED INCIDENT,1,fishing,unknown
2005,10.0,Usa,Florida,Unprovoked,Wading,M,15.0,,2' to 3' shark,Puncture wounds to foot,0,wading / standing,unknown
2005,10.0,St. Maartin,Simpson Bay,Unprovoked,Standing,M,55.0,8.0,2' shark,Lower right leg lacerated,0,wading / standing,unknown
2005,10.0,South Africa,Western Cape Province,Unprovoked,Standing / Surfing,M,20.0,,3 m shark,Right foot bitten,0,surfing,unknown
2005,10.0,Usa,California,Unprovoked,Surfing,M,36.0,11.0,White shark,No injury,0,surfing,white shark
2005,10.0,Usa,California,Unprovoked,Surfing,F,20.0,10.0,18' white shark,Leg bitten,0,surfing,white shark
2005,10.0,Usa,Florida,Provoked,Wading,M,15.0,17.0,,Minor cuts to dorsum & sole of left foot when he stepped on shark PROVOKED INCIDENT,0,wading / standing,unknown
2005,10.0,Usa,Hawaii,Unprovoked,Surfing,M,22.0,18.0,"Tiger shark, less than 10'","No injury, surfboard bitten",0,surfing,tiger shark
2005,10.0,Grand Cayman,East Wall,Unprovoked,Scuba diving,F,57.0,15.0,Caribbean reef sharks,No injury,0,diving / snorkeling,other identified species
2005,10.0,Usa,Florida,Unprovoked,Treading water/ Surfing,M,48.0,16.0,,Five 1-inch lacerations to left foot,0,surfing,unknown
2005,10.0,Bahamas,Abaco Islands,Unprovoked,Diving,M,35.0,,,Lacerations to right side of face,0,diving / snorkeling,unknown
2005,10.0,South Africa,Western Cape Province,Unprovoked,Surf-skiing,M,52.0,15.0,White shark,"No injury, shark bit ski",0,surfing,white shark
2005,11.0,Usa,Florida,Unprovoked,Surfing,M,23.0,13.0,4' shark,Right thumb & palm lacerated,0,surfing,unknown
2005,11.0,Australia,Victoria,Watercraft,Fishing,,,,3 m white shark,"No injury to occupant, shark bit outboard motor",0,fishing,white shark
2005,11.0,Australia,Victoria,Unprovoked,Surfing,M,18.0,18.0,1.8 m shark,"2 lacerations on leg, each 4"" to 5"" long",0,surfing,unknown
2005,11.0,South Africa,Eastern Cape Province,Unprovoked,Surfing,M,26.0,11.0,,"Cut on finger, board bitten",0,surfing,unknown
2005,11.0,New Caledonia,Loyalty Islands,Unprovoked,Spearfishing,,,20.0,,Arm bitten,0,spearfishing,unknown
2005,11.0,Usa,Florida,Unprovoked,Surfing,M,,,4' shark,Left foot bitten,0,surfing,unknown
2005,11.0,Usa,Florida,Unprovoked,Surfing,M,17.0,14.0,,Lacerations to right thigh,0,surfing,unknown
2005,11.0,South Africa,Eastern Cape Province,Provoked,Fishing for sharks,M,32.0,14.0,"Raggedtooth shark, 2.5m",Lacerations to hands & right leg when he tried to pull shark from the water PROVOKED INCIDENT,0,fishing,unknown
2005,11.0,Usa,Florida,Unprovoked,Surfing,M,18.0,13.0,6' shark,Puncture wounds to right foot,0,surfing,unknown
2005,11.0,Usa,California,Unprovoked,Surfing,M,25.0,16.0,,"No injury, board bitten",0,surfing,unknown
2005,11.0,Usa,California,Unprovoked,Surfing,M,26.0,7.0,12' to 14' white shark,"No injury, board bumped",0,surfing,white shark
2005,12.0,Usa,Oregon,Unprovoked,Surfing,M,30.0,12.0,White shark,Lacerations to ankle & calf,0,surfing,white shark
2005,12.0,Usa,Hawaii,Unprovoked,Swimming,M,29.0,11.0,Tiger shark,Left hand bitten,0,swimming,tiger shark
2005,12.0,Atlantic Ocean,600 nm west of the Canary Islands,Watercraft,Competing in the Woodvale Atlantic Rowing Race,,,13.0,3 m shark,"No injury to occupants, shark rammed boat for 15 minutes",0,kayaking / boating,unknown
2005,12.0,Australia,Queensland,Unprovoked,Spearfishing,M,44.0,11.0,Whitetip reef shark,Right forearm & elbow bitten,0,spearfishing,white shark
2006,,Usa,Florida,Provoked,Diving / Kissing the shark,M,,,Nurse shark,Lacerations to upper lip    PROVOKED INCIDENT,0,diving / snorkeling,nurse shark
2006,,Reunion,,Unprovoked,Spearfishing,M,,,"Bull shark, 1.5m",Thigh bitten,0,spearfishing,bull shark
2006,,Sierra Leone,Western Area,Unprovoked,Fishing,M,,,"3 m, 600-kg shark",Reportedly FATAL but few details,1,fishing,unknown
2006,,Atlantic Ocean,300 miles from Antigua,Watercraft,Competing in the Woodvale Atlantic Rowing Race,M,,,12' shark,No injury to occupants; shark rammed boat repeatedly,0,kayaking / boating,unknown
2006,1.0,South Africa,Eastern Cape Province,Unprovoked,Spearfishing,M,34.0,14.0,,Right arm  bitten,0,spearfishing,unknown
2006,1.0,Atlantic Ocean,800 miles from land,Watercraft,Competing in the Woodvale Atlantic Rowing Race,F,,,,"No injury to occupants; a shark, accidentally caught in a line, threatened to rip out the transom",0,kayaking / boating,unknown
2006,1.0,Usa,California,Unprovoked,Night Surfing,M,,22.0,,"No injury, but 2 small nicks on wetsuit",0,surfing,unknown
2006,1.0,Australia,Western Australia,Unprovoked,Scuba diving,M,52.0,11.0,3.5 m white shark,Lacerations to left elbow,0,diving / snorkeling,white shark
2006,1.0,Australia,Queensland,Unprovoked,Swimming,F,21.0,17.0,Bull shark,FATAL,1,swimming,bull shark
2006,1.0,Usa,Florida,Unprovoked,Surfing,M,21.0,16.0,4' shark,3 puncture wounds in right wrist & hand,0,surfing,unknown
2006,1.0,South Africa,Western Cape Province,Unprovoked,Diving for crayfish,M,49.0,,Said to involve a 1.5 m shark,Lacerations to little finger,0,diving / snorkeling,unknown
2006,2.0,Usa,Hawaii,Unprovoked,Standing,F,15.0,16.0,5' to 7' shark,Deep laceration to right calf,0,wading / standing,unknown
2006,2.0,Australia,Queensland,Unprovoked,Wading,M,18.0,11.0,,Lacerations to foot,0,wading / standing,unknown
2006,2.0,Australia,Queensland,Unprovoked,Swimming,M,,,,Puncture wound on arm,0,swimming,unknown
2006,2.0,Australia,South Australia,Watercraft,Fishing,M,,12.0,4.5 m white shark,No injury to occupants; shark nudged the 5.3 m boat,0,fishing,white shark
2006,2.0,South Africa,Eastern Cape Province,Unprovoked,Surfing,M,15.0,,Raggedtooth shark,2 bite marks on right calf,0,surfing,unknown
2006,2.0,Tonga,Vava'u,Unprovoked,Swimming,F,24.0,18.0,Tiger shark,Severe bite to right leg FATAL,1,swimming,tiger shark
2006,2.0,Usa,Hawaii,Watercraft,Kayaking,M,57.0,,12' to 18' shark,No injury to occupant; shark bumped the kayak repeatedly for 15 minutes,0,kayaking / boating,unknown
2006,3.0,Usa,Hawaii,Unprovoked,Surfing,F,28.0,11.0,"Tiger shark, 10'",5 puncture wounds in left calf,0,surfing,tiger shark
2006,3.0,Fiji,Vitu Levu,Unprovoked,Surfing,M,21.0,18.0,"Tiger shark, 5'",Lacerations to right hand,0,surfing,tiger shark
2006,3.0,Australia,New South Wales,Unprovoked,Surfing,M,15.0,17.0,"Bronze whaler shark, 2 m","No injury, shark nudged surfboard",0,surfing,other identified species
2006,4.0,Usa,Florida,Unprovoked,Surfing,M,54.0,,,Feet bitten,0,surfing,unknown
2006,4.0,Usa,Florida,Unprovoked,Standing,F,13.0,15.0,,3 tiny punctures & small lacerations on right ankle,0,wading / standing,unknown
2006,4.0,Usa,Florida,Provoked,Fishing,M,35.0,,"Bull shark, 4' to bull shark",3 to 4 cm laceration on foot from hooked shark brought on board PROVOKED INCIDENT,0,fishing,bull shark
2006,4.0,Australia,New South Wales,Unprovoked,Surfing,M,15.0,13.0,"Bronze whaler shark, a  juvenile",Minor laceration to left foot,0,surfing,other identified species
2006,4.0,South Africa,Eastern Cape Province,Unprovoked,Body boarding,M,15.0,17.0,"Raggedtooth shark, 2.5 m to 3 m",Leg bitten,0,surfing,unknown
2006,4.0,Brazil,Pernambuco,Unprovoked,Swimming,M,35.0,,Tiger shark,Left leg bitten,0,swimming,tiger shark
2006,4.0,Usa,Florida,Unprovoked,Wading,M,11.0,12.0,,Minor injury to right hand & thigh,0,wading / standing,unknown
2006,5.0,Usa,Hawaii,Unprovoked,Spearfishing,M,26.0,13.0,"Tiger shark, 8' to 12'","4"" laceration to left forearm",0,spearfishing,tiger shark
2006,5.0,Usa,Hawaii,Provoked,Tagging sharks,,,,"Tiger shark, 15' female","No injury to occupants, boat damaged by hooked shark PROVOKED INCIDENT",0,other,tiger shark
2006,5.0,Usa,Hawaii,Unprovoked,Surfing,M,31.0,16.0,,"No injury, shark bumped surfboard",0,surfing,unknown
2006,5.0,Usa,Hawaii,Provoked,Spearfishing,M,15.0,16.0,"Grey reef shark, 5' to 8'",Knee bitten after diver poked shark PROVOKED INCIDENT,0,spearfishing,other identified species
2006,5.0,Brazil,Pernambuco,Unprovoked,Surfing,M,33.0,11.0,,"Injuries to left thigh, calf & foot",0,surfing,unknown
2006,5.0,Usa,Guam,Unprovoked,Scuba diving,F,,15.0,"Tiger shark, 10' to 12'",Laceration to leg,0,diving / snorkeling,tiger shark
2006,5.0,Usa,Florida,Unprovoked,,M,,12.0,,Small lacerations to arm,0,other,unknown
2006,5.0,Usa,Florida,Unprovoked,Swimming,F,,16.0,,2 lacerations on lower right leg,0,swimming,unknown
2006,5.0,Australia,Queensland,Provoked,Snorkeling,M,46.0,16.0,"Wobbegong shark, 2 m",Abrasion & 6 puncture wounds on chest after grabbing the shark by its tail PROVOKED INCIDENT,0,diving / snorkeling,other identified species
2006,6.0,Usa,Florida,Unprovoked,Body boarding,F,9.0,11.0,,Right calf bitten,0,surfing,unknown
2006,6.0,Usa,Florida,Provoked,Fishing,M,,,,Non-swimmer pulled off pier& into the water by a hooked shark PROVOKED INCIDENT,0,fishing,unknown
2006,6.0,Bahamas,Andros Islands,Unprovoked,Spearfishing,M,25.0,13.0,,Right arm severely bitten,0,spearfishing,unknown
2006,6.0,Usa,Florida,Unprovoked,Surfing,F,22.0,13.0,Possibly a 1' to 3' blacktip or spinner shark,2-inch puncture wounds on right foot,0,surfing,blacktip / spinner shark
2006,6.0,Brazil,Pernambuco,Unprovoked,Body boarding,M,27.0,9.0,,Left thigh bitten FATAL,1,surfing,unknown
2006,6.0,Usa,California,Unprovoked,Scuba diving,M,43.0,11.0,,"No injury, shark bit scuba tank boot",0,diving / snorkeling,unknown
2006,6.0,Usa,Florida,Unprovoked,Surfing,M,24.0,15.0,2' to 3' shark,Four 1-inch puncture wounds on left foot,0,surfing,unknown
2006,6.0,Usa,South Carolina,Unprovoked,Playing,F,7.0,13.0,3' to 4' shark,Lacerations & puncture wounds to left foot & buttocks,0,wading / standing,unknown
2006,6.0,Australia,South Australia,Unprovoked,Surfing,M,40.0,11.0,14' white shark,"No injury, knocked off surfboard",0,surfing,white shark
2006,7.0,Usa,Kentucky,Provoked,Touching sharks,,,,small catsharks,"Minor injuries, similar to paper cuts from the captive sharks  PROVOKED INCIDENTS",0,other,unknown
2006,7.0,Usa,Oregon,Unprovoked,Surfing,M,41.0,16.0,White shark?,Minor injury,0,surfing,white shark
2006,7.0,Usa,Florida,Unprovoked,Surfing,M,15.0,,,Foot bitten,0,surfing,unknown
2006,7.0,South Africa,Western Cape Province,Unprovoked,Surf-skiing,M,19.0,16.0,"White shark, 3m to 4m","No injury, surf ski bitten",0,surfing,white shark
2006,7.0,Usa,Florida,Unprovoked,Surfing,M,14.0,13.0,,Minor lacerations to right foot,0,surfing,unknown
2006,7.0,Usa,Texas,Unprovoked,Surf fishing,M,,,"Bull shark, 4' to 5'",Right foot bitten,0,surfing,bull shark
2006,7.0,Usa,South Carolina,Unprovoked,Standing,M,49.0,10.0,"Angel shark, 1.2m",Left ankle & foot bitten,0,wading / standing,unknown
2006,7.0,Usa,South Carolina,Unprovoked,Swimming,F,21.0,13.0,,Ankle & foot bitten,0,swimming,unknown
2006,7.0,Brazil,Pernambuco,Unprovoked,,M,,,Bull or tiger shark,FATAL,1,other,tiger shark
2006,7.0,Usa,Florida,Unprovoked,Wading,M,40.0,17.0,,Dorsum of left foot bitten,0,wading / standing,unknown
2006,7.0,Usa,Florida,Unprovoked,Walking,M,11.0,13.0,,Lower leg & ankle bitten,0,wading / standing,unknown
2006,7.0,Usa,South Carolina,Unprovoked,Body boarding,F,14.0,11.0,5' to 6' spinner or bull shark,Foot bitten,0,surfing,bull shark
2006,7.0,Usa,Florida,Unprovoked,Swimming,M,13.0,13.0,,Right calf bitten,0,swimming,unknown
2006,7.0,Usa,Florida,Unprovoked,Spearfishing,F,28.0,,"1.8 m blacktip ""reef"" shark",Lacerations & puncture wound  to arm,0,spearfishing,blacktip / spinner shark
2006,7.0,Usa,Florida,Unprovoked,Spearfishing,M,35.0,,"1.8 m blacktip ""reef"" shark",Minor injuries,0,spearfishing,blacktip / spinner shark
2006,8.0,Usa,Oregon,Unprovoked,Surfing,M,23.0,,,Laceration & puncture wounds to foot,0,surfing,unknown
2006,8.0,Australia,South Australia,Unprovoked,Surfing,M,,16.0,"Bronze whaler shark, 6'","No injury, shark towed  surfer & board",0,surfing,other identified species
2006,8.0,Reunion,Saint-Gilles-les-Bains,Unprovoked,Body boarding,M,27.0,18.0,,Laceration to right calf & heel,0,surfing,unknown
2006,8.0,Italy,,Sea Disaster,Sea Disaster,M,,,,FATAL,1,other,unknown
2006,8.0,Reunion,Saint-Pierre,Unprovoked,Surfing,M,34.0,11.0,,FATAL,1,surfing,unknown
2006,8.0,South Africa,Western Cape Province,Unprovoked,Surfing,M,,,5 m shark,"No injury, surfboard leash severed",0,surfing,unknown
2006,8.0,South Africa,Western Cape Province,Unprovoked,Lifesaving drill,M,24.0,11.0,White shark,Foot severed,0,other,white shark
2006,8.0,Usa,North Carolina,Unprovoked,Wading,F,59.0,12.0,,Lacerations & punctures to left foot,0,wading / standing,unknown
2006,9.0,Usa,Florida,Unprovoked,Surfing,M,19.0,,,Big toe bitten,0,surfing,unknown
2006,9.0,Usa,North Carolina,Unprovoked,Surfing,M,16.0,,,Laceration to left thigh,0,surfing,unknown
2006,9.0,Usa,Florida,Unprovoked,Swimming,M,55.0,14.0,Spinner shark,Minor injury to left hand,0,swimming,blacktip / spinner shark
2006,9.0,Usa,Florida,Unprovoked,Surfing,M,52.0,,5' shark,Left torso grazed,0,surfing,unknown
2006,9.0,Brazil,,Unprovoked,,M,20.0,13.0,,FATAL,1,other,unknown
2006,9.0,Usa,Florida,Unprovoked,Standing,M,33.0,17.0,3' shark,Puncture wounds and cuts to right thigh,0,wading / standing,unknown
2006,9.0,Usa,Florida,Unprovoked,Swimming,M,,17.0,,Arm bitten,0,swimming,unknown
2006,9.0,South Africa,Western Cape Province,Unprovoked,Surfing,M,37.0,,"White shark, 3.5m","No injury, shark rammed surfboard",0,surfing,white shark
2006,10.0,Usa,Oregon,Unprovoked,Surfing,M,22.0,,"White shark, 16'","No injury, surfboard bitten",0,surfing,white shark
2006,10.0,Usa,Florida,Unprovoked,Fishing,M,15.0,,,Lower right leg and foot bitten,0,fishing,unknown
2006,10.0,Usa,Florida,Unprovoked,Surfing,M,20.0,11.0,,Left ankle bitten,0,surfing,unknown
2006,10.0,Usa,Texas,Unprovoked,Surfing,M,,,1' to 4' shark,Lacerations to lower left leg,0,surfing,unknown
2006,10.0,Usa,Florida,Unprovoked,Playing soccer in the water,M,18.0,12.0,3' to 3.5' shark,Lacerations to foot,0,wading / standing,unknown
2006,10.0,Bahamas,New Providence Island,Unprovoked,Free diving / modeling,F,26.0,,,Puncture wounds to left foot,0,diving / snorkeling,unknown
2006,10.0,Gulf Of Aden,Between Somalia & Yemen,Unprovoked,Murder,,,,,"FATAL,  beaten & thrown overboard by smugglers, they  were killed by sharks",1,other,unknown
2006,11.0,Philippines,Surigao del Norte,Sea Disaster,Sea Disaster,,,14.0,,15 perished but shark involvement prior to death was not confirmed,1,other,unknown
2006,11.0,Usa,Hawaii,Unprovoked,Swimming,M,29.0,12.0,2 m to 3 m shark,Laceration to left thigh & left hand,0,swimming,unknown
2006,11.0,South Africa,Eastern Cape Province,Provoked,Canoeing,M,,,"Bull shark, 1.5m",Left arm lacerated when he grabbed shark by its tail PROVOKED INCIDENT,0,kayaking / boating,bull shark
2006,12.0,Australia,Victoria,Unprovoked,Surfing,M,25.0,20.0,2.5 to 3 m shark,Left leg bitten,0,surfing,unknown
2006,12.0,New Zealand,North Island,Unprovoked,Surfing,M,10.0,11.0,2 to 3 m shark,Foot bitten,0,surfing,unknown
2006,12.0,Usa,California,Unprovoked,Surfing,M,43.0,11.0,"White shark, 12' to 15'","Minor injuries, surfboard bitten",0,surfing,white shark
2006,12.0,South Africa,KwaZulu-Natal,Provoked,Fishing,M,25.0,,"Raggedtooth shark, 150-kg","Hand, thigh & calf bitten by hooked shark PROVOKED INCIDENT",0,fishing,unknown
2006,12.0,Australia,Western Australia,Unprovoked,Body boarding,M,15.0,7.0,"White shark, 5m","Right leg severed, left leg lacerated",0,surfing,white shark
2007,,Usa,Hawaii,Unprovoked,Snorkeling,M,36.0,15.0,,Left calf severely bitten,0,diving / snorkeling,unknown
2007,,Australia,Territory of Cocos (Keeling) Islands,Unprovoked,Wading,M,15.0,11.0,"Bronze whaler shark, 1.5 m",Calf bitten,0,wading / standing,other identified species
2007,,England,Kent,Provoked,Fishing,M,38.0,,"Lesser spotted dogfish, Scyliorhinus canicula, less than 80 cm in length",Bitten on the nose by a hooked shark PROVOKED INCIDENT,0,fishing,unknown
2007,,Seychelles,Bird Island,Unprovoked,Snorkeling,M,,,"White shark, 2m",No injury,0,diving / snorkeling,white shark
2007,,Usa,Florida,Watercraft,Fishing,,,,"Bull shark, 10'","No injury to occupants, shark holed the transom-mounted livewell",0,fishing,bull shark
2007,,Usa,Florida,Provoked,Shark fishing,M,,,5' shark,Right hand bitten by hooked shark PROVOKED INCIDENT,0,fishing,unknown
2007,,New Zealand,Cook islans,Provoked,Spearfishing,M,16.0,,Tiger shark,Leg bitten  by shark after he shot at it & missed  PROVOKED INCIDENT,0,spearfishing,tiger shark
2007,1.0,New Caledonia,North Province,Unprovoked,Spearfishing (free diving),M,30.0,14.0,Tiger shark,Leg bitten,0,spearfishing,tiger shark
2007,1.0,Usa,Florida,Watercraft,Shrimping,,,3.0,14' shark,"A large shark rammed boat, breaking prop shaft. No injury to occupants but boat sank several hours later",0,other,unknown
2007,1.0,Australia,New South Wales,Unprovoked,Diving,M,41.0,10.0,"White shark, 3m",Head & torso bitten,0,diving / snorkeling,white shark
2007,1.0,South Africa,Eastern Cape Province,Unprovoked,Swimming / Body Surfing,M,24.0,,Tiger shark,"Presumed FATAL, body not recovered",1,surfing,tiger shark
2007,1.0,Australia,New South Wales,Unprovoked,Surfing,M,,6.0,2.4 m shark,"No injury, shark damaged surfboard",0,surfing,unknown
2007,1.0,Usa,Hawaii,Unprovoked,Surfing,M,24.0,10.0,"6' to 8' shark, possibly a tiger shark","No injury, shark removed piece of surfboard",0,surfing,tiger shark
2007,2.0,Australia,New South Wales,Unprovoked,Boogie Boarding,M,26.0,8.0,,Lacerations to  lower left leg & ankle,0,surfing,unknown
2007,2.0,New Caledonia,Loyalty Islands,Unprovoked,Spearfishing,M,,,,Survived,0,spearfishing,unknown
2007,3.0,Usa,Florida,Unprovoked,Surfing,M,27.0,14.0,3' shark,Lacerations to right ankle,0,surfing,unknown
2007,3.0,Usa,Florida,Unprovoked,,M,9.0,13.0,,Minor cuts to right buttock & thigh,0,other,unknown
2007,3.0,Yemen,Muhafazat Hadramawt,Unprovoked,Murder,,,,,"FATAL,  beaten & thrown overboard by smugglers, they  were killed by sharks",1,other,unknown
2007,3.0,Usa,Florida,Unprovoked,Surfing,M,11.0,,4' to 5' shark,Punctures & lacerations to right calf & calf,0,surfing,unknown
2007,3.0,Australia,New South Wales,Unprovoked,Surfing,F,42.0,10.0,1.5 m shark,Lacerations to 3 fingers of left hand,0,surfing,unknown
2007,3.0,Australia,Queensland,Unprovoked,Swimming,F,59.0,15.0,2 to 2.5 m shark,"Bruises to arm and hand, laceration to lower leg & minor injuries to foot",0,swimming,unknown
2007,3.0,Usa,Florida,Unprovoked,Surfing,M,29.0,13.0,,Lacerations to right forearm & hand,0,surfing,unknown
2007,4.0,Australia,Queensland,Unprovoked,Swimming / jumping off a jetty,F,13.0,18.0,"""a small shark""",Lower leg & foot injured,0,swimming,unknown
2007,4.0,Usa,Florida,Unprovoked,Body boarding,M,12.0,12.0,blacktip or spinner shark,Left foot bitten,0,surfing,blacktip / spinner shark
2007,4.0,Usa,Florida,Unprovoked,Surfing,M,24.0,17.0,3' to 4' shark,Lacerations to left index finger & thumb,0,surfing,unknown
2007,4.0,New Caledonia,South Province,Unprovoked,Surfing,M,26.0,16.0,Tiger shark,Left foot bitten,0,surfing,tiger shark
2007,4.0,Usa,Florida,Unprovoked,Playing on a sandbar,M,7.0,13.0,,Lacerations & puncture wounds to right calf,0,wading / standing,unknown
2007,5.0,Usa,South Carolina,Unprovoked,Wading,F,,17.0,,Lacerations to lower leg,0,wading / standing,unknown
2007,5.0,Usa,Virginia,Provoked,Reviving a sedated shark,F,40.0,,A 10-year-old 94-pound pregnant blacktip reef shark,Left shin bitten by captive shark PROVOKED INCIDENT,0,other,blacktip / spinner shark
2007,5.0,Australia,Western Australia,Unprovoked,Wading,F,38.0,14.0,2.5 m shark,Left heel & calf bitten,0,wading / standing,unknown
2007,5.0,Australia,Victoria,Unprovoked,Surfing,M,19.0,17.0,10' shark,"No injury, shark's fin caught his leg",0,surfing,unknown
2007,5.0,Usa,Florida,Unprovoked,Surfing,F,21.0,16.0,4' to 5' shark,Knee bitten,0,surfing,unknown
2007,5.0,Usa,Hawaii,Unprovoked,Snorkeling,F,63.0,8.0,"Tiger shark, 14'",Right foot bitten,0,diving / snorkeling,tiger shark
2007,5.0,Usa,Florida,Unprovoked,Swimming,M,68.0,8.0,6' to 8' shark,Circular bite on left thigh,0,swimming,unknown
2007,5.0,Turks & Caicos,Providenciales,Sea Disaster,Sea Disaster,,,,,Some of the bodies recovered had been bitten by sharks,1,other,unknown
2007,5.0,Bahamas,Bimini Islands,Provoked,Shark tagging,F,20.0,,"Lemon shark, >1 m",Lacerations to right upper arm by captive shark PROVOKED INCIDENT,0,other,other identified species
2007,6.0,Usa,Florida,Provoked,Removing hook from shark,M,,,"Lemon shark, 6' female",Lacerations to right  hand by hooked shark PROVOKED INCIDENT,0,fishing,other identified species
2007,6.0,Usa,California,Unprovoked,Swimming,F,,10.0,,Hand bitten,0,swimming,unknown
2007,6.0,Usa,Florida,Unprovoked,Surfing,M,20.0,17.0,4' shark,6 to 8 puncture wounds to right hand,0,surfing,unknown
2007,6.0,Usa,Hawaii,Unprovoked,Surfing,M,,7.0,Tiger shark,"No injury, board damaged",0,surfing,tiger shark
2007,6.0,Usa,Florida,Unprovoked,Swimming,F,,11.0,3' to 4' shark,Right foot bitten,0,swimming,unknown
2007,6.0,Australia,New South Wales,Unprovoked,Surfing,M,,,,Lacerations to leg & ankle,0,surfing,unknown
2007,7.0,Usa,Florida,Unprovoked,Surfing,M,51.0,,,Minor injury to shoulder,0,surfing,unknown
2007,7.0,Usa,California,Unprovoked,Surfing,M,20.0,23.0,,"No injury, shark bit surfboard",0,surfing,unknown
2007,7.0,Usa,California,Unprovoked,Surf paddling,M,,,"White shark, 12'","No injury, surfboard bumped by shark for 20 minutes",0,surfing,white shark
2007,7.0,Usa,California,Watercraft,Kayak Fishing,M,,10.0,White shark,"No injury, kayak bitten",0,fishing,white shark
2007,7.0,Usa,North Carolina,Unprovoked,Swimming,M,14.0,12.0,2' to 3' shark,Right calf bitten,0,swimming,unknown
2007,7.0,Norway,Oslo Fjord,Provoked,Scuba diving,M,48.0,,"3' small spotted catshark, Scyliorhinus canicula",PROVOKED INCIDENT           No injury. Diver touched 'dead' shark; shark bit his equipment-covered arm,0,diving / snorkeling,unknown
2007,7.0,Usa,North Carolina,Unprovoked,Wading,F,30.0,13.0,5' shark,Lacerations to right thigh & left foot,0,wading / standing,unknown
2007,7.0,Bahamas,Abaco Islands,Unprovoked,Spearfishing,F,48.0,11.0,"Bull shark, 5'","Lacerations to thumb, ring and pinky fingers of right hand",0,spearfishing,bull shark
2007,7.0,Usa,Florida,Unprovoked,Surfing,M,18.0,16.0,,Right foot bitten,0,surfing,unknown
2007,7.0,Reunion,,Unprovoked,Body boarding,M,17.0,14.0,2 m shark,Minor injuries to thigh & knee,0,surfing,unknown
2007,8.0,Usa,Hawaii,Unprovoked,Body boarding,M,15.0,16.0,"Tiger shark, 10' to 12'",Laceration to right heel,0,surfing,tiger shark
2007,8.0,Usa,California,Unprovoked,Surfing,M,24.0,10.0,"White shark, 12'",Lacerations to thigh & torso,0,surfing,white shark
2007,8.0,Usa,Florida,Unprovoked,Surfing,M,54.0,14.0,3' shark,Left hand  bitten,0,surfing,unknown
2007,8.0,Usa,Florida,Unprovoked,Surfing,M,27.0,,3' shark,6 lacerations to left hand,0,surfing,unknown
2007,8.0,Usa,North Carolina,Provoked,Diving,M,,,Sand shark,Minor injury from captive shark PROVOKED INCIDENT,0,diving / snorkeling,other identified species
2007,8.0,Usa,Delaware,Provoked,Fishing,M,,19.0,Sandtiger shark,Forearm bitten by hooked shark PROVOKED INCIDENT,0,fishing,tiger shark
2007,8.0,Usa,Florida,Unprovoked,Swimming,M,52.0,20.0,,Torso bitten,0,swimming,unknown
2007,8.0,Usa,Florida,Unprovoked,Surfing,M,16.0,12.0,4' to 5' shark,Foot bitten,0,surfing,unknown
2007,8.0,Usa,South Carolina,Unprovoked,Playing,M,7.0,10.0,,Right calf bitten,0,wading / standing,unknown
2007,8.0,Usa,Florida,Unprovoked,Floating near boat & observing bioluminesce,M,20.0,,Possibly a 6' bull shark,Puncture wounds to torso,0,swimming,bull shark
2007,8.0,Usa,Florida,Unprovoked,Swimming,F,15.0,17.0,,"Minor injury, small lacerations to right foot",0,swimming,unknown
2007,8.0,Usa,Florida,Unprovoked,Walking out of the water after surfing,M,19.0,18.0,,"Minor injury, lacerations to left ankle & foot",0,surfing,unknown
2007,8.0,Usa,South Carolina,Unprovoked,Swimming,M,30.0,16.0,,Lacerations to right foot,0,swimming,unknown
2007,8.0,Usa,South Carolina,Unprovoked,Boogie Boarding,M,9.0,14.0,,Lacerations to lower leg & ankle,0,surfing,unknown
2007,8.0,Usa,Florida,Unprovoked,Jumped into the water,F,19.0,,Possibly a 10' bull shark,Lacerations to arm,0,wading / standing,bull shark
2007,9.0,Usa,California,Unprovoked,Surfing,M,,11.0,,Puncture wound to foot,0,surfing,unknown
2007,9.0,Philippines,Palawan,Sea Disaster,"The 426-ton cargo ship Mia, laden with cement, capsized in heavy seas",M,,14.0,,"FATAL        Only 4 of the 18 on board were rescued, some of the missing were allegedly killed by sharks",1,other,unknown
2007,9.0,New Caledonia,Loyalty Islands,Unprovoked,Swimming,F,23.0,,White shark,FATAL,1,swimming,white shark
2007,9.0,Bahamas,Grand Bahama Island,Unprovoked,Spearfishing,F,48.0,12.0,Caribbean reef shark,Thigh bitten,0,spearfishing,other identified species
2007,9.0,Usa,California,Unprovoked,Surfing,F,,8.0,White shark,"No injury to surfer, surfboard bitten",0,surfing,white shark
2007,9.0,Egypt,Red Sea,Unprovoked,Swimming,F,,7.0,Oceanic whitetip sharks were in the vicinity,"Severe lacerations to lower left leg, ankle and foot",0,swimming,white shark
2007,9.0,Usa,Florida,Unprovoked,Surfing,F,,,4' shark,Laceration to foot,0,surfing,unknown
2007,9.0,Usa,Florida,Unprovoked,Surfing,M,23.0,18.0,3' shark,Small lacerations to bottom of right big toe,0,surfing,unknown
2007,9.0,Solomon Islands,Marovo Lagoon,Unprovoked,Spearfishing,M,,,Gray reef shark,Left thigh bitten,0,spearfishing,other identified species
2007,9.0,Usa,Florida,Unprovoked,Wading?,M,56.0,11.0,,Laceration to right heel,0,wading / standing,unknown
2007,9.0,Usa,Florida,Unprovoked,Surfing,F,,,9.5' shark?,"No injury, surfboard bitten",0,surfing,unknown
2007,9.0,Usa,Florida,Unprovoked,Snorkeling,M,14.0,16.0,"Nurse shark, 2' to 3'","Minor injury, shark latched onto his abdomen",0,diving / snorkeling,nurse shark
2007,9.0,Usa,Florida,Unprovoked,Wading,F,58.0,11.0,,Puncture wounds & 2-inch laceration to calf,0,wading / standing,unknown
2007,9.0,Usa,Florida,Unprovoked,Wading,F,36.0,13.0,,Laceration to right big toe,0,wading / standing,unknown
2007,9.0,Usa,South Carolina,Unprovoked,Standing,M,15.0,18.0,,Lacerations to left calf and both feet,0,wading / standing,unknown
2007,9.0,Usa,Florida,Unprovoked,Jumping,F,12.0,,"18"" to 24"" shark",Tiny punctures to arm,0,wading / standing,unknown
2007,9.0,Usa,Florida,Unprovoked,Swimming,M,58.0,9.0,Possibly a spinner shark,"3"" laceration to left forearm",0,swimming,blacktip / spinner shark
2007,10.0,Usa,Hawaii,Unprovoked,Floating,M,32.0,15.0,Tiger shark,Lacerations to left lower leg,0,swimming,tiger shark
2007,10.0,Australia,New South Wales,Unprovoked,Surf-skiing,F,52.0,11.0,"White shark, 2.5m",small laceration to wrist,0,surfing,white shark
2007,10.0,Australia,Queensland,Unprovoked,Spearfishing,M,31.0,12.0,Bronze whaler shark,Laceration to calf,0,spearfishing,other identified species
2007,10.0,Usa,California,Unprovoked,Surfing,M,22.0,20.0,3' to 4' shark,4 scratches on left hand,0,surfing,unknown
2007,10.0,Usa,Florida,Unprovoked,Surfing,M,16.0,8.0,"Blacktip shark, 5'",Severe lacerations to right hand,0,surfing,blacktip / spinner shark
2007,11.0,Australia,Western Australia,Provoked,Fishing,M,32.0,,reef shark,Minor injury to finger by netted shark PROVOKED INCIDENT,0,fishing,other identified species
2007,11.0,Australia,New South Wales,Unprovoked,Surfing,M,,14.0,,"No injury, teethmarks in board & torn wetsuit",0,surfing,unknown
2007,11.0,South Africa,Western Cape Province,Unprovoked,Surfing,M,14.0,17.0,1.5 to 2 m shark,Lacerations to feet,0,surfing,unknown
2007,11.0,Usa,Florida,Unprovoked,Surfing,M,21.0,11.0,4' to 5' shark,Cut to right knee,0,surfing,unknown
2007,11.0,Usa,Florida,Unprovoked,Surfing,M,42.0,9.0,5' shark,Lacerations to right leg,0,surfing,unknown
2007,11.0,South Africa,Eastern Cape Province,Unprovoked,Surfing,M,37.0,8.0,"White shark, 3m to 4m",Lacerations to thigh,0,surfing,white shark
2007,12.0,Ecuador,Galapagos Islands,Unprovoked,Surfing,M,24.0,,3 m shark,Lacerations & puncture wounds  to left thigh,0,surfing,unknown
2007,12.0,Australia,New South Wales,Unprovoked,Surfing,M,31.0,11.0,2 m shark,Severe lacerations to right buttock,0,surfing,unknown
2007,12.0,Australia,Queensland,Unprovoked,Swimming,M,,,"""a small shark""",Lacerations to hand,0,swimming,unknown
2007,12.0,Usa,Hawaii,Unprovoked,Surfing,M,52.0,11.0,Tiger shark,"No injury, shark bit surfboard",0,surfing,tiger shark
2007,12.0,New Zealand,South Island,Unprovoked,Surfing,F,,,,"No injury, shark bit surfboard & severed leash",0,surfing,unknown
2007,12.0,Brazil,Pernambuco,Unprovoked,Removing fish from a trap,M,28.0,,2.27 m shark,20 cm injury to left foot,0,fishing,unknown
2008,,South Africa,,Unprovoked,,M,,,White shark,Lacerations to fingers,0,other,white shark
2008,,United Kingdom,Sussex,Watercraft,Rowing an inflatable dinghy,M,16.0,,"Starry smoothhound shark, 1m",Shark leapt into & damaged the dinghy but no injury to occupants,0,kayaking / boating,unknown
2008,,South Africa,Western Cape Province,Unprovoked,Spearfishing (free diving),M,,,"White shark, 4.5m",No injury,0,spearfishing,white shark
2008,,Scotland,Easter Ross,Watercraft,Fishing,,,,Basking shark,No injury to occupants; shark struck their boat,0,fishing,unknown
2008,,Fiji,,Unprovoked,Spearfishing,M,,,,Left forearm bitten,0,spearfishing,unknown
2008,,Usa,Florida,Unprovoked,Surfing,,,,,Foot bitten,0,surfing,unknown
2008,,French Polynesia,Society Islands,Unprovoked,Spearfishing,M,26.0,,,Lacerations to face,0,spearfishing,unknown
2008,,Usa,Florida,Provoked,Fishing for snapper,M,,,"Nurse shark, 10'",Minor injury to hand by hooked shark   PROVOKED INCIDENT,0,fishing,nurse shark
2008,,Mexico,Baja California,Unprovoked,Surfing,M,26.0,,Possibly a hammerhead shark,Leg bitten,0,surfing,other identified species
2008,1.0,South Africa,KwaZulu-Natal,Unprovoked,Surf-skiing,M,42.0,,"Blacktip shark, 2m","No injury to surf-skiier, shark holed ski",0,surfing,blacktip / spinner shark
2008,1.0,Australia,Queensland,Provoked,Accidentally stood on hooked shark's tail before attempting to gut it,M,20.0,7.0,"Mako shark, 90kg",Laceration to left knee PROVOKED INCIDENT,0,fishing,other identified species
2008,1.0,New Zealand,North Island,Watercraft,Attempting to chase shark out to sea,,,14.0,"Bronze whaler shark, 4m","No injury to occupants, pontoon punctured",0,other,other identified species
2008,1.0,Usa,Florida,Unprovoked,Surfing,M,20.0,,a small shark,Left foot bitten,0,surfing,unknown
2008,2.0,Bahamas,Northern Bahamas,Unprovoked,Diving,M,49.0,10.0,"A bull shark, according to some of the divers on the boat","Leg bitten, FATAL",1,diving / snorkeling,bull shark
2008,2.0,Usa,Florida,Unprovoked,Surfing,M,25.0,17.0,,Lacerations to foot,0,surfing,unknown
2008,2.0,Australia,New South Wales,Unprovoked,Surfing,F,14.0,,1 m shark,Abrasions to elbow; collided with shark,0,surfing,unknown
2008,2.0,Usa,Florida,Unprovoked,Surf-skiing,M,,,3' shark,Lacerations to foot,0,surfing,unknown
2008,3.0,Usa,Florida,Unprovoked,Wading,M,15.0,,6' shark,Shin bitten,0,wading / standing,unknown
2008,3.0,South Africa,KwaZulu-Natal,Unprovoked,Fishing from surfski,M,39.0,,,Right leg bitten,0,surfing,unknown
2008,3.0,Usa,Florida,Unprovoked,Surfing,M,52.0,18.0,4' to 5' shark,Foot bitten,0,surfing,unknown
2008,3.0,Usa,Florida,Unprovoked,Boogie Boarding,M,,,a small shark,Right foot bitten,0,surfing,unknown
2008,3.0,Usa,Florida,Unprovoked,Walking out of the water after surfing,M,13.0,11.0,2.5' shark,Three small lacerations/ punctures to right foot,0,surfing,unknown
2008,3.0,Usa,Florida,Unprovoked,Wading,M,14.0,15.0,,Two 3-inch lacerations to right ankle,0,wading / standing,unknown
2008,3.0,Usa,Florida,Unprovoked,Jet skiing,M,8.0,,Shark involvement not confirmed,Minor injury,0,other,unknown
2008,3.0,Usa,California,Unprovoked,Surfing,M,27.0,8.0,White shark,"No injury to surfer, surfboard bitten by the shark",0,surfing,white shark
2008,4.0,Mexico,Guerro,Unprovoked,Surfing,M,24.0,,Tiger shark,FATAL    Severe bite to right thigh,1,surfing,tiger shark
2008,4.0,Usa,Florida,Unprovoked,Surfing,M,18.0,11.0,4' shark,3-inch laceration to dorsal surface of left foot,0,surfing,unknown
2008,4.0,Usa,Florida,Unprovoked,Surfing,M,24.0,10.0,,Calf bitten,0,surfing,unknown
2008,4.0,New Caledonia,North Province,Unprovoked,Swimming,M,32.0,,"Bull shark, 1.8m",Lacerations to left foot,0,swimming,bull shark
2008,4.0,Usa,Florida,Provoked,Surfing,M,21.0,9.0,,Puncture wounds to right foot                  PROVOKED INCIDENT,0,surfing,unknown
2008,4.0,Usa,California,Unprovoked,Swimming,M,66.0,7.0,"White shark, 12' to 15'",FATAL,1,swimming,white shark
2008,4.0,Usa,Florida,Unprovoked,Surfing,M,14.0,8.0,,Cuts & punctures to right foot,0,surfing,unknown
2008,4.0,Usa,Florida,Unprovoked,Surfing,M,30.0,15.0,1.5' to 2' shark,Puncture wounds to right foot,0,surfing,unknown
2008,4.0,Australia,New South Wales,Unprovoked,Body boarding,M,16.0,8.0,Bull shark,FATAL,1,surfing,bull shark
2008,4.0,Usa,Florida,Unprovoked,Walking out of the water after surfing,M,18.0,12.0,,Right foot & ankle bitten,0,surfing,unknown
2008,5.0,Usa,North Carolina,Unprovoked,Surfing,M,9.0,15.0,,Biceps & lower arm bitten,0,surfing,unknown
2008,5.0,Bahamas,Grand Bahama Island,Sea Disaster,Sea Disaster,M,,,Tiger sharks in area,Boat capsized in squall. 2 bodies scavenged  by sharks,0,other,tiger shark
2008,5.0,Mexico,Guerro,Unprovoked,Surfing,M,49.0,,3 m shark,Lacerations to right forearm and hand,0,surfing,unknown
2008,5.0,Mexico,Guerro,Unprovoked,Surfing,M,21.0,,2 m shark,FATAL,1,surfing,unknown
2008,5.0,Fiji,Yasawa Islands,Unprovoked,Night diving,M,28.0,,,FATAL,1,diving / snorkeling,unknown
2008,5.0,Australia,Western Australia,Unprovoked,Swimming,M,37.0,7.0,"White shark, 4m",Severe lacerations to left leg,0,swimming,white shark
2008,5.0,New Caledonia,North Province,Unprovoked,Fishing,M,40.0,14.0,2 small bull sharks,Lower legs bitten,0,fishing,bull shark
2008,5.0,Usa,Florida,Unprovoked,Wading,M,6.0,,,2 inch laceration to left lower calf.,0,wading / standing,unknown
2008,5.0,South Africa,,Provoked,Fishing,M,24.0,,,Leg bitten by shark taken aboard Japanese trawler PROVOKED INCIDENT,0,fishing,unknown
2008,6.0,Bahamas,Abaco Islands,Unprovoked,Spearfishing,M,42.0,11.0,"Bull shark, 6' to 7'",Lacerations to calf,0,spearfishing,bull shark
2008,6.0,South Africa,Western Cape Province,Unprovoked,Surf skiing,M,46.0,14.0,"White shark, 2m","No injury, ski bitten",0,surfing,white shark
2008,6.0,Usa,Florida,Unprovoked,Surfing,M,29.0,,,Minor laceration to foot,0,surfing,unknown
2008,6.0,Usa,South Carolina,Unprovoked,Swimming,M,37.0,11.0,4.5 to 5' shark,Lacerations to hand,0,swimming,unknown
2008,6.0,Brazil,Bahia,Unprovoked,Surfing,M,,,,"No injury, board bitten",0,surfing,unknown
2008,6.0,Usa,California,Watercraft,Kayaking,F,40.0,9.0,"White shark, 15'","No injury. Shark bumped kayak, flinging her into the  water.",0,kayaking / boating,white shark
2008,6.0,Usa,Florida,Unprovoked,Wading,F,35.0,11.0,,Lacerations to lower right calf,0,wading / standing,unknown
2008,6.0,Brazil,Pernambuco,Unprovoked,Surfing,M,14.0,,,Laceration to left leg & foot,0,surfing,unknown
2008,6.0,Usa,Florida,Unprovoked,Body surfing,M,40.0,,,Lacerations & abrasions to right hand,0,surfing,unknown
2008,6.0,Usa,South Carolina,Unprovoked,Body surfing,F,15.0,18.0,5' shark,Foot bitten,0,surfing,unknown
2008,6.0,Brazil,Pernambuco,Unprovoked,Swimming,M,14.0,15.0,Bull shark,"Hand severed, buttocks bitten",0,swimming,bull shark
2008,7.0,Australia,Victoria,Unprovoked,Surfing,M,31.0,10.0,8' white shark or 7-gill shark,"No injury, surfboard leash severed",0,surfing,white shark
2008,7.0,Panama,San Carlos,Unprovoked,Swimming or surfing,M,,18.0,3'  shark,5 lacerations to left foot,0,surfing,unknown
2008,7.0,Mexico,Cabo San Lucas,Unprovoked,Swimming,M,33.0,,2'  shark,3 puncture wounds to toe,0,swimming,unknown
2008,7.0,Usa,Hawaii,Unprovoked,Swimming,M,,15.0,2' to 3' reef shark,Minor injury,0,swimming,other identified species
2008,7.0,Usa,Florida,Unprovoked,Surfing,M,17.0,9.0,,Right foot bitten,0,surfing,unknown
2008,7.0,Usa,Hawaii,Unprovoked,Snorkeling,F,44.0,8.0,,Forearm bitten,0,diving / snorkeling,unknown
2008,7.0,Usa,North Carolina,Unprovoked,Wading,M,9.0,,3' shark,Minor lacerations to  toe,0,wading / standing,unknown
2008,7.0,Usa,North Carolina,Unprovoked,Wading,F,8.0,13.0,3' to 4' shark,Lacerations to dorsum of right foot,0,wading / standing,unknown
2008,7.0,Usa,Florida,Provoked,Surfing,M,15.0,14.0,,Foot bitten after he stepped on the shark PROVOKED INCIDENT,0,surfing,unknown
2008,7.0,Usa,Florida,Unprovoked,Wading,M,16.0,13.0,4' shark,Lacerations to lower left leg,0,wading / standing,unknown
2008,7.0,Egypt,,Unprovoked,Diving,M,,,Oceanic whitetip shark,Leg severed,0,diving / snorkeling,white shark
2008,7.0,Usa,South Carolina,Unprovoked,Surfing,M,24.0,14.0,,Laceration to foream,0,surfing,unknown
2008,7.0,Usa,North Carolina,Unprovoked,Swimming,F,14.0,19.0,,Lacerations to  right foot,0,swimming,unknown
2008,7.0,Usa,South Carolina,Unprovoked,,F,17.0,14.0,,Lacerations to right foot,0,other,unknown
2008,8.0,Australia,New South Wales,Unprovoked,Surfing,M,29.0,,,"No injury, bumped off board by the shark",0,surfing,unknown
2008,8.0,England,North Devon,Provoked,Fishing,M,52.0,,Blue shark,Wrist bitten by hooked shark PROVOKED INCIDENT,0,fishing,other identified species
2008,8.0,Usa,Florida,Unprovoked,Surfing,M,19.0,12.0,,Superfical cut to left ankle,0,surfing,unknown
2008,8.0,Usa,Florida,Unprovoked,Surfing,M,26.0,11.0,6' shark,Lacerations to lower left leg,0,surfing,unknown
2008,8.0,Usa,Florida,Unprovoked,"Swimming, towing surfboard",M,20.0,15.0,,Minor injury to left foot,0,surfing,unknown
2008,8.0,Usa,Florida,Unprovoked,Swimming,M,47.0,14.0,,3 lacerations to forearm,0,swimming,unknown
2008,8.0,Usa,US Virgin Islands,Unprovoked,Treading water,F,38.0,,8' bull shark or Caribbean reef shark,Severe lacerations to left foot,0,swimming,bull shark
2008,8.0,Usa,Florida,Unprovoked,Wading,F,13.0,12.0,,Puncture wounds & 3-inch laceration to right calf,0,wading / standing,unknown
2008,8.0,Usa,Hawaii,Unprovoked,Diving,M,,14.0,"Tiger shark, 12'","No injury, shark grabbed his bag of fish",0,diving / snorkeling,tiger shark
2008,9.0,Usa,Florida,Unprovoked,Surfing,M,44.0,11.0,,Small puncture wounds to the heel of left foot,0,surfing,unknown
2008,9.0,Usa,Florida,Unprovoked,Surfing,M,40.0,11.0,+3' shark,Right foot bitten,0,surfing,unknown
2008,9.0,Australia,Northern Territory,Provoked,Swimming,M,43.0,14.0,Bronze whaler shark,Right hand lacerated by netted shark PROVOKED INCIDENT,0,swimming,other identified species
2008,9.0,Usa,Florida,Unprovoked,Swimming,M,32.0,12.0,2' to 3' juvenile shark,Lacerations to foot,0,swimming,unknown
2008,9.0,Usa,Hawaii,Unprovoked,Surfing,M,40.0,16.0,Tiger shark,Bitten on right thigh & calf,0,surfing,tiger shark
2008,9.0,Usa,California,Unprovoked,Surfing,M,,10.0,"White shark, 14' to 16'","No injury to surfer, board bitten",0,surfing,white shark
2008,9.0,Australia,New South Wales,Unprovoked,Surfing,M,51.0,12.0,3 m shark,Shark became tangled in his surfboard leash. The surfer was not injured,0,surfing,unknown
2008,9.0,Usa,Florida,Unprovoked,Surfing,M,43.0,12.0,,Minor injury to foot,0,surfing,unknown
2008,9.0,Usa,Florida,Unprovoked,Surfing,M,15.0,12.0,,Minor injury to foot,0,surfing,unknown
2008,9.0,Usa,Florida,Unprovoked,Surfing,M,52.0,10.0,4' shark,Shark bumped right ankle,0,surfing,unknown
2008,9.0,Usa,Florida,Unprovoked,Surfing,M,,,,Right hand bitten,0,surfing,unknown
2008,10.0,Australia,New South Wales,Provoked,Scuba diving,M,34.0,17.0,"Grey nurse shark, 3m",Small laceration to head from captive shark,0,diving / snorkeling,nurse shark
2008,10.0,New Caledonia,,Unprovoked,Spearfishing,M,24.0,11.0,Lemon shark,Legs bitten,0,spearfishing,other identified species
2008,10.0,Australia,Northern Territory,Provoked,Fishing,M,50.0,,"reef shark, 1.8m",Right leg injured by hook and hooked shark PROVOKED INCIDENT,0,fishing,other identified species
2008,10.0,Australia,New South Wales,Unprovoked,Surfing,M,15.0,15.0,,"No injury, board damaged",0,surfing,unknown
2008,10.0,Usa,Florida,Unprovoked,Fishing,M,11.0,12.0,,Lacerations,0,fishing,unknown
2008,10.0,Croatia,"Split-Dalmatia Count,",Unprovoked,Spearfishing,M,43.0,12.0,5 m white shark,Calf bitten,0,spearfishing,white shark
2008,11.0,Egypt,Red Sea,Unprovoked,Scuba diving,F,,,Oceanic whitetip shark,Lacerations to fingers,0,diving / snorkeling,white shark
2008,11.0,Philippines,Batanes Provine,Sea Disaster,Sinking of the cargo ship Mark Jason,M,,,,"Of the 20 crew, 4 were bitten by shark. None of their iinjuries were life-threatening",0,other,unknown
2008,11.0,Ecuador,Galapagos Islands,Unprovoked,,F,,,,Leg bitten,0,other,unknown
2008,11.0,Australia,South Australia,Watercraft,Fishing,M,,,Bronze whaler shark,"No injury to occupant, shark bit dinghy & motor",0,fishing,other identified species
2008,11.0,Taiwan,,Sea Disaster,Fishing boat swamped in storm,M,45.0,,,FATAL,1,fishing,unknown
2008,11.0,Philippines,Luzon,Unprovoked,Fishing,M,39.0,10.0,,Torso & righ arm bitten FATAL,1,fishing,unknown
2008,12.0,Australia,Tasmania,Watercraft,Yacht race,,,,2 m shark,No injury to occupants -  shark became entangled in aft rudder,0,other,unknown
2008,12.0,Australia,New South Wales,Unprovoked,Boogie Boarding,M,10.0,,,"No injury, shark tore his swim fin",0,surfing,unknown
2008,12.0,Australia,New South Wales,Watercraft,Kayaking,M,29.0,11.0,"White shark, 4m to 5m","No injury, shark struck kayak, catapulting him into the water",0,kayaking / boating,white shark
2008,12.0,Australia,Western Australia,Unprovoked,Snorkeling,M,51.0,7.0,4 to 5m white shark,FATAL,1,diving / snorkeling,white shark
2008,12.0,Usa,California,Watercraft,Kayaking,M,,15.0,White shark,"No injury, shark struck paddle",0,kayaking / boating,white shark
2008,12.0,New Zealand,North Island,Unprovoked,Fishing,M,,,Bronze whaler shark?,Lacerations to left calf and ankle,0,fishing,other identified species
2008,12.0,South Africa,Western Cape Province,Provoked,Fishing,M,15.0,20.0,"Raggedtooth shark, 2m","Lacerations to knees, thigh and hip by hooked shark PROVOKED iNCIDENT",0,fishing,unknown
2008,12.0,Australia,New South Wales,Watercraft,Fishing,,,,"White shark, 4.5 to 5 m",Shark bit boats sea anchor,0,fishing,white shark
2008,12.0,Mozambique,Inhambane Province,Unprovoked,Spearfishing,M,,,Zambesi shark?,FATAL,1,spearfishing,unknown
2009,,Mozambique,Inhambane Province,Unprovoked,Spearfishing,M,,,Zambesi shark,Left ankle & foot bitten,0,spearfishing,unknown
2009,,Australia,Western Australia,Unprovoked,Diving,M,23.0,,"Bull shark, 10'",Severe lacerations to lower right leg,0,diving / snorkeling,bull shark
2009,,Kenya,Mombasa,Unprovoked,Washing his feet,M,,,,FATAL,1,other,unknown
2009,,Vietnam,,Provoked,Fishing for sharks,M,,,White shark,Hand bitten by hooked shark PROVOKED INCIDENT,0,fishing,white shark
2009,,Usa,California,Unprovoked,Surfing,M,,10.0,,No injury,0,surfing,unknown
2009,,Malaysia,Strait of Malacca,Unprovoked,Feeding fish,F,,,Blacktip reef shark pup,Minor injury,0,fishing,blacktip / spinner shark
2009,,Australia,Western Australia,Provoked,Wading,M,21.0,,"Wobbegong shark, 60cm",Thigh bitten when he trod on the shark PROVOKED INCIDENT,0,wading / standing,other identified species
2009,,Azores,,Provoked,Fishing,M,49.0,,,Left forearm bitten PROVOKED INCIDENT,0,fishing,unknown
2009,,South Africa,Western Cape Province,Unprovoked,,,,,White sharks,FATAL,1,other,white shark
2009,1.0,Cuba,Guantanamo Province,Unprovoked,Spearfishing,M,15.0,10.0,Bull shark,Severe lacerations to lower left leg,0,spearfishing,bull shark
2009,1.0,New Zealand,North Island,Watercraft,Fishing,,,19.0,,"No injury to occupant, shark removed small auxiliary outboard motor",0,fishing,unknown
2009,1.0,Australia,New South Wales,Unprovoked,Swimming,M,19.0,16.0,,Hand injured,0,swimming,unknown
2009,1.0,South Africa,Eastern Cape Province,Unprovoked,Swimming,M,25.0,14.0,Tiger shark,FATAL,1,swimming,tiger shark
2009,1.0,Australia,Victoria,Watercraft,Fishing,M,,9.0,"White shark, 5.5 m","No injury to occupants, shark bit propeller",0,fishing,white shark
2009,1.0,New Zealand,South Island,Unprovoked,Surfing,M,,,,"No injury, bumped off board by the shark",0,surfing,unknown
2009,1.0,Australia,New South Wales,Unprovoked,Snorkeling,M,24.0,10.0,"Dusky shark, 2m",Puncture wounds to right calf,0,diving / snorkeling,other identified species
2009,1.0,Australia,Tasmania,Unprovoked,Surfing,F,13.0,15.0,"White shark, 5m",Severe lacerations to right leg,0,surfing,white shark
2009,1.0,Australia,New South Wales,Unprovoked,Surfing,M,31.0,9.0,"White shark, 3.5m",Left thigh severely bitten,0,surfing,white shark
2009,1.0,New Zealand,North Island,Watercraft,Fishing,,,,"Mako shark, 3m","No injury to occupants, shark hit boat & bit outboard motor",0,fishing,other identified species
2009,1.0,Ecuador,Galapagos Islands,Unprovoked,Surfing,M,22.0,,,Right lower leg bitten & defense wounds to hand,0,surfing,unknown
2009,1.0,New Zealand,North Island,Unprovoked,Swimming,M,49.0,17.0,Broadnose sevengill shark,Posterior thigh bitten,0,swimming,other identified species
2009,1.0,Cuba,Guantanamo Province,Unprovoked,Spearfishing,,,,Bull shark,Lacerations to right calf,0,spearfishing,bull shark
2009,2.0,Australia,Queensland,Unprovoked,Fishing,M,,10.0,,Severe laceration to finger,0,fishing,unknown
2009,2.0,Australia,New South Wales,Unprovoked,Surfing,M,,17.0,,"No injury to surfer, but the nose of his board was broken",0,surfing,unknown
2009,2.0,Australia,New South Wales,Unprovoked,Surfing,M,33.0,19.0,"White shark, 2.5m",Severe injury to hand,0,surfing,white shark
2009,2.0,Australia,New South Wales,Unprovoked,"Diving, but on the surface when bitten by the shark",M,31.0,7.0,"Bull shark, 2.7 m",Severe injuries to right hand & right thigh. Right hand  surgically amputated & his right leg a week later,0,surfing,bull shark
2009,2.0,Usa,Puerto Rico,Sea Disaster,Air Disaster,M,,,,It is probable that all 5 passengers died on impact. The body of one was scavenged by a shark,1,other,unknown
2009,2.0,Australia,New South Wales,Unprovoked,Surfing,M,41.0,11.0,"White shark, 12'","No injury, surfboard dented",0,surfing,white shark
2009,2.0,Australia,New South Wales,Unprovoked,Surfing,M,,7.0,,"No injury, flung from surfboard by the shark",0,surfing,unknown
2009,3.0,Bahamas,Exuma Islands,Provoked,Spearfishing,M,48.0,,7' shark,Lacerations to right forearm after he poked the shark with his spear PROVOKED INCIDENT,0,spearfishing,unknown
2009,3.0,South Africa,Eastern Cape Province,Provoked,Fishing,M,59.0,,Raggedtooth shark,Calf bitten while helping angler measure the shark during fishing competition PROVOKED INCIDENT,0,fishing,unknown
2009,3.0,South Africa,Eastern Cape Province,Unprovoked,Surfing,M,16.0,,,FATAL,1,surfing,unknown
2009,3.0,Australia,New South Wales,Unprovoked,Surfing,M,17.0,18.0,Bronze whaler shark?,"Laceration to right foot, puncture wounds to calf",0,surfing,other identified species
2009,3.0,Australia,New South Wales,Unprovoked,Surfing,M,,,,"No injury, shark damaged surfboard",0,surfing,unknown
2009,3.0,Australia,New South Wales,Unprovoked,Surfing,F,,7.0,,"No injury, shark bit nose of surfboard",0,surfing,unknown
2009,3.0,Usa,Florida,Unprovoked,Surfing,F,17.0,17.0,3' to 4' shark,Minor bite to ankle,0,surfing,unknown
2009,3.0,Usa,Hawaii,Unprovoked,Swimming,M,61.0,20.0,Thought to involve a cookiecutter shark,"Minor injury, bite chest and left calf",0,swimming,other identified species
2009,3.0,New Caledonia,South Province,Unprovoked,Surfing,M,19.0,11.0,,FATAL,1,surfing,unknown
2009,3.0,South Africa,Western Cape Province,Provoked,Fishing,M,40.0,13.0,"Blue shark, 1m",Lacerations to arm and 2 fingers by hooked shark PROVOKED INCIDENT,0,fishing,other identified species
2009,3.0,New Zealand,North Island,Watercraft,Fishing,M,,,,"No injury to occupants, shark bit propeller",0,fishing,unknown
2009,3.0,Australia,New South Wales,Unprovoked,Surfing,M,15.0,6.0,2.6 m shark,Lacerations to leg,0,surfing,unknown
2009,4.0,Usa,Florida,Unprovoked,,F,,16.0,,Multiple lacerations to right foot & ankle,0,other,unknown
2009,4.0,Usa,Florida,Unprovoked,Surfing,M,20.0,,,3 puncture wounds to posterior right ankle,0,surfing,unknown
2009,4.0,Philippines,Batangas province,Unprovoked,Swimming,M,23.0,,,Legs bitten,0,swimming,unknown
2009,4.0,Usa,Florida,Unprovoked,Surfing,M,52.0,16.0,,Left foot bitten,0,surfing,unknown
2009,4.0,Usa,Florida,Unprovoked,Surfing,M,31.0,13.0,2' to 3' shark,Laceration to forearm,0,surfing,unknown
2009,4.0,Australia,New South Wales,Unprovoked,Surf skiing,M,40.0,8.0,2' to 3' shark,"No injury, catapulted into the water & ski damage",0,surfing,unknown
2009,4.0,Usa,California,Unprovoked,Spearfishing,M,,7.0,"White shark, 12' to 15' female",Shark struck him but the diver was not injured,0,spearfishing,white shark
2009,4.0,Usa,Florida,Unprovoked,Wading,M,15.0,16.0,,Lacerations to right foot and ankle,0,wading / standing,unknown
2009,5.0,Taiwan,Off Green Island,Provoked,Fishing,M,46.0,20.0,80 kg shark,Lacerations to knee & left lower leg by electrocuted captive shark PROVOKED INCIDENT,0,fishing,unknown
2009,5.0,Usa,Florida,Provoked,Swimming,M,,20.0,5' to 8' shark,Right foot bitten,0,swimming,unknown
2009,5.0,Usa,Florida,Unprovoked,Surfing,M,31.0,9.0,blacktip or spinner shark,Lacerations to left leg & foot,0,surfing,blacktip / spinner shark
2009,5.0,Usa,Florida,Unprovoked,Surfing,M,49.0,10.0,blacktip or spinner shark,Lacerations to right foot,0,surfing,blacktip / spinner shark
2009,5.0,Usa,Florida,Unprovoked,Surfing,M,55.0,10.0,blacktip or spinner shark,Lacerations to right hand,0,surfing,blacktip / spinner shark
2009,5.0,Guam,North Region,Provoked,Spearfishing,M,27.0,,"Blacktip shark, 4'",Speared shark bit his forearm PROVOKED INCIDENT,0,spearfishing,blacktip / spinner shark
2009,6.0,Australia,New South Wales,Unprovoked,Surfing,M,52.0,8.0,"Thought to involve a Bronze whale shark, 2m",2-inch laceration to upper left arm,0,surfing,other identified species
2009,6.0,Egypt,St. Johns Reef,Unprovoked,Scuba diving,M,,,Oceanic whitetip shark,Lacerations to left hand,0,diving / snorkeling,white shark
2009,6.0,Egypt,St. Johns Reef,Unprovoked,Scuba diving,M,,,Oceanic whitetip shark,3 cm laceration to shoulder,0,diving / snorkeling,white shark
2009,6.0,Egypt,St. Johns Reef,Unprovoked,Snorkeling,F,50.0,,"Oceanic whitetip shark, 2.5 to 3m",FATAL,1,diving / snorkeling,white shark
2009,7.0,Bahamas,Abaco Islands,Unprovoked,Spearfishing,M,14.0,,Bull shark,Lacerations to calf,0,spearfishing,bull shark
2009,7.0,Australia,New South Wales,Unprovoked,Surfing,M,14.0,6.0,,Left forearm grazed & puncture marks in wetsuit,0,surfing,unknown
2009,7.0,Vietnam,Binh Dinh Province,Unprovoked,Swimming,F,41.0,17.0,,Foot bitten,0,swimming,unknown
2009,7.0,Usa,Texas,Unprovoked,Wading,F,14.0,,,Lacerations to anterior left lower leg,0,wading / standing,unknown
2009,7.0,Usa,North Carolina,Unprovoked,Swimming,F,26.0,15.0,,Laceration to left foot,0,swimming,unknown
2009,7.0,Usa,Florida,Unprovoked,Swimming,F,19.0,15.0,,Laceration to lower right leg,0,swimming,unknown
2009,7.0,Vietnam,Binh Dinh Province,Unprovoked,Swimming,M,57.0,,,Severe bite to right leg,0,swimming,unknown
2009,7.0,Bahamas,,Provoked,Spearfishing,M,,,"Caribbean reef shark, 6'",Leg bitten by shark that had been shot in the head by another diver PROVOKED INCIDENT,0,spearfishing,other identified species
2009,7.0,Usa,California,Unprovoked,Paddle-surfing,M,,8.0,5' shark,"No injury, shark collided with surfer & board",0,surfing,unknown
2009,7.0,South Africa,Western Cape Province,Unprovoked,Surfing,M,37.0,11.0,,Leg bitten,0,surfing,unknown
2009,7.0,Usa,Florida,Unprovoked,Boogie Boarding,F,12.0,16.0,,Right ankle bitten,0,surfing,unknown
2009,7.0,Usa,Florida,Provoked,Swimming,F,43.0,,"Nurse shark, 6'",Thigh injured by hooked shark PROVOKED INCIDENT,0,swimming,nurse shark
2009,8.0,Usa,California,Unprovoked,Surfing,M,,18.0,4' shark,No injury,0,surfing,unknown
2009,8.0,South Africa,Western Cape Province,Unprovoked,Surfing,M,25.0,15.0,White shark,FATAL,1,surfing,white shark
2009,8.0,Usa,California,Unprovoked,Swimming,F,22.0,16.0,"White shark, 5' to 6' juvenile",Puncture wounds to left foot & calf,0,swimming,white shark
2009,8.0,South Africa,KwaZulu-Natal,Unprovoked,Body boarding,M,,,"White shark, 2m","No injury, shark bit bodyboard",0,surfing,white shark
2009,8.0,Usa,Florida,Unprovoked,Swimming,M,26.0,19.0,,Puncture marks on left foot,0,swimming,unknown
2009,8.0,Usa,Hawaii,Unprovoked,Surfing,M,,8.0,"Tiger shark, 12","No injury, surfboard bitten",0,surfing,tiger shark
2009,8.0,Usa,Louisiana,Unprovoked,Wade Fishing,M,56.0,10.0,Bull shark?,Right ankle & foot bitten,0,fishing,bull shark
2009,9.0,Usa,Florida,Unprovoked,Swimming,M,,17.0,"Bull shark, 8'",Laceration to right foot,0,swimming,bull shark
2009,9.0,Vietnam,,Unprovoked,,M,,,,Lower right leg bitten,0,other,unknown
2009,9.0,Somalia,,Provoked,Fishing,M,,,,Arm bitten PROVOKED INCIDENT,0,fishing,unknown
2009,9.0,Brazil,Pernambuco,Provoked,,M,34.0,,,Cause of death was drowning; his remains were scavenged by sharks,1,other,unknown
2009,9.0,Brazil,Pernambuco,Unprovoked,"Swimming, attempting to rescue a girl  believed to be drowning",M,15.0,,,FATAL,1,swimming,unknown
2009,9.0,Solomon Islands,Makira-Ulawa Province,Provoked,Fishing,M,,,,Injuries to face & neck PROVOKED INCIDENT,0,fishing,unknown
2009,10.0,Australia,Victoria,Watercraft,Kayaking,M,27.0,,"White shark, 4m","No injury, shark bit kayak",0,kayaking / boating,white shark
2009,10.0,Australia,New South Wales,Unprovoked,Paddle-boarding,F,17.0,7.0,,"No injury, shark bit rear of paddleboard",0,surfing,unknown
2009,10.0,Usa,California,Unprovoked,Surfing,M,,17.0,,"3 puncture wounds to big toe of left foot, and laceration on arch of foot",0,surfing,unknown
2009,10.0,Usa,Hawaii,Unprovoked,Surfing,M,54.0,6.0,6' to 8' shark,Bitten on upper right thigh & right ankle,0,surfing,unknown
2009,10.0,Panama,Bocas,Unprovoked,Wading,F,10.0,18.0,,Arm & torso bitten,0,wading / standing,unknown
2009,10.0,Scotland,Fife,Provoked,Diving,M,23.0,14.0,Angel shark,15-20 puncture wounds to arm by captive shark  PROVOKED INCIDENT,0,diving / snorkeling,unknown
2009,10.0,Usa,California,Unprovoked,Surfing,M,,11.0,,Laceration to shin of left leg,0,surfing,unknown
2009,10.0,United Kingdom,Devon,Provoked,Fishing,M,39.0,12.0,Spurdog,Injury to forearm from shark's spine PROVOKED INCIDENT,0,fishing,unknown
2009,11.0,Usa,Florida,Unprovoked,Wading,M,10.0,,6' shark,Left foot bitten,0,wading / standing,unknown
2009,11.0,Usa,California,Unprovoked,Fishing,M,31.0,16.0,Thresher shark,Puncture wounds and minor lacerations to dorsal surface of his left hand,0,fishing,unknown
2009,11.0,Usa,Florida,Unprovoked,Surfing,M,22.0,9.0,,Foot bitten,0,surfing,unknown
2009,11.0,Usa,Florida,Unprovoked,Surfing,F,27.0,16.0,,Foot bitten,0,surfing,unknown
2009,11.0,Usa,Florida,Unprovoked,Surfing,M,18.0,,4' shark,Foot bitten,0,surfing,unknown
2009,11.0,Australia,South Australia,Unprovoked,Kayaking,M,25.0,10.0,2 m shark,Ankle bitten,0,kayaking / boating,unknown
2009,11.0,Usa,California,Unprovoked,Surfing,M,21.0,,,"No injury, board broken in half",0,surfing,unknown
2009,12.0,South Africa,Eastern Cape  Province,Unprovoked,Wading,M,20.0,8.0,,Lacerations to  left foot,0,wading / standing,unknown
2009,12.0,Australia,New South Wales,Provoked,Swimming,M,55.0,11.0,,Lacerations to lower left leg after stepping on the shark                 PROVOKED INCIDENT,0,swimming,unknown
2009,12.0,Mozambique,Maputo Province,Unprovoked,Swimming,M,27.0,16.0,"Zambesi shark, 2m",Multiple lacerations to right torso & arm. Defense wounds on  hands,0,swimming,unknown
2009,12.0,Australia,Queensland,Watercraft,Kayaking,M,,11.0,,"No injury to occupants, kayak bumped by shark",0,kayaking / boating,unknown
2009,12.0,Australia,Queensland,Unprovoked,Spearfishing,M,18.0,7.0,"Bull shark, 3m",Lacerations to hand & forearm,0,spearfishing,bull shark
2009,12.0,South Africa,Eastern Cape Province,Unprovoked,Paddling on kneeboard,M,22.0,14.0,,FATAL,1,surfing,unknown
2009,12.0,New Zealand,South Island,Unprovoked,Swimming to shore from capsized kayak,M,24.0,,"White shark, 2.8 to 3 m",FATAL,1,swimming,white shark
2009,12.0,Australia,New South Wales,Unprovoked,Surfing,M,39.0,7.0,,Laceration to big toe,0,surfing,unknown
2009,12.0,Australia,New South Wales,Watercraft,Rowing,,,7.0,White shark,No injury to occupants; shark bit steering oar,0,kayaking / boating,white shark
2009,12.0,Usa,New Jersey,Provoked,Diving,M,58.0,13.0,"Sandtiger shark, 8'",Lacerations & puncture wounds to right calf & ankle when diver accidentally backed into the shark  PROVOKED INCIDENT,0,diving / snorkeling,tiger shark
2010,,Indonesia,Bali,Unprovoked,Surfing,M,,,,Lacerations to right hand,0,surfing,unknown
2010,,Samoa,,Unprovoked,Fishing,M,47.0,,,Serious wounds to chest,0,fishing,unknown
2010,,Australia,Western Australia,Watercraft,Fishing,M,,,White shark,No injury to occupant. Shark rammed bottom of the boat,0,fishing,white shark
2010,,Australia,Western Australia,Unprovoked,Spearfishing,M,,,,"No injury, shark head-butted diver's thigh",0,spearfishing,unknown
2010,,Tonga,Ha'api,Unprovoked,Swimming /  Whale Watching,M,24.0,12.0,,Puncture wounds to right foot,0,swimming,unknown
2010,,New Zealand,South Island,Unprovoked,Swimming,M,,,Possibly a blue shark,Bruised but otherwise unhurt,0,swimming,other identified species
2010,,New Zealand,South Island,Provoked,Spearfishing,M,,,2 m to 3 m shark,"No injury, shark bit his speargun after he used it to prod the shark PROVOKED INCIDENT",0,spearfishing,unknown
2010,1.0,Brazil,Rio Grande Do Sul,Unprovoked,Surfing,M,29.0,,Thought to involve a juvenile hammerhead shark,Foot bitten,0,surfing,other identified species
2010,1.0,Australia,Queensland,Unprovoked,Surfing,M,,16.0,,"No injury, surfboard bitten",0,surfing,unknown
2010,1.0,United Arab Emirates (Uae),Dubai,Unprovoked,Surfing,M,54.0,,,Laceration to bottom of foot,0,surfing,unknown
2010,1.0,Australia,Victoria,Unprovoked,Surfing,M,,7.0,,Lacerations to right hand,0,surfing,unknown
2010,1.0,South Africa,Western Province,Unprovoked,Standing,M,37.0,15.0,White shark,FATAL,1,wading / standing,white shark
2010,1.0,Australia,Torres Strait,Unprovoked,Snorkeling,F,9.0,,"Whitetip reef shark, 1m",2 sets of minor lacerations below her right knee,0,diving / snorkeling,white shark
2010,1.0,Vietnam,Binh Dinh Province,Unprovoked,,F,,,,Minor injuries,0,other,unknown
2010,1.0,Vietnam,Binh Dinh Province,Unprovoked,,M,,17.0,,Right wrist bitten,0,other,unknown
2010,1.0,Vietnam,Binh Dinh Province,Unprovoked,Bathing,M,,6.0,,Left arm bitten twice,0,swimming,unknown
2010,1.0,Usa,Florida,Unprovoked,Spearfishing,M,32.0,10.0,,Lacerations to  arm,0,spearfishing,unknown
2010,1.0,South Africa,Eastern Province,Unprovoked,Surfing,M,,,,"No injury, reportedly knocked of his board by a shark",0,surfing,unknown
2010,2.0,South Africa,Eastern Cape Province,Unprovoked,Surfing,M,,11.0,3 m shark,Lacerations to right leg,0,surfing,unknown
2010,2.0,Fiji,Off Vanua Levu,Unprovoked,Scuba diving,M,19.0,9.0,,FATAL,1,diving / snorkeling,unknown
2010,2.0,Australia,Queensland,Unprovoked,Snorkeling,F,60.0,13.0,2 m shark,Lacerations to legs & buttocks,0,diving / snorkeling,unknown
2010,2.0,Australia,New South Wales,Unprovoked,Surfing,M,46.0,8.0,"Wobbegong shark, 1.6m","Minor injury, lacerations to left lower leg",0,surfing,other identified species
2010,2.0,Australia,New South Wales,Unprovoked,Body boarding,M,18.0,15.0,"White shark, 2.5m","No injury, shark & board collided",0,surfing,white shark
2010,2.0,Usa,Florida,Provoked,Surf fishing / wading,M,,15.0,"Spinner shark, 6'",Leg bitten while trying to free a hooked shark PROVOKED INCIDENT,0,surfing,blacktip / spinner shark
2010,2.0,Usa,Florida,Unprovoked,Kite Boarding,M,38.0,15.0,,FATAL,1,surfing,unknown
2010,2.0,New Zealand,South Island,Provoked,Boogie Boarding,F,14.0,18.0,1.5 m shark,Stepped on shark PROVOKED INCIDENT,0,surfing,unknown
2010,3.0,Reunion,Saint-Benoit,Unprovoked,Surfing,M,34.0,11.0,1.5 m shark,"No injury, board bitten",0,surfing,unknown
2010,4.0,Usa,Florida,Provoked,Measuring sharks,M,29.0,,"Lemon shark, 6'",Arm bitten PROVOKED INCIDENT,0,other,other identified species
2010,4.0,Usa,Hawaii,Unprovoked,Surfing,M,68.0,16.0,14' shark,"No injury, surfboard bitten",0,surfing,unknown
2010,4.0,South Africa,Eastern Cape Province,Unprovoked,Surfing,M,35.0,10.0,2 m shark,Both feet bitten,0,surfing,unknown
2010,4.0,Egypt,Sinai Peninsula,Unprovoked,Swimming / treading water,M,24.0,14.0,"Oceanic whitetip shark, 6'",Lacerations to left ankle and foot,0,swimming,white shark
2010,5.0,Usa,Florida,Provoked,Fishing,M,49.0,8.0,"Lemon shark, 4'",Laceration to left calf by hooked shark PROVOKED INCIDENT,0,fishing,other identified species
2010,5.0,Vietnam,Binh Dinh Province,Unprovoked,Rescuing,F,58.0,18.0,20 to 30kg shark,Minor laceration to leg,0,other,unknown
2010,5.0,Vietnam,Binh Dinh Province,Unprovoked,Swimming,F,60.0,18.0,20 to 30kg shark,Severe lacerations to left foot,0,swimming,unknown
2010,5.0,Australia,New South Wales,Unprovoked,Surfing,M,,16.0,,Superficial lacerations to lower left leg,0,surfing,unknown
2010,5.0,Madagascar,Antsiranana Province,Unprovoked,Scuba diving,M,59.0,9.0,,Lacerations to arm & chest,0,diving / snorkeling,unknown
2010,5.0,Usa,Florida,Unprovoked,Wading,F,10.0,10.0,4' shark,Minor puncture wounds to right ankle,0,wading / standing,unknown
2010,6.0,Usa,Texas,Unprovoked,Surfing,M,20.0,,"Bull shark, 5'",Lacerations to right foot,0,surfing,bull shark
2010,6.0,Usa,South Carolina,Unprovoked,Boogie Boarding,F,6.0,,,Laceration to leg,0,surfing,unknown
2010,6.0,Usa,North Carolina,Unprovoked,Swimming,F,13.0,13.0,,Laceration to left foot,0,swimming,unknown
2010,6.0,Vietnam,Binh Dinh Province,Unprovoked,Swimming,M,17.0,17.0,1 m shark,Laceration to left foot,0,swimming,unknown
2010,6.0,Usa,Florida,Unprovoked,Boogie Boarding,F,18.0,12.0,4' shark,Lacerations to left calf and foot,0,surfing,unknown
2010,6.0,Australia,Western Australia,Unprovoked,Surfing,M,40.0,12.0,,Severe laceration to right knee,0,surfing,unknown
2010,6.0,Usa,Florida,Unprovoked,Surfing,M,20.0,,,Lacerations to left foot,0,surfing,unknown
2010,7.0,Usa,South Carolina,Unprovoked,Standing,M,16.0,,4' shark,Lacerations to right lower leg,0,wading / standing,unknown
2010,7.0,Usa,Florida,Unprovoked,Surfing,M,20.0,16.0,,Left foot bitten,0,surfing,unknown
2010,7.0,Usa,South Carolina,Unprovoked,Swimming,M,10.0,10.0,Possibly a small blacktip shark,Minor lacerations to left calf,0,swimming,blacktip / spinner shark
2010,7.0,Usa,North Carolina,Unprovoked,Swimming,F,13.0,13.0,"Sandtiger shark, 4' to 5'",Lacerations to right forearm,0,swimming,tiger shark
2010,7.0,Usa,Florida,Unprovoked,Surfing,M,55.0,,A small spinner shark,Minor lacerations to right foot,0,surfing,blacktip / spinner shark
2010,7.0,Spain,Grand Canary Island,Provoked,Swimming,M,9.0,19.0,Angel shark,Lacerations to left foot when he stepped on the shark PROVOKED INCIDENT,0,swimming,unknown
2010,7.0,Usa,Texas,Unprovoked,Fishing,M,,,,Leg bitten,0,fishing,unknown
2010,7.0,Usa,Florida,Provoked,Fishing,M,,,"Nurse shark, juvenile",Small laceration to forearm from netted shark  PROVOKED INCIDENT,0,fishing,nurse shark
2010,7.0,South Africa,KwaZulu-Natal,Unprovoked,Snorkeling,F,21.0,,,Left leg bitten,0,diving / snorkeling,unknown
2010,7.0,Usa,New York,Provoked,Fishing,M,20.0,12.0,"Blue shark, 7'",Laceration to right bicep by hooked shark PROVOKED INCIDENT,0,fishing,other identified species
2010,7.0,Usa,California,Unprovoked,Surfing,M,19.0,,4' shark,Laceration to left foot,0,surfing,unknown
2010,7.0,Usa,California,Unprovoked,Stand-Up Paddleboarding,M,48.0,15.0,8' shark,"No injury, board bumped by shark",0,surfing,unknown
2010,8.0,Usa,Florida,Unprovoked,Boogie Boarding,M,10.0,9.0,,Minor injuries to foot,0,surfing,unknown
2010,8.0,Australia,Western Australia,Unprovoked,Surfing,M,31.0,8.0,White shark,FATAL,1,surfing,white shark
2010,8.0,Usa,California,Watercraft,Kayak Fishing,M,45.0,,White shark,"No injury, kayak bitten",0,fishing,white shark
2010,8.0,Australia,Queensland,Provoked,Fishing,F,,19.0,,Leg bitten by hooked shark PROVOKED INCIDENT,0,fishing,unknown
2010,8.0,South Korea,Jeju Province,Unprovoked,Swimming,F,16.0,,,Lacerations to left lower leg,0,swimming,unknown
2010,8.0,Australia,New South Wales,Unprovoked,Surfing,M,47.0,8.0,,Left foot bitten,0,surfing,unknown
2010,8.0,Usa,North Carolina,Unprovoked,Surfing,M,25.0,15.0,,Left foot bitten,0,surfing,unknown
2010,8.0,Malta,,Unprovoked,Windsurfing,M,35.0,,3 m shark,"No injury, sail bitten",0,surfing,unknown
2010,8.0,Usa,California,Watercraft,Kayaking,M,,12.0,"White shark, 15'","No injury, kayak bitten",0,kayaking / boating,white shark
2010,8.0,Usa,Florida,Unprovoked,Standing,F,37.0,11.0,3' to 4' shark,Lacerations to forearm,0,wading / standing,unknown
2010,9.0,Usa,Oregon,Unprovoked,Surfing,M,29.0,16.0,White shark,"No injury, surfboard rammed",0,surfing,white shark
2010,9.0,Usa,Virginia,Unprovoked,Surfing,M,18.0,16.0,,Bite to left ankle and knee,0,surfing,unknown
2010,9.0,South Africa,Western Cape Province,Unprovoked,Swimming,M,29.0,,White shark,FATAL,1,swimming,white shark
2010,9.0,Australia,New South Wales,Unprovoked,Surfing,M,15.0,17.0,2m shark,Lacerations and puncture wounds to leg and foot,0,surfing,unknown
2010,9.0,Usa,Florida,Unprovoked,Swimming,M,27.0,,3' shark,Lacerations to left wrist,0,swimming,unknown
2010,9.0,Usa,Florida,Unprovoked,Surfing,M,,,,"No injury, shark charged surfboard",0,surfing,unknown
2010,9.0,Usa,Florida,Unprovoked,Surfing,M,24.0,12.0,,Lacerations to right  hand,0,surfing,unknown
2010,9.0,Usa,Florida,Unprovoked,Surfing,M,24.0,9.0,,Left thigh bitten,0,surfing,unknown
2010,9.0,Solomon Islands,Western Province,Unprovoked,,M,34.0,,,Lacerations to face and neck,0,other,unknown
2010,10.0,Australia,Western Australia,Unprovoked,Snorkeling,F,20.0,12.0,White shark,Torso and left buttock bitten,0,diving / snorkeling,white shark
2010,10.0,Usa,Oregon,Unprovoked,Surfing,M,,15.0,,No injury to surfer,0,surfing,unknown
2010,10.0,Azores,,Provoked,Fishing,M,,,,PROVOKED INCIDENT?,0,fishing,unknown
2010,10.0,Usa,Maine,Unprovoked,Scuba diving,M,30.0,,"Porbeagle shark, 8'","No injury to diver, shark bit his video camera",0,diving / snorkeling,unknown
2010,10.0,Australia,Western Australia,Unprovoked,Kite Surfing,M,14.0,,,Lacerations to lower right leg,0,surfing,unknown
2010,10.0,Usa,California,Unprovoked,Body boarding,M,19.0,8.0,"White shark, 14' to 18'",FATAL,1,surfing,white shark
2010,10.0,Egypt,South Sinai Peninsula,Unprovoked,Snorkeling,F,,,,Multiple lacerations to left leg and foot,0,diving / snorkeling,unknown
2010,10.0,Australia,New South Wales,Unprovoked,Surfing,M,22.0,13.0,"Bull shark, 1.4m",Foot bitten,0,surfing,bull shark
2010,10.0,Bahamas,Exuma Islands,Unprovoked,Snorkeling,M,,,Lemon shark,Calf bitten,0,diving / snorkeling,other identified species
2010,10.0,Bahamas,Abaco Islands,Unprovoked,Surfing,F,,15.0,Possibly a 6' lemon shark,Bitten between left ankle & knee,0,surfing,other identified species
2010,10.0,South Africa,Western Cape Province,Unprovoked,Surfing,M,,14.0,,3 lacerations to foot,0,surfing,unknown
2010,11.0,Egypt,South Sinai Peninsula,Unprovoked,Snorkeling,F,70.0,14.0,"Oceanic whitetip shark, 2.5m, female","Foot severed, Right forearm severed, lacerations to left hand (defense wounds)",0,diving / snorkeling,white shark
2010,11.0,Egypt,South Sinai Peninsula,Unprovoked,Snorkeling,F,48.0,14.0,"Oceanic whitetip shark, 2.5m, female",Foot and arm bitten,0,diving / snorkeling,white shark
2010,11.0,Usa,Palmyra Atoll,Provoked,Snorkeling,M,33.0,13.0,,Head bitten by netted shark PROVOKED INCIDENT,0,diving / snorkeling,unknown
2010,11.0,Dominican Republic,,Unprovoked,Diving,M,21.0,,,FATAL,1,diving / snorkeling,unknown
2010,11.0,Indonesia,Bali,Unprovoked,Surfing,M,,,,Hand bitten,0,surfing,unknown
2010,12.0,Usa,Hawaii,Unprovoked,Body boarding,M,16.0,15.0,6' shark,"Lacerations to his lower left leg, calf, foot & ankle",0,surfing,unknown
2010,12.0,Fiji,Vitu Levu,Unprovoked,Surfing,M,,,,Lacerations to  foot,0,surfing,unknown
2010,12.0,Usa,Hawaii,Unprovoked,Surfing,M,46.0,13.0,,Lacerations to right foot,0,surfing,unknown
2010,12.0,Egypt,South Sinai Peninsula,Unprovoked,Snorkeling,F,70.0,12.0,"Oceanic whitetip shark, 2.5m",FATAL,1,diving / snorkeling,white shark
2010,12.0,Egypt,South Sinai Peninsula,Unprovoked,Snorkeling,M,54.0,11.0,Mako shark,Both arms severely bitten,0,diving / snorkeling,other identified species
2010,12.0,Egypt,South Sinai Peninsula,Unprovoked,Snorkeling,M,46.0,10.0,Mako shark,Lacerations to right leg,0,diving / snorkeling,other identified species
2011,,Papua New Guinea,East New Britain,Unprovoked,Scuba diving,M,,,,"No injury, shark collided with diver",0,diving / snorkeling,unknown
2011,,Scotland,Moray,Unprovoked,Surfing,M,26.0,,8' to 10' shark,"No injury, shark bumped leg & board.",0,surfing,unknown
2011,,Usa,Puerto Rico,Unprovoked,Floating,M,27.0,,,Lacerations to  lower right leg and foot,0,swimming,unknown
2011,,Usa,North Carolina,Unprovoked,Swimming,M,54.0,14.0,,Lower right leg bitten,0,swimming,unknown
2011,,United Kingdom,Cornwall,Watercraft,Fishing,,,,"Oceanic whitetip shark, 7'","No injury, shark slammed into boat",0,fishing,white shark
2011,,Columbia,San Andrés archipelago,Unprovoked,Spearfishing,M,24.0,,,Injuries to right hand and forearm,0,spearfishing,unknown
2011,,Usa,Texas,Provoked,"Standing, holding shark pup",M,,,Blacktip shark pup,Minor laceration to shoulder from captive shark PROVOKED INCIDENT,0,wading / standing,blacktip / spinner shark
2011,,Australia,Queensland,Provoked,Fishing,M,36.0,10.0,"Bull shark, 2m",Lacerations to right hand by hooked shark PROVOKED INCIDENT,0,fishing,bull shark
2011,,Mexico,Colima,Provoked,Shark fishing on the Ricardo Astorga,M,,,,Left foot bitten PROVOKED INCIDENT,0,fishing,unknown
2011,,Mexico,Quintana Roo,Unprovoked,Attempting to fix motor,M,37.0,,,Bitten on leg and groin,0,other,unknown
2011,1.0,Mexico,Quintana Roo,Unprovoked,Swimming,F,38.0,12.0,6' shark,"Leg, forearm & hand severely bitten",0,swimming,unknown
2011,1.0,Mexico,Colima,Provoked,Shark fishing on the Don Agustín-VI.,M,25.0,,,Left eg bitten PROVOKED INCIDENT,0,fishing,unknown
2011,1.0,Bahamas,West End,Unprovoked,Scuba diving,M,55.0,15.0,Caribbean reef shark,Arm bitten,0,diving / snorkeling,other identified species
2011,1.0,South Africa,Eastern Cape Province,Unprovoked,Surfing,M,16.0,12.0,,FATAL,1,surfing,unknown
2011,1.0,Australia,Western Australia,Watercraft,Fishing,,,12.0,White shark,"No injury, shark nudged boat and bit propeller",0,fishing,white shark
2011,2.0,New Caledonia,Loyalty Islands,Unprovoked,Spearfishing,M,21.0,,1.5 m shark,Lacerations to left forearm,0,spearfishing,unknown
2011,2.0,Reunion,Saint Gilles,Unprovoked,Surfing,M,32.0,18.0,,Left leg severed at the knee,0,surfing,unknown
2011,2.0,Australia,South Australia,Unprovoked,Diving for abalone,M,49.0,18.0,White shark x 2,FATAL,1,diving / snorkeling,white shark
2011,2.0,Australia,Queensland,Provoked,Fishing,M,,10.0,1 m shark,Lacerations to calf by hooked shark PROVOKED INCIDENT,0,fishing,unknown
2011,2.0,Australia,Western Australia,Unprovoked,Snorkeling,M,58.0,,,Arm bitten,0,diving / snorkeling,unknown
2011,2.0,South Africa,Eastern Cape Province,Unprovoked,Surf fishing,M,37.0,,,Right leg bitten,0,surfing,unknown
2011,3.0,Mexico,Quintana Roo,Unprovoked,Swimming,F,,,Bull shark,Lower leg & foot bitten,0,swimming,bull shark
2011,3.0,Australia,New South Wales,Unprovoked,Surfing,M,48.0,17.0,"Bull shark, 2.5m",Severe injury to left forearm,0,surfing,bull shark
2011,3.0,Mexico,Quintana Roo,Unprovoked,Swimming,M,46.0,,,Right foot bitten,0,swimming,unknown
2011,3.0,Fiji,,Unprovoked,Diving / fishing,M,30.0,16.0,,"Left forearm severely bitten, surgically amputated",0,diving / snorkeling,unknown
2011,3.0,Australia,New South Wales,Unprovoked,Wakeboarding,F,24.0,13.0,3 m to 4 m shark,"Severe injuries to head, neck, shoulder & upper left arm",0,surfing,unknown
2011,3.0,Australia,New South Wales,Unprovoked,Surfing,M,,,,"No injury, surboard broken",0,surfing,unknown
2011,4.0,Usa,Florida,Unprovoked,Spearfishing,M,32.0,,"Bull shark, 12'",Calf bitten,0,spearfishing,bull shark
2011,4.0,Australia,Western Australia,Unprovoked,Washing sand off a speared fish,M,17.0,15.0,"reef shark, 1.5m",Heel bitten,0,spearfishing,other identified species
2011,4.0,Usa,Florida,Unprovoked,Surfing,M,49.0,15.0,1' to 2' shark,Minor puncture wounds,0,surfing,unknown
2011,4.0,New Zealand,South Island,Unprovoked,Surfing,M,41.0,,possibly a bronze whaler shark,Puncture to left hand,0,surfing,other identified species
2011,4.0,Indonesia,Bali,Unprovoked,Surfing,M,,,"Bull shark, 2.5 m",Lacerations to forearm,0,surfing,bull shark
2011,4.0,Fiji,Vitu Levu,Unprovoked,Diving,M,27.0,,,Minor injuries to left leg and hand,0,diving / snorkeling,unknown
2011,5.0,Usa,Texas,Unprovoked,Standing or boogie boardin,F,22.0,15.0,,Lacerations & punctures to right thigh,0,surfing,unknown
2011,5.0,South Africa,Western Cape Province,Unprovoked,Surfing,M,33.0,,White shark,"No injury, board bumped by shark",0,surfing,white shark
2011,5.0,Usa,Hawaii,Unprovoked,Surfing,F,,13.0,"Tiger shark, 10'","No injury, board bitten",0,surfing,tiger shark
2011,5.0,Usa,Hawaii,Unprovoked,Paddle boarding,F,,12.0,Tiger shark,"No injury, board bitten",0,surfing,tiger shark
2011,5.0,South Africa,KwaZulu-Natal,Unprovoked,Spearfishing,M,28.0,,Zambesi shark,"Thigh bitten, FATAL",1,spearfishing,unknown
2011,5.0,Usa,Florida,Unprovoked,Body surfing,M,86.0,15.0,,Lacerations to left foot & ankle,0,surfing,unknown
2011,5.0,New Caledonia,North Province,Unprovoked,Kite Boarding,M,15.0,11.0,"Tiger shark, 2.8m","Thigh bitten, FATAL",1,surfing,tiger shark
2011,5.0,Usa,Florida,Unprovoked,Surfing,M,37.0,6.0,,Minor injury; puncture wounds to calf,0,surfing,unknown
2011,5.0,Usa,Florida,Provoked,Fishing,M,,,"Sandbar shark, 8'",Laceration to arm by captive shark PROVOKED INCIDENT,0,fishing,other identified species
2011,5.0,South Africa,KwaZulu-Natal,Unprovoked,Spearfishing,M,37.0,,,Calf bitten,0,spearfishing,unknown
2011,6.0,Turks & Caicos,Middle Caicos,Unprovoked,Snorkeling,M,28.0,13.0,,Lacerations to left shoulder and back,0,diving / snorkeling,unknown
2011,6.0,Brazil,Pernambuco,Unprovoked,Surfing,M,21.0,10.0,,Lacerations to right thigh,0,surfing,unknown
2011,6.0,South Africa,KwaZulu-Natal,Unprovoked,Scuba diving,M,22.0,12.0,"Bull shark, 3m female",Severe lacerations to hands and  left leg,0,diving / snorkeling,bull shark
2011,6.0,Usa,North Carolina,Unprovoked,Playing in the surf,F,10.0,,"Bull shark, 6'",Ankle bitten,0,surfing,bull shark
2011,6.0,Usa,California,Unprovoked,Surfing,M,,13.0,"White shark, 5' k",Shark leapt onto surfboard; surfer uninjured,0,surfing,white shark
2011,6.0,Usa,Florida,Unprovoked,Jet skiing,M,20.0,,,Lacerations to foot and ankle,0,other,unknown
2011,6.0,Turks & Caicos,Caicos Bank,Unprovoked,Spearfishing,M,35.0,,5' shark,Right calf bitten,0,spearfishing,unknown
2011,6.0,Costa Rica,Guanacaste,Unprovoked,Surfing,M,15.0,12.0,,FATAL,1,surfing,unknown
2011,6.0,Reunion,Saint-Gilles-les-Bains,Unprovoked,Boogie Boarding,M,31.0,17.0,,FATAL,1,surfing,unknown
2011,6.0,Usa,Florida,Unprovoked,Scuba diving,M,28.0,14.0,"Blacktip shark, 4'",Lacerations to right calf,0,diving / snorkeling,blacktip / spinner shark
2011,6.0,Usa,California,Unprovoked,Spearfishing,M,28.0,,"Sevengill shark, 6' to 8'","No injury, minor damage to wetsuit",0,spearfishing,other identified species
2011,6.0,Usa,Florida,Unprovoked,Wading,M,19.0,12.0,3' to 4' shark,Puncture wound to calf,0,wading / standing,unknown
2011,6.0,Malaysia,Kedah,Unprovoked,Snorkeling,F,,,Blacktip reef shark,Laceration to dorsum of right foot,0,diving / snorkeling,blacktip / spinner shark
2011,7.0,Philippines,,Sea Disaster,Sea disaster,M,43.0,,,The two Malabagos were bitten by sharks but survived. The other occupants of the boat  were rescued.,0,other,unknown
2011,7.0,Usa,New Jersey,Unprovoked,Wade Fishing,M,,,,"No injury, shark bit boot",0,fishing,unknown
2011,7.0,South Africa,Eastern Cape Province,Unprovoked,Surfing,M,29.0,10.0,"White shark, 3m to 4m",Upper left arm & right leg bitten,0,surfing,white shark
2011,7.0,Usa,North Carolina,Unprovoked,Boogie Boarding,F,6.0,17.0,,Lower right leg & foot bitten,0,surfing,unknown
2011,7.0,Reunion,Saint-Gilles,Watercraft,Kayaking or Wave skiing,M,,17.0,,No injury,0,kayaking / boating,unknown
2011,7.0,Usa,Texas,Unprovoked,Surf fishing,M,,20.0,,Lacerations to left foot,0,surfing,unknown
2011,7.0,Bahamas,Grand Bahama Island,Unprovoked,Scuba diving,M,54.0,12.0,,Injuries to arm,0,diving / snorkeling,unknown
2011,7.0,Usa,Texas,Unprovoked,Swimming,M,12.0,17.0,,Foot bitten,0,swimming,unknown
2011,7.0,Usa,Texas,Unprovoked,Wade Fishing,M,14.0,,,Lacerations to right foot,0,fishing,unknown
2011,7.0,Reunion,Saint-Gilles,Unprovoked,Surfing,M,16.0,14.0,,Minor injuries: scratches on nose & ankle. Board broken in two,0,surfing,unknown
2011,7.0,Columbia,Sucre,Unprovoked,Kayaking,M,17.0,10.0,,"Right arm bitten, defense wounds to left hand",0,kayaking / boating,unknown
2011,8.0,Usa,Florida,Unprovoked,Surfing,M,19.0,11.0,6' shark,Lacerations to lower leg,0,surfing,unknown
2011,8.0,Usa,Texas,Unprovoked,Wade Fishing,F,39.0,19.0,,"Lacerations to anterior left shin, abrasion to posteior right leg",0,fishing,unknown
2011,8.0,Russia,Primorsky Krai,Unprovoked,"Standing, collecting sea stars",M,,,,Superficial laceration to shoulder,0,wading / standing,unknown
2011,8.0,Usa,North Carolina,Unprovoked,Surfing,M,21.0,,,Lacerations to foot,0,surfing,unknown
2011,8.0,Usa,North Carolina,Unprovoked,,M,10.0,15.0,,Heel bitten,0,other,unknown
2011,8.0,South Africa,Western Cape Province,Unprovoked,Surfing,M,49.0,9.0,"White shark, >6'",FATAL,1,surfing,white shark
2011,8.0,Russia,"Peter the Great Bay, Khasan, Primorsky Krai (Far East)",Unprovoked,Swimming,M,16.0,,,"Lacerations to hip, thigh and knee",0,swimming,unknown
2011,8.0,Usa,North Carolina,Unprovoked,Wading,F,,17.0,Possibly a 5' to 6' sandtiger shark,Lacerations to foot,0,wading / standing,tiger shark
2011,8.0,Russia,"Telyakovsky Bay, Khasan,  Primorsky Krai (Far East)",Unprovoked,Swimming,M,25.0,,4 m shark,Hands severed,0,swimming,unknown
2011,8.0,French Polynesia,Society Islands,Unprovoked,Surfing,M,32.0,15.0,Grey reef shark,"No injury, board bitten",0,surfing,other identified species
2011,8.0,Seychelles,Praslin,Unprovoked,Swimming or Snorkeling,M,30.0,16.0,"Bull shark, 6'",FATAL,1,diving / snorkeling,bull shark
2011,8.0,Seychelles,Praslin,Unprovoked,Diving,M,36.0,15.0,,FATAL,1,diving / snorkeling,unknown
2011,9.0,Dominican Republic,Samaná Province,Provoked,Fishing,M,48.0,,,Severe injuries to left arm PROVOKED INCIDENT,0,fishing,unknown
2011,9.0,South Africa,Western Cape Province,Unprovoked,Swimming,M,43.0,12.0,White shark,"Right leg severed, left leg lacerated",0,swimming,white shark
2011,9.0,Usa,Florida,Unprovoked,Spearfishing,M,21.0,15.0,"Bull shark, 6'",Laceration to left thigh,0,spearfishing,bull shark
2011,9.0,Usa,South Carolina,Unprovoked,Jumping in the waves,M,5.0,10.0,,Laceration to left thigh,0,wading / standing,unknown
2011,9.0,Usa,Hawaii,Watercraft,Canoeing,M,,15.0,,"No injury, canoe bitten by shark",0,kayaking / boating,unknown
2011,9.0,Reunion,Saint-Gilles,Unprovoked,Body boarding,M,38.0,15.0,,FATAL,1,surfing,unknown
2011,9.0,Kenya,Coast Province,Unprovoked,Swimming,M,17.0,,,FATAL,1,swimming,unknown
2011,9.0,Usa,Florida,Unprovoked,Surfing,M,25.0,11.0,4' to 6' shark,Lacerations to arm,0,surfing,unknown
2011,9.0,Usa,California,Unprovoked,Surfing,M,37.0,12.0,,"No injury, board bitten",0,surfing,unknown
2011,9.0,Papua New Guinea,Central Province,Unprovoked,Kite Surfing,M,30.0,,"Tiger shark, 2m",Lacerations to right leg,0,surfing,tiger shark
2011,9.0,Usa,Hawaii,Unprovoked,Surfing,,,13.0,,"No injury, shark bit surfboard",0,surfing,unknown
2011,9.0,Australia,Western Australia,Unprovoked,Body boarding,M,21.0,13.0,White shark,FATAL,1,surfing,white shark
2011,9.0,Usa,Florida,Unprovoked,Surfing,M,19.0,11.0,"6' shark, possibly a blactip or spinner shark",Lacerations to ankle & foot,0,surfing,blacktip / spinner shark
2011,10.0,Usa,California,Unprovoked,Surfing,M,27.0,,White shark,"Lacerations to right wrist, foream & neck",0,surfing,white shark
2011,10.0,South Africa,KwaZulu-Natal,Provoked,Diving,,,,Raggedtooth shark,Arm bitten by captive shark PROVOKED INCIDENT,0,diving / snorkeling,unknown
2011,10.0,Australia,Western Australia,Unprovoked,Diving,M,32.0,13.0,"White shark, 10'",FATAL,1,diving / snorkeling,white shark
2011,10.0,Usa,Oregon,Unprovoked,Surfing,M,41.0,,"White shark, 15'","No injury, shark bit surfboard",0,surfing,white shark
2011,10.0,Australia,Victoria,Unprovoked,Diving,M,50.0,16.0,"Port Jackson shark, 1m",Small bruise to calf,0,diving / snorkeling,unknown
2011,10.0,Usa,Florida,Unprovoked,Surfing,M,,,3' shark,Foot bitten,0,surfing,unknown
2011,10.0,Usa,Oregon,Unprovoked,Surfing,M,,,10' to 12' shark,No injury,0,surfing,unknown
2011,10.0,Australia,Western Australia,Unprovoked,Swimming,M,64.0,8.0,,FATAL,1,swimming,unknown
2011,10.0,Reunion,,Watercraft,Canoeing,M,51.0,10.0,2 to 2.5 m shark,No injury to occupant,0,kayaking / boating,unknown
2011,10.0,Usa,Florida,Unprovoked,Wade fishing,M,,,,Minor injury to thigh,0,fishing,unknown
2011,10.0,Usa,Alabama,Unprovoked,,M,29.0,,,Lacerations to right wrist and middle finger,0,other,unknown
2011,11.0,Indonesia,Bali,Unprovoked,Surfing,M,18.0,13.0,,Lacerations to right hand,0,surfing,unknown
2011,11.0,Australia,Queensland,Unprovoked,Swimming,M,10.0,,Wobbegong shark?,Puncture marks to foot,0,swimming,other identified species
2011,11.0,Usa,California,Watercraft,Kayaking,M,,,"White shark, 15' to 16'","No injury, kayak bitten",0,kayaking / boating,white shark
2011,11.0,Brazil,Pernambuco,Unprovoked,Surfing,M,35.0,,,Legs bitten,0,surfing,unknown
2011,11.0,Reunion,Bois-Blanc,Unprovoked,Free diving / spearfishing,M,42.0,,,Left foot bitten,0,spearfishing,unknown
2011,12.0,Usa,Florida,Unprovoked,,M,,18.0,,Hand injured,0,other,unknown
2011,12.0,Ecuador,Santa Elena,Unprovoked,Surfing,M,23.0,18.0,,Lacerations to left thigh and calf,0,surfing,unknown
2011,12.0,Usa,Florida,Unprovoked,Surfing,M,27.0,12.0,,Laceration to ankle,0,surfing,unknown
2011,12.0,Usa,Hawaii,Provoked,Canoeing,M,,,7' to 8' shark,"No injury, after kayak collided with the shark, it bit the rudder  PROVOKED INCIDENT",0,kayaking / boating,unknown
2011,12.0,South Africa,Eastern Cape Province,Watercraft,Kayak Fishing,M,35.0,,,No injury but kayak dented,0,fishing,unknown
2011,12.0,Australia,New South Wales,Unprovoked,Surfing,M,51.0,5.0,"White shark, 2.5m",5 puncture wounds to thigh,0,surfing,white shark
2011,12.0,Australia,New South Wales,Unprovoked,Surfing,M,14.0,,Wobbegong shark,Minor injuries to left leg,0,surfing,other identified species
2011,12.0,Usa,Oregon,Unprovoked,Surfing,F,,9.0,,Minor injury to calf,0,surfing,unknown
2011,12.0,Australia,New South Wales,Unprovoked,Surfing,M,63.0,6.0,,Torn shoulder ligament as result of collision with shark,0,surfing,unknown
2012,,Nigeria,Delta,Unprovoked,Bathing,F,38.0,,,Laceration to right leg,0,swimming,unknown
2012,,Bahamas,,Unprovoked,"Diving, photographing sharks",M,,,Tiger shark,"No injury, shark grabbed his camera",0,diving / snorkeling,tiger shark
2012,1.0,Usa,Hawaii,Unprovoked,Snorkeling,,,11.0,6' to 8' shark,"No injury, shark bit swim fin",0,diving / snorkeling,unknown
2012,1.0,Australia,Western Australia,Unprovoked,Snorkeling,M,26.0,,"Tiger shark, 3m",Lacerations to right forearm,0,diving / snorkeling,tiger shark
2012,1.0,Taiwan,Taitung,Provoked,Fishing,M,24.0,,"Blue shark, 70-kg blue shark",Bitten on left thigh     PROVOKED ACCIDENT,0,fishing,other identified species
2012,1.0,Australia,New South Wales,Unprovoked,Surfing,M,44.0,16.0,"White shark, 2.7 m",Lacerations to thigh,0,surfing,white shark
2012,1.0,South Africa,Eastern Cape Province,Unprovoked,Swimming,M,25.0,15.0,Thought to involve a bull shark,FATAL,1,swimming,bull shark
2012,1.0,Usa,Oregon,Unprovoked,Surfing,M,53.0,,White shark,"No injury, surfboard damaged",0,surfing,white shark
2012,1.0,Australia,New South Wales,Unprovoked,Surfing,M,28.0,20.0,2 m shark,Right forearm and wrist injured,0,surfing,unknown
2012,1.0,Australia,Queensland,Unprovoked,Spearfishing,M,34.0,9.0,Allegedly a 4 m tiger shark,"No injury, punctures to swim fin",0,spearfishing,tiger shark
2012,2.0,Usa,Florida,Provoked,Kite Surfing,M,,14.0,Spinner shark,Laceration to right foot when he struck a shark PROVOKED INCIDENT,0,surfing,blacktip / spinner shark
2012,2.0,Australia,New South Wales,Unprovoked,Fishing,M,,16.0,Grey nurse shark,Laceration to left foot,0,fishing,nurse shark
2012,2.0,South Africa,Western Cape Province,Watercraft,Fishing,,,,"White shark, 7m","No injury to occupants, boat damaged",0,fishing,white shark
2012,2.0,Australia,Queensland,Unprovoked,Surfing,M,29.0,12.0,,"No injury, but fin lost from surfboard",0,surfing,unknown
2012,3.0,Australia,Western Australia,Unprovoked,Scuba diving,M,33.0,9.0,"White shark, 4m",FATAL,1,diving / snorkeling,white shark
2012,3.0,Usa,Florida,Unprovoked,Surfing,M,21.0,14.0,,Minor lacerations to foot,0,surfing,unknown
2012,3.0,Australia,Western Australia,Watercraft,Crayfishing,,,5.0,White shark,"No injury to occupants. Shark bit propelle, rope & crayfish float",0,fishing,white shark
2012,3.0,Australia,Queensland,Unprovoked,Surfing,M,20.0,17.0,Possibly a bull shark,Lacerations to left calf,0,surfing,bull shark
2012,3.0,Usa,Florida,Unprovoked,Surfing,M,61.0,15.0,Possibly a 5' to 6' bull shark,Left forearm bitten,0,surfing,bull shark
2012,3.0,Usa,Florida,Unprovoked,Surfing,F,15.0,16.0,4' to 5' shark,Bitten on ankle,0,surfing,unknown
2012,3.0,Usa,Florida,Unprovoked,Surfing,M,17.0,16.0,4' to 5' shark,Bitten on calf,0,surfing,unknown
2012,3.0,New Zealand,North Island,Unprovoked,Surfing,M,,19.0,,Lacerations to left calf,0,surfing,unknown
2012,3.0,Australia,Victoria,Provoked,"Diving, feeding sharks",F,34.0,11.0,"Tawny nurse shark, 40cm",Superficial lacerations to right side of face PROVOKED ACCIDENT,0,diving / snorkeling,nurse shark
2012,3.0,Reunion,Saint-Benoit,Unprovoked,Body boarding,M,31.0,14.0,,"No injury, board bitten",0,surfing,unknown
2012,3.0,Usa,Florida,Unprovoked,Kite Surfing,M,19.0,13.0,4' shark,Lacerations to left calf,0,surfing,unknown
2012,3.0,Chile,Antofagasta Province,Provoked,Fishing (illegally),M,,,,Hand injured PROVOKED INCIDENT,0,fishing,unknown
2012,4.0,Usa,Florida,Unprovoked,Surfing,M,28.0,19.0,5' shark,Lacerations to hand,0,surfing,unknown
2012,4.0,South Africa,Western Cape Province,Unprovoked,Body boarding,M,20.0,12.0,"White shark, 4 m to 5m",FATAL,1,surfing,white shark
2012,4.0,Australia,South Australia,Watercraft,Kayaking,M,27.0,,"White shark, 6m",Minor wound to his thigh when shark bit kayak,0,kayaking / boating,white shark
2012,4.0,Usa,Hawaii,Unprovoked,Surfing,M,28.0,12.0,"Tiger shark, 10'",Lacerations to left foot,0,surfing,tiger shark
2012,4.0,Usa,Florida,Unprovoked,,M,,,a small shark,Right shin bitten,0,other,unknown
2012,5.0,Usa,North Carolina,Unprovoked,Wading,F,33.0,13.0,"18"" to 24"" shark",Foot bitten,0,wading / standing,unknown
2012,5.0,Mexico,Guerrero,Unprovoked,Free diving / spearfishing,M,46.0,9.0,"Bull shark, 3m",Left hand severed,0,spearfishing,bull shark
2012,5.0,Usa,Florida,Unprovoked,Surfing,M,22.0,15.0,4' to 5' shark,Lacerations to foot,0,surfing,unknown
2012,5.0,Usa,Hawaii,Watercraft,Kayak Fishing,M,,,"Tiger shark, 8' to 9'","No injury, teethmarks in kayak",0,fishing,tiger shark
2012,5.0,Fiji,,Unprovoked,Spearfishing,M,20.0,,,Lacerations to head,0,spearfishing,unknown
2012,5.0,Usa,California,Watercraft,Kayaking / Fishing,M,30.0,14.0,White shark,"No injury, kayaker fell in the water when kayak bitten by a shark",0,fishing,white shark
2012,5.0,Usa,Florida,Unprovoked,Swimming,F,47.0,11.0,,Upper left thigh bitten,0,swimming,unknown
2012,5.0,Usa,California,Unprovoked,Paddle boarding,F,15.0,7.0,White shark,"No injury, shark bit paddleboard",0,surfing,white shark
2012,6.0,Usa,Florida,Unprovoked,Swimming,M,6.0,19.0,possibly a bull shark,Thigh bitten,0,swimming,bull shark
2012,6.0,Usa,Florida,Unprovoked,Surfing,M,26.0,15.0,,Nip to left foot,0,surfing,unknown
2012,6.0,Usa,Hawaii,Unprovoked,Sitting in the water,F,16.0,9.0,a small reef shark,Laceration to left calf,0,other,other identified species
2012,6.0,Australia,Tasmania,Unprovoked,Surfing,M,,,,"Knocked off board, shark bit nose off surfboard",0,surfing,unknown
2012,6.0,Usa,Florida,Unprovoked,Swimming,M,12.0,16.0,,Minor injury,0,swimming,unknown
2012,6.0,Australia,Western Australia,Unprovoked,Surf skiing,M,62.0,7.0,3 m shark,"No injury, ski severely damaged",0,surfing,unknown
2012,6.0,Usa,North Carolina,Unprovoked,Wading,F,6.0,11.0,,Numerous puncture wounds to leg,0,wading / standing,unknown
2012,6.0,Usa,Florida,Provoked,Fishing,M,23.0,14.0,Nurse shark,Superficial injury to calf by hooked shark PROVOKED ACCIDENT,0,fishing,nurse shark
2012,6.0,Usa,South Carolina,Unprovoked,Swimming,F,18.0,,small blacktip shark?,Foot & hand bitten,0,swimming,blacktip / spinner shark
2012,6.0,Usa,South Carolina,Unprovoked,Swimming,M,,,Shark involvement not confirmed,Minor injury,0,swimming,unknown
2012,6.0,Usa,South Carolina,Unprovoked,Swimming,M,,,small blacktip shark?,Calf bitten,0,swimming,blacktip / spinner shark
2012,6.0,Usa,South Carolina,Unprovoked,Swimming,M,16.0,13.0,Blacktip shark,Laceration to right foot,0,swimming,blacktip / spinner shark
2012,6.0,Australia,Victoria,Unprovoked,Surfing,M,42.0,,1.5 m shark,Laceration to right foot,0,surfing,unknown
2012,6.0,Australia,New South Wales,Unprovoked,Surf skiing,M,30.0,14.0,"White shark, 2 m","No injury, ski bitten",0,surfing,white shark
2012,6.0,Usa,Florida,Unprovoked,Surfing,F,12.0,,,Laceration to thigh,0,surfing,unknown
2012,6.0,Usa,South Carolina,Unprovoked,Boogie Boarding,M,25.0,19.0,,Severe laceration to foot,0,surfing,unknown
2012,7.0,Usa,California,Unprovoked,Surfing,M,17.0,6.0,,"No injury, surfer knocked off board when shark struck surfboard",0,surfing,unknown
2012,7.0,Australia,South Australia,Unprovoked,Surfing,M,48.0,14.0,White shark or bronze whaler,Lacerations to torso & arm,0,surfing,white shark
2012,7.0,Usa,Hawaii,Unprovoked,Surfing,M,44.0,16.0,,Left foot bitten,0,surfing,unknown
2012,7.0,Usa,Massachusetts,Unprovoked,Body surfing,M,50.0,15.0,Thought to involve a white shark,Lacerations to both legs below the knees,0,surfing,white shark
2012,7.0,Reunion,Trois-Bassins,Unprovoked,Surfing,M,22.0,16.0,,FATAL,1,surfing,unknown
2012,7.0,Australia,Western Australia,Unprovoked,Surfing,M,24.0,9.0,"White shark, 5m",FATAL,1,surfing,white shark
2012,7.0,Usa,North Carolina,Unprovoked,Swimming,F,43.0,17.0,,Lacerations to right ankle and calf,0,swimming,unknown
2012,7.0,Bahamas,Eleuthera,Unprovoked,Spearfishing,M,,,,Lacerations to right leg,0,spearfishing,unknown
2012,7.0,Usa,California,Watercraft,Kayaking,M,52.0,8.0,14' to 18'shark,"No injury, kayak bitten",0,kayaking / boating,unknown
2012,7.0,South Africa,Western Cape Province,Unprovoked,Surfing,M,29.0,16.0,15' shark,Lacerattions to left thigh & knee,0,surfing,unknown
2012,8.0,Scotland,Inner Hebrides,Provoked,Shark fishing,M,53.0,,"Porbeagle shark, 7'","No injury, shoe bitten by hooked and landed shark PROVOKED INCIDENT",0,fishing,unknown
2012,8.0,Australia,Western Australia,Unprovoked,Surfing,M,34.0,15.0,,Lacerations to torso and arm,0,surfing,unknown
2012,8.0,Brazil,Pernambuco,Unprovoked,Swimming,M,18.0,,,FATAL,1,swimming,unknown
2012,8.0,Usa,Alabama,Unprovoked,Wading or swimming,M,31.0,,,Lacerations to leg,0,swimming,unknown
2012,8.0,Australia,Western Australia,Watercraft,Fishing,,,12.0,4.5 m shark,"No injury, shark grabbed outboard motor",0,fishing,unknown
2012,8.0,Usa,Florida,Unprovoked,Free diving,M,56.0,,"Lemon shark, 4' to 5'",Lacerations to little finger of left hand,0,diving / snorkeling,other identified species
2012,8.0,Reunion,Saint Leu,Unprovoked,Surfing,M,39.0,17.0,Bull shark,Right hand and foot severed,0,surfing,bull shark
2012,8.0,French Polynesia,Tuamotus,Unprovoked,Spearfishing,M,,,"Lemon shark, 2.5m to 3m",Shoulder bitten,0,spearfishing,other identified species
2012,9.0,Usa,Florida,Unprovoked,Surfing,M,21.0,16.0,5' shark,Lacerations to left forearm,0,surfing,unknown
2012,9.0,Usa,Florida,Unprovoked,Surfing,M,22.0,,4' shark,Left foot bitten,0,surfing,unknown
2012,9.0,Usa,Florida,Unprovoked,Surfing,M,52.0,15.0,,Foot bitten,0,surfing,unknown
2012,9.0,Tonga,Vava'u,Unprovoked,Swimming,F,29.0,,Possibly a 3 m bull shark,Injuries to thighs & buttocks,0,swimming,bull shark
2012,9.0,Usa,Florida,Unprovoked,Surfing,,19.0,14.0,,Minor injury to elbow,0,surfing,unknown
2012,9.0,Usa,Florida,Unprovoked,Surfing,M,25.0,12.0,,Right foot bitten,0,surfing,unknown
2012,9.0,Usa,Florida,Unprovoked,Swimming,M,,,,Lacerations to right calf,0,swimming,unknown
2012,9.0,Usa,Florida,Unprovoked,Surfing,M,,,,Right calf bitten,0,surfing,unknown
2012,9.0,Usa,Florida,Unprovoked,Surfing,M,37.0,11.0,,Lacerations to foot,0,surfing,unknown
2012,9.0,Usa,Florida,Unprovoked,Surfing,M,32.0,7.0,,Puncture wounds to hand,0,surfing,unknown
2012,9.0,Usa,Florida,Unprovoked,Boogie boarding,F,8.0,18.0,3.5' to 4' shark,Puncture wounds to calf and hand,0,surfing,unknown
2012,9.0,Usa,Hawaii,Provoked,Spearfishing,,,12.0,"Tiger shark, 10' to 12'",Minor laceration to hand  PROVOKED INCIDENT,0,spearfishing,tiger shark
2012,9.0,Usa,Florida,Unprovoked,Swimming or boogie boarding,F,56.0,16.0,3.5' to 4' shark,Puncture wound to left ankle,0,surfing,unknown
2012,10.0,Usa,California,Unprovoked,Surfing,M,25.0,12.0,White shark,Multiple lacerations to torso,0,surfing,white shark
2012,10.0,Usa,Hawaii,Unprovoked,Swimming,F,51.0,15.0,"Tiger shark, 10' to 12'","Puncture wounds to thigh, defense wounds  to hand",0,swimming,tiger shark
2012,10.0,Usa,California,Unprovoked,Surfing,M,39.0,11.0,"White shark, 15' to 16'",FATAL,1,surfing,white shark
2012,10.0,Usa,Florida,Unprovoked,,F,35.0,,,Left calf bitten,0,other,unknown
2012,10.0,Usa,Florida,Unprovoked,Surfing,M,24.0,10.0,,Minor bite to ankle,0,surfing,unknown
2012,10.0,Usa,Hawaii,Unprovoked,Paddle boarding,M,55.0,7.0,6' to 8' shark,"No injury, board bitten",0,surfing,unknown
2012,10.0,Usa,California,Unprovoked,Windsurfing,M,42.0,18.0,,"No ijnury to boardrider, shark struck board breaking the mast",0,surfing,unknown
2012,10.0,Australia,Western Australia,Unprovoked,Bodyboarding,M,11.0,12.0,2m shark,"No injury, but swim fin bitten & torn",0,surfing,unknown
2012,11.0,Usa,Hawaii,Unprovoked,Snorkeling,M,61.0,9.0,"Tiger shark, 10'",Lacerations to thigh & lower left leg,0,diving / snorkeling,tiger shark
2012,11.0,Mexico,Sinaloa,Unprovoked,Swimming,M,32.0,11.0,2.5 m shark,FATAL,1,swimming,unknown
2012,11.0,Usa,Florida,Unprovoked,Surfing,M,14.0,17.0,2' to 3' shark,Minor lacerations to left foot & heel,0,surfing,unknown
2012,11.0,Usa,Hawaii,Unprovoked,Diving,M,30.0,8.0,"Tiger shark, 15'",Right lower leg and foot bitten,0,diving / snorkeling,tiger shark
2012,11.0,Usa,Hawaii,Unprovoked,Surfing,M,43.0,8.0,"Tiger shark, 8'","No injury, surfboard bitten",0,surfing,tiger shark
2012,12.0,Usa,Florida,Unprovoked,Swimming,M,,14.0,,Lower leg or ankle bitten,0,swimming,unknown
2012,12.0,Australia,New South Wales,Unprovoked,Surfing,M,23.0,12.0,2.5 m shark,"No injury, chunk missing from surfboard",0,surfing,unknown
2012,12.0,Australia,New South Wales,Unprovoked,Paddle boarding,M,29.0,10.0,"Bull shark, 2m",Lacerations to thigh and hand,0,surfing,bull shark
2012,12.0,South Africa,Eastern Cape Province,Unprovoked,Swimming,M,20.0,,Tiger shark,FATAL,1,swimming,tiger shark
2012,12.0,Australia,Western Australia,Unprovoked,Surfing,M,32.0,,"Tiger shark, 6'",No injury,0,surfing,tiger shark
2012,12.0,Usa,Hawaii,Unprovoked,Surfing,M,60.0,13.0,10' shark,Lacerations to left foot,0,surfing,unknown
2012,12.0,Australia,New South Wales,Unprovoked,Spearfishing,M,31.0,16.0,Sandtiger shark,Minor puncture wounds to knee,0,spearfishing,tiger shark
2012,12.0,New Zealand,South Island,Unprovoked,Scuba diving,F,25.0,,Seven-gill shark,"No injury, shark grabbed hood",0,diving / snorkeling,other identified species
2013,,South Africa,,Unprovoked,Attempting to free the shark,M,,,Blacktip shark,"Unknown, but survived",0,other,blacktip / spinner shark
2013,,Usa,Florida,Unprovoked,Swimming,M,,,,4 cuts to posterior calf,0,swimming,unknown
2013,,Usa,South Carolina,Unprovoked,Boogie Boarding,F,10.0,,4' to 5' shark,Puncture marks to hand,0,surfing,unknown
2013,,Belize,,Unprovoked,Snorkeling,F,,,Nurse shark,Toe injured,0,diving / snorkeling,nurse shark
2013,1.0,Australia,Victoria,Watercraft,Fishing,M,,,"White shark, 5m","No injury to occupants, shark bit propeller",0,fishing,white shark
2013,1.0,Australia,Queensland,Unprovoked,Surfing,M,,,,Lacerations to neck,0,surfing,unknown
2013,1.0,Usa,Hawaii,Unprovoked,Surfing,M,43.0,16.0,"Tiger shark, 15'",Left forearm bitten,0,surfing,tiger shark
2013,1.0,New Zealand,Mercury Islands,Unprovoked,Spearfishing,M,,,"Bronze whaler shark, 3m",Minor cut on finger,0,spearfishing,other identified species
2013,1.0,Australia,Western Australia,Unprovoked,Spearfishing / Free diving,M,26.0,10.0,,Calf & shin bitten,0,spearfishing,unknown
2013,2.0,New Zealand,North Island,Unprovoked,Swimming,M,46.0,13.0,"White shark, 4m",FATAL,1,swimming,white shark
2013,2.0,Usa,Hawaii,Unprovoked,Surfing,,,18.0,reef shark?,Lacerations to right leg,0,surfing,other identified species
2013,2.0,Usa,Hawaii,Unprovoked,Surfing,M,,18.0,reef shark?,"No injury, shark bit rail of foam board",0,surfing,other identified species
2013,2.0,Usa,Florida,Unprovoked,Surfing,M,16.0,14.0,"Blacktip shark, 4' to 5'",Lacerations to right hand,0,surfing,blacktip / spinner shark
2013,2.0,French Polynesia,Society Islands,Unprovoked,Scuba diving,M,48.0,9.0,Lemon shark,Lacerations to right arm & thigh,0,diving / snorkeling,other identified species
2013,2.0,Jamaica,Kingston Parish,Unprovoked,,M,18.0,,,Knee bitten,0,other,unknown
2013,3.0,Seychelles,,Unprovoked,Free diving,M,34.0,,,Lacerations to left foot,0,diving / snorkeling,unknown
2013,3.0,Bahamas,Eleuthera,Unprovoked,Fly fishing,M,50.0,,,Left foot bitten,0,fishing,unknown
2013,3.0,South Africa,Western Cape Province,Provoked,Fishing - 'tag & release',M,30.0,9.0,"Raggedtooth shark, 1.5 m",Lacerations to left calf and heel from hooked shark PROVOKED INCIDENT,0,fishing,unknown
2013,3.0,South Africa,Western Cape Province,Unprovoked,Surfing,M,,,,"No injury, surfboard bitten",0,surfing,unknown
2013,3.0,Jamaica,St. Catherine,Unprovoked,Spearfishing,M,68.0,9.0,"Tiger shark, 4.8 m",FATAL,1,spearfishing,tiger shark
2013,3.0,Australia,Western Australia,Unprovoked,Spearfishing,M,28.0,9.0,"Bronze whaler shark, 2.5m",Laceration to left hand,0,spearfishing,other identified species
2013,3.0,Philippines,Palawan,Unprovoked,Swimming to shore with floatioon devices after boat engine conked out,M,,,"""small sharks""",Minor leg injuries,0,swimming,unknown
2013,3.0,South Africa,Eastern Cape Province,Unprovoked,Swimming,M,39.0,,,Injuries to arms & hands,0,swimming,unknown
2013,4.0,Australia,New South Wales,Provoked,Fishing,M,,,"Wobbegong, 2m",Foot bitten by landed shark PROVOKED INCIDENT,0,fishing,other identified species
2013,4.0,Mexico,Quintana Roo,Unprovoked,Swimming,F,34.0,13.0,Tiger shark,Avulsion injury  to lower right leg,0,swimming,tiger shark
2013,4.0,Australia,New South Wales,Unprovoked,Fishing,M,51.0,14.0,"Grey nurse shark, 3m",Puncture wounds and lacerations to both legs,0,fishing,nurse shark
2013,4.0,Usa,Florida,Unprovoked,Playing in the surf,M,9.0,10.0,3' shark,Lacerations to right foot,0,surfing,unknown
2013,4.0,South Africa,Western Cape Province,Unprovoked,Free diving,M,,,Blue shark,"""Light scratch on hand/wrist area""",0,diving / snorkeling,other identified species
2013,4.0,Usa,Florida,Unprovoked,Surfing,M,21.0,13.0,Bull shark,Minor lacerations to right hand,0,surfing,bull shark
2013,4.0,Guam,,Unprovoked,,M,40.0,,,FATAL,1,other,unknown
2013,4.0,French Polynesia,Tuamotus,Unprovoked,Kite boarding,M,53.0,12.0,Possibly a blacktip reef shark,"Underside of board, fins and, harness were damaged, and left  hip, thigh and buttock sustained puncture wounds",0,surfing,blacktip / spinner shark
2013,4.0,Usa,Florida,Unprovoked,Swimming,M,50.0,,,Lacerations to hand,0,swimming,unknown
2013,4.0,Usa,Hawaii,Unprovoked,Surfing,M,58.0,8.0,4' shark,Right thigh bitten,0,surfing,unknown
2013,5.0,Usa,Hawaii,Unprovoked,Diving,M,32.0,,Galapagos shark,Lacerations to right hand,0,diving / snorkeling,other identified species
2013,5.0,Usa,Florida,Unprovoked,Swimming,M,11.0,,,Right foot bitten,0,swimming,unknown
2013,5.0,Brazil,Pernambuco,Unprovoked,,M,41.0,,,FATAL,1,other,unknown
2013,5.0,Palestinian Territories,,Provoked,Fishing,M,30.0,,,Two fingers lost PROVOKED INCIDENT,0,fishing,unknown
2013,5.0,Ecuador,Santa Cruz Island,Unprovoked,Surfing,M,29.0,12.0,Galapagos shark,Superficial injury to left calf,0,surfing,other identified species
2013,5.0,Reunion,Saint-Gilles,Unprovoked,Body boarding,M,36.0,8.0,Bull shark,FATAL,1,surfing,bull shark
2013,5.0,Usa,Florida,Unprovoked,Surfing,M,16.0,11.0,a small shark,Lacerations to left foot and ankle,0,surfing,unknown
2013,6.0,Taiwan,Taitung,Unprovoked,Fishing,M,,,,Right thigh bitten,0,fishing,unknown
2013,6.0,Usa,California,Watercraft,Kayaking / Fishing,M,,15.0,White shark,"No injury, kayak scratched",0,fishing,white shark
2013,6.0,Usa,Florida,Unprovoked,Swimming,M,,,"Possibly a Bull shark, 3'",Lacerations to left foot,0,swimming,bull shark
2013,6.0,Usa,South Carolina,Unprovoked,Swimming,M,14.0,12.0,4' to 5' shark,"Bitten on lower right leg, reported as a minor injury",0,swimming,unknown
2013,6.0,Usa,Hawaii,Unprovoked,Swimming,M,28.0,12.0,"Tiger shark, 14'",Right thigh & calf bitten,0,swimming,tiger shark
2013,6.0,Usa,Texas,Unprovoked,Swimming,M,15.0,14.0,,Left leg & hand bitten,0,swimming,unknown
2013,6.0,South Africa,Eastern Cape Province,Unprovoked,Surfing,M,,,,Lacerations to knee,0,surfing,unknown
2013,6.0,Usa,Florida,Unprovoked,Surfing,F,,,,Lacerations to left ankle,0,surfing,unknown
2013,6.0,Usa,Florida,Provoked,Fishing for sharks,M,58.0,,"Lemon shark, 4'",Left hand bitten as he attempted to remove hook from shark PROVOKED INCIDENT,0,fishing,other identified species
2013,6.0,Australia,New South Wales,Unprovoked,Surfing,M,,16.0,6' shark,"No injury, board damaged",0,surfing,unknown
2013,7.0,Usa,Hawaii,Unprovoked,Snorkeling,F,56.0,8.0,,"Lacerations to hand, face and torso",0,diving / snorkeling,unknown
2013,7.0,Usa,South Carolina,Unprovoked,Swimming,M,32.0,,,Foot bitten,0,swimming,unknown
2013,7.0,Bahamas,Abaco Islands,Unprovoked,Spearfishing,M,40.0,16.0,6' shark,Leg bitten,0,spearfishing,unknown
2013,7.0,Mexico,Quintana Roo,Unprovoked,Wading,F,,11.0,,Hip bitten,0,wading / standing,unknown
2013,7.0,Usa,Hawaii,Unprovoked,Surfing,M,18.0,14.0,"Tiger shark, 8' to 10'",Lower leg bitten,0,surfing,tiger shark
2013,7.0,Bahamas,Exuma Islands,Unprovoked,Cleaning fish,M,64.0,16.0,Nurse shark,Bitten on left hand,0,fishing,nurse shark
2013,7.0,Bahamas,Abaco Islands,Unprovoked,Diving,M,50.0,11.0,,Bitten on rear lower extremities,0,diving / snorkeling,unknown
2013,7.0,Brazil,Pernambuco,Unprovoked,Swimming,F,18.0,13.0,,FATAL,1,swimming,unknown
2013,7.0,Usa,Alabama,Unprovoked,Walking in surf,F,50.0,14.0,,Lacerations and abrasions to foot and ankle,0,surfing,unknown
2013,7.0,Reunion,Saint-Paul,Unprovoked,Swimming & snorkeling,F,15.0,14.0,,FATAL,1,diving / snorkeling,unknown
2013,7.0,Diego Garcia,,Unprovoked,Swimming,M,33.0,,,FATAL,1,swimming,unknown
2013,7.0,Usa,North Carolina,Unprovoked,Wading,F,63.0,15.0,,Right foot bitten,0,wading / standing,unknown
2013,7.0,Australia,Victoria,Unprovoked,Body surfing,M,29.0,,,"No injury, holes in wetsuit",0,surfing,unknown
2013,8.0,Bahamas,,Unprovoked,Spearfishing,M,,,Blacktip shark,Lower left leg bitten,0,spearfishing,blacktip / spinner shark
2013,8.0,Usa,California,Unprovoked,Swimming,M,,23.0,Salmon shark,Foot bitten,0,swimming,unknown
2013,8.0,France,Bay of Biscay,Provoked,Longline fishing for sharks,M,50.0,20.0,"Mako shark, 5'",Laceration to right arm from hooked shark  PROVOKED INCIDENT,0,fishing,other identified species
2013,8.0,Usa,Florida,Unprovoked,Boogie boarding,F,11.0,17.0,,Minor injury to left lower leg & heel,0,surfing,unknown
2013,8.0,Australia,New South Wales,Unprovoked,Wrangling a shark,M,,15.0,,Lacerations to left forearm,0,other,unknown
2013,8.0,Usa,Hawaii,Unprovoked,Surfing,M,16.0,13.0,,Lacerations to buttocks & thigh,0,surfing,unknown
2013,8.0,Usa,California,Unprovoked,Surfing,F,,12.0,White shark,"No injury, shark bumped surfboard",0,surfing,white shark
2013,8.0,Usa,Hawaii,Unprovoked,Snorkeling,F,20.0,16.0,Tiger shark?,FATAL,1,diving / snorkeling,tiger shark
2013,8.0,Usa,Hawaii,Unprovoked,Kiteboarding,F,19.0,13.0,,No injury & not on board. Board adrift when bitten by shark,0,surfing,unknown
2013,8.0,Usa,South Carolina,Unprovoked,Surfing,M,10.0,17.0,"Bull shark, 8'","No injury, shark became entangled in his surfboard leash",0,surfing,bull shark
2013,8.0,Usa,Florida,Unprovoked,Fishing,M,17.0,15.0,"Bull shark, 6' to 8'",Minor injury to foot & shin,0,fishing,bull shark
2013,9.0,Usa,Florida,Unprovoked,Surfing,M,50.0,10.0,,Lacerations to hand,0,surfing,unknown
2013,9.0,Israel,Southern District,Unprovoked,Diving,M,27.0,11.0,,Hand bitten,0,diving / snorkeling,unknown
2013,9.0,Usa,Florida,Unprovoked,Standing,M,7.0,10.0,,Laceration and puncture wounds to ankle,0,wading / standing,unknown
2013,9.0,Usa,Florida,Unprovoked,Swimming,M,45.0,13.0,,Lacerations to right foot,0,swimming,unknown
2013,9.0,Usa,Florida,Unprovoked,Surfing,M,,,,Lacerations to left foream,0,surfing,unknown
2013,9.0,Usa,Florida,Unprovoked,Swimming,M,21.0,15.0,Bull shark,Lacerations to right foot,0,swimming,bull shark
2013,9.0,Usa,Florida,Unprovoked,Surfing,F,13.0,13.0,3' shark,Heel bitten,0,surfing,unknown
2013,9.0,Usa,Florida,Provoked,Surfing,M,43.0,16.0,3' shark,Foot bitten when he accidentally jumped onto the shark PROVOKED INCIDENT,0,surfing,unknown
2013,9.0,Usa,Florida,Unprovoked,Standing,M,25.0,16.0,3' shark,"Minor injury, shin bitten",0,wading / standing,unknown
2013,9.0,Usa,Florida,Unprovoked,Swimming,M,17.0,13.0,,Shoulder bitten,0,swimming,unknown
2013,9.0,Usa,Florida,Provoked,,M,3.0,,Nurse shark,Arm bitten by captive shark PROVOKED INCIDENT,0,other,nurse shark
2013,9.0,Bahamas,,Unprovoked,,M,,,,Leg injured,0,other,unknown
2013,9.0,Usa,Florida,Unprovoked,Casting a net,M,9.0,12.0,4' shark,Lacerations to left calf,0,fishing,unknown
2013,10.0,Usa,Hawaii,Unprovoked,Kiteboarding,M,46.0,15.0,Tiger shark,Severe bite to right calf & anklel,0,surfing,tiger shark
2013,10.0,Australia,Western Australia,Unprovoked,Snorkeling,F,60.0,,"Blacktip reef shark, 1m",Lacerations to right arm,0,diving / snorkeling,blacktip / spinner shark
2013,10.0,Reunion,d’Étang-Salé,Unprovoked,Body boarding,M,24.0,16.0,Thought to involve a bull shark,Right leg severed,0,surfing,bull shark
2013,10.0,Australia,Western Australia,Unprovoked,Diving for crayfish,M,,10.0,Reported to involve a 4 m white shark,"No injury, swim fin shredded",0,diving / snorkeling,white shark
2013,10.0,Australia,New South Wales,Unprovoked,Surfing,M,41.0,18.0,Wobbegong shark,Injuries to right foot,0,surfing,other identified species
2013,10.0,Usa,Hawaii,Unprovoked,Diving,M,45.0,15.0,"Whitetip reef shark, 4' to 6'","3"" laceration to left hip",0,diving / snorkeling,white shark
2013,10.0,Usa,Hawaii,Unprovoked,Surfing,M,25.0,11.0,Tiger shark,"No injury, shark bit surfboard",0,surfing,tiger shark
2013,10.0,Usa,Florida,Unprovoked,Wading,M,6.0,,Nurse shark?,Bitten on left calf & foot,0,wading / standing,nurse shark
2013,10.0,South Africa,Eastern Cape Province,Unprovoked,Swimming / snorkeling,M,74.0,11.0,White shark,FATAL,1,diving / snorkeling,white shark
2013,10.0,Australia,Western Australia,Unprovoked,Diving for Abalone,M,55.0,10.0,White shark,"Injuries to torso, head and face",0,diving / snorkeling,white shark
2013,10.0,Usa,California,Unprovoked,Surfing,M,45.0,8.0,"White shark, 8' to 10'",Laceration to thigh,0,surfing,white shark
2013,10.0,Usa,Florida,Unprovoked,Wading,M,12.0,15.0,Small bull shark,Lacerations to  right forearm,0,wading / standing,bull shark
2013,11.0,Australia,New South Wales,Unprovoked,Body boarding,M,19.0,14.0,"Tiger shark, 3m",FATAL,1,surfing,tiger shark
2013,11.0,Usa,Hawaii,Unprovoked,Snorkeling,F,58.0,13.0,,Right calf bitten,0,diving / snorkeling,unknown
2013,11.0,Australia,Western Australia,Unprovoked,Surfing,M,35.0,9.0,Thought to involve a white shark,FATAL,1,surfing,white shark
2013,11.0,Usa,Oregon,Unprovoked,Surfing,M,25.0,10.0,"White shark, 10 '","No injury, board bitten",0,surfing,white shark
2013,11.0,Australia,Western Australia,Unprovoked,Surfing,M,,15.0,Reported to involve a white shark,"No injury, board bumped by shark",0,surfing,white shark
2013,11.0,Bahamas,,Provoked,Shark fishing,M,77.0,11.0,,Injuries to arm & leg by hooked shark   PROVOKED INCIDENT,0,fishing,unknown
2013,11.0,Usa,New Jersey,Unprovoked,Body boarding,M,16.0,,,"No injury, swim fin bitten",0,surfing,unknown
2013,11.0,Usa,Florida,Unprovoked,Surfing,M,,,,Foot bitten,0,surfing,unknown
2013,12.0,New Caledonia,North Province,Unprovoked,Snorkeling,M,37.0,11.0,Reported to involve a bull shark,Leg bitten,0,diving / snorkeling,bull shark
2013,12.0,South Africa,Western Cape Province,Unprovoked,Surfing,M,19.0,8.0,"White shark, 3m",Injuries to left thigh,0,surfing,white shark
2013,12.0,Kiribati,740 miles SE of Tarawa Atoll,Unprovoked,Attempting to remove fishing net from submerged object,M,35.0,,,Severe injury to arm,0,fishing,unknown
2013,12.0,Usa,Hawaii,Unprovoked,Boogie boarding,M,29.0,8.0,"Tiger shark, 10' to 12'",Lacerations to right hand & knee,0,surfing,tiger shark
2013,12.0,Usa,Florida,Unprovoked,Surfing,M,30.0,14.0,4' to 6' shark,Right foot bitten,0,surfing,unknown
2013,12.0,Australia,New South Wales,Unprovoked,Surfing,M,26.0,18.0,"Wobbegong shark, 1.6 to 1.8m","Puncture wounds to hand, laceration to leg",0,surfing,other identified species
2013,12.0,Usa,Hawaii,Unprovoked,Kayaking / Fishing,M,57.0,9.0,,FATAL,1,fishing,unknown
2014,,Japan,,Unprovoked,Diving / Filming,M,,,Goblin shark,"No injury, shark snagged its teeth in diver's suit",0,diving / snorkeling,unknown
2014,,Spain,Granada,Provoked,Fishing for blue sharks,M,,7.0,,Glancing bite to wrist from netted shark PROVOKED INCIDENT,0,fishing,unknown
2014,,Usa,California,Watercraft,,,,,White shark,"Shark bumped boat, no injury to occupants",0,other,white shark
2014,,French Polynesia,Moorea,Unprovoked,Feeding fish,F,36.0,,Blacktip shark,Thumb & finger nipped,0,fishing,blacktip / spinner shark
2014,,Usa,Florida,Provoked,Fishing for sharks,M,,,"Bull shark, 4.5'",Lacerations to forearm from hooked shark PROVOKED INCIDENT,0,fishing,bull shark
2014,,St. Martin,,Watercraft,Transatlantic Rowing,M,48.0,,Oceanic whitetip shark',His boat was holed by a shark,0,kayaking / boating,white shark
2014,,Australia,Western Australia,Provoked,Petting a shark,M,,,"Lemon shark, 3.5 m",Lacerations to right hand by captive shark PROVOKED INCIDENT,0,other,other identified species
2014,,South Africa,,Watercraft,Shark watching,,,,White shark,"No injury to occupants, shark bit pontoon",0,other,white shark
2014,,Papua New Guinea,,Watercraft,Sailing,M,21.0,,,"No injury to occupants, hull bitten",0,kayaking / boating,unknown
2014,1.0,Australia,New South Wales,Provoked,Fishing,M,,,1m shark,Lacerations to ring and pinky fingers of his left hand by hooked shark PROVOKED INCIDENT,0,fishing,unknown
2014,1.0,New Zealand,South Island,Unprovoked,Spearfishing,M,24.0,,7-gill shark,Minor injury to left lower leg & heel,0,spearfishing,unknown
2014,1.0,Japan,Okinawa Prefecture,Sea Disaster,Sea disaster,M,31.0,,,5 cm bite to left foot,0,other,unknown
2014,1.0,Usa,Hawaii,Unprovoked,Free diving / Photographing pilot whales,M,,,Oceanic whitetip shark,"""Minor laceration to shoulder""",0,diving / snorkeling,white shark
2014,1.0,New Zealand,,Watercraft,Filming a documentary,,,,"White shark, 6 m","No injury to occupants, shark nudged and bit boat",0,other,white shark
2014,2.0,French Polynesia,Society Islands,Unprovoked,Kitesurfing,M,21.0,16.0,Blacktip reef shark,Lacerations to lower leg,0,surfing,blacktip / spinner shark
2014,2.0,Australia,South Australia,Unprovoked,Spearfishing / Free diving,M,28.0,12.0,,FATAL,1,spearfishing,unknown
2014,2.0,Trinidad & Tobago,Trinidad,Provoked,Fishing,M,,,,Possibly a PROVOKED INCIDENT,0,fishing,unknown
2014,2.0,New Zealand,South Island,Unprovoked,Surfing,M,28.0,20.0,7-gill shark?,Lacerations to leg,0,surfing,unknown
2014,3.0,South Africa,Eastern Cape Province,Unprovoked,Swimming,M,66.0,15.0,2 m shark,FATAL,1,swimming,unknown
2014,3.0,Usa,Florida,Unprovoked,Kite Surfing,M,,,4' to 5' shark,Lacerations to left forearm,0,surfing,unknown
2014,3.0,Usa,Florida,Unprovoked,Surfing,M,9.0,,,Lacerations to toes and heel of right foot,0,surfing,unknown
2014,3.0,New Caledonia,Baie de Sainte-Marie,Unprovoked,Kite Surfing,M,42.0,17.0,,Lacerations to calf,0,surfing,unknown
2014,3.0,Australia,Victoria,Unprovoked,Surfing,M,42.0,,,Shark leapt onto surfboard; surfer uninjured,0,surfing,unknown
2014,3.0,Australia,New South Wales,Unprovoked,Swimming,M,,18.0,Wobbegong shark,Minor lacerations to foot,0,swimming,other identified species
2014,3.0,Usa,Florida,Unprovoked,Surfing,M,21.0,,Blacktip or spinner shark?,Lacerations to toes,0,surfing,blacktip / spinner shark
2014,4.0,Australia,Western Australia,Unprovoked,Spearfishing,M,,,reef shark?,Minor injury,0,spearfishing,other identified species
2014,4.0,Usa,Florida,Unprovoked,Swimming,M,42.0,15.0,,Laceration & puncture wounds to right foot,0,swimming,unknown
2014,4.0,Usa,Florida,Unprovoked,Wading,M,25.0,9.0,,Minor lacerations to left foot,0,wading / standing,unknown
2014,4.0,South Africa,Eastern Cape Province,Provoked,Fishing,M,,,"Raggedtooth shark, 2m",Lacerations to leg & hand by hooked shark PROVOKED INCIDENT,0,fishing,unknown
2014,4.0,Usa,Florida,Unprovoked,Surfing,M,13.0,13.0,,Minor puncture wounds to lower left leg,0,surfing,unknown
2014,4.0,Usa,Florida,Unprovoked,Surfing,M,14.0,13.0,4'shark,Lacerations to foot,0,surfing,unknown
2014,4.0,Australia,New South Wales,Unprovoked,Swimming,F,63.0,8.0,3 m to 4 m white shark,FATAL,1,swimming,white shark
2014,5.0,Australia,Queensland,Unprovoked,Fell into the water,F,29.0,,"Bull shark, 1.2m",Lacerations to legs,0,other,bull shark
2014,5.0,France,Wallis and Futuna,Unprovoked,Scuba diving,M,,,3m shark,Lacerations to left thigh and hip,0,diving / snorkeling,unknown
2014,5.0,Australia,New South Wales,Provoked,Teasing a shark,M,10.0,,"Tawney nurse shark, 1m",Cut to tip of finger by a captive shark PROVOKED INCIDENT,0,other,nurse shark
2014,5.0,Usa,Florida,Unprovoked,Body boarding,F,38.0,11.0,,Calf bitten,0,surfing,unknown
2014,5.0,Australia,South Australia,Unprovoked,Surfing,M,35.0,9.0,"white shark, 15'","No injury, but surfboard severely damaged",0,surfing,white shark
2014,5.0,Usa,Florida,Unprovoked,Wading,F,44.0,11.0,,Lacerations and puncture wounds to right foot,0,wading / standing,unknown
2014,5.0,Usa,Georgia,Unprovoked,Surfing,M,12.0,,Shark involvement not confirmed,Puncture wounds to right thigh,0,surfing,unknown
2014,5.0,Usa,South Carolina,Unprovoked,Swimming,F,40.0,15.0,4' to 5' shark,Lacerations to left foot,0,swimming,unknown
2014,5.0,South Africa,Western Cape Province,Unprovoked,Diving,,,,Cow shark,4-inch laceration to arm,0,diving / snorkeling,unknown
2014,5.0,Usa,Florida,Unprovoked,Surfing,M,23.0,15.0,3' shark,Laceration to right hand and cuts on fingertips,0,surfing,unknown
2014,6.0,Bahamas,Abaco Islands,Unprovoked,Spearfishing,M,42.0,13.0,"Caribbean reef shark, 7' to 8'",No injury but shark took his pole spear,0,spearfishing,other identified species
2014,6.0,Australia,South Australia,Unprovoked,Surfing,M,,17.0,,"No injury, surfboard 'attacked'",0,surfing,unknown
2014,6.0,Australia,South Australia,Unprovoked,Body boarding,M,15.0,17.0,,Lacerations to knee,0,surfing,unknown
2014,6.0,Brazil,,Unprovoked,Fishing,M,43.0,,,Severe injury to arm,0,fishing,unknown
2014,6.0,Usa,Delaware,Unprovoked,Standing,M,16.0,17.0,"Sandbar shark, 3' to 4'","Abrasion to right hand, lacerations to left forearm",0,wading / standing,other identified species
2014,6.0,Australia,South Australia,Unprovoked,Body boarding,M,39.0,9.0,"Bronze whaler shark, 1.5m",Minor injury to torso,0,surfing,other identified species
2014,6.0,Japan,Atsumi peninsula,Unprovoked,Surfing,M,43.0,,,Left arm bitten,0,surfing,unknown
2014,6.0,Usa,Texas,Unprovoked,Kneeling in the water,F,14.0,,,Shallow lacerations & puncture wounds below shoulder,0,other,unknown
2014,6.0,Usa,Florida,Unprovoked,Swimming,F,22.0,13.0,Bull shark,Laceration to right lower leg,0,swimming,bull shark
2014,6.0,Australia,New South Wales,Unprovoked,Surfing,M,,,,Lacerations & puncture wounds to ankle and foot,0,surfing,unknown
2014,6.0,Usa,Palmyra Atoll,Unprovoked,Tagging sharks,F,37.0,,Blacktip Reef shark,Laceration to left hand,0,other,blacktip / spinner shark
2014,7.0,Usa,North Carolina,Unprovoked,Swimming,M,,,Possibly juvenile tiger shark,Left foot bitten,0,swimming,tiger shark
2014,7.0,Reunion,Saint-Leu,Unprovoked,Surfing,M,51.0,15.0,1.8 metre shark,Lacerations to right wrist & calf,0,surfing,unknown
2014,7.0,Usa,Florida,Unprovoked,Standing,M,8.0,,,Lacerations to right knee,0,wading / standing,unknown
2014,7.0,Spain,Canary Islands,Unprovoked,Wading,,,,Angel shark,Minor injury,0,wading / standing,unknown
2014,7.0,Usa,Hawaii,Unprovoked,Swimming,M,61.0,17.0,6' to 8' shark,Lacerations to left foot,0,swimming,unknown
2014,7.0,Usa,Florida,Unprovoked,Swimming,M,39.0,14.0,4' shark,Puncture wounds to foot,0,swimming,unknown
2014,7.0,Usa,North Carolina,Unprovoked,Body surfing,M,,,,Lacerations to hand and wrist,0,surfing,unknown
2014,7.0,Usa,Florida,Unprovoked,Surfing,M,14.0,14.0,,Lacerations to foot,0,surfing,unknown
2014,7.0,Usa,California,Provoked,Swimming,M,,9.0,"White shark, 7'",PROVOKED INCIDENT Torso bitten by shark hooked by an angler,0,swimming,white shark
2014,7.0,Usa,California,Unprovoked,Surfing,M,,7.0,,"No injury, surboard bitten",0,surfing,unknown
2014,7.0,Usa,South Carolina,Unprovoked,Body surfing,M,19.0,18.0,4' to 5' shark,Right hand bitten,0,surfing,unknown
2014,8.0,Usa,Florida,Unprovoked,Body surfing,F,13.0,16.0,Spinner shark,Injury to left calf,0,surfing,blacktip / spinner shark
2014,8.0,Usa,Florida,Unprovoked,Surfing,M,17.0,,Spinner shark or blacktip shark,Lacerations to shin,0,surfing,blacktip / spinner shark
2014,8.0,Usa,Maryland,Provoked,Fishing,M,33.0,,,Lacerations to foot by hooked shark PROVOKED INCIDENT,0,fishing,unknown
2014,8.0,Spain,Alicante,Unprovoked,Swimming,F,,,small shark,Minor lacerations to posterior lower leg,0,swimming,unknown
2014,8.0,Usa,North Carolina,Unprovoked,Surfing,M,29.0,,4' to 6' shark,Laceration to left hand,0,surfing,unknown
2014,8.0,Usa,South Carolina,Unprovoked,Standing,F,,15.0,,Heel bitten,0,wading / standing,unknown
2014,8.0,Usa,North Carolina,Unprovoked,Kite boarding,,,,4' shark,Laceration to left foot,0,surfing,unknown
2014,8.0,Australia,Western Australia,Unprovoked,Spearfishing,M,31.0,,reef shark,Lacerations to face and neck,0,spearfishing,other identified species
2014,8.0,Usa,Florida,Unprovoked,Standing,M,,11.0,"Bull shark, 8'",Puncture wounds and lacerations to left thigh and knee,0,wading / standing,bull shark
2014,8.0,Usa,Florida,Unprovoked,,M,26.0,,,Puncture wounds & lacerations to foot,0,other,unknown
2014,8.0,Bahamas,,Unprovoked,Spearfishing,M,,,"Bull shark, 9' to 10'",Puncture wounds to right foot and ankle,0,spearfishing,bull shark
2014,8.0,Usa,Florida,Unprovoked,Swimming,F,10.0,13.0,,Puncture wounds to right foot & ankle,0,swimming,unknown
2014,8.0,Usa,Louisiana,Unprovoked,Swimming,M,7.0,,"Bull shark, 5'",Minor lacerations to left heel and big toe,0,swimming,bull shark
2014,8.0,Usa,South Carolina,Unprovoked,Boogie boarding,M,10.0,14.0,4' tp 5' shark,Lacerations to right leg & foot,0,surfing,unknown
2014,8.0,Usa,Florida,Unprovoked,Swimming,F,45.0,,,Lacerations to  foot,0,swimming,unknown
2014,8.0,Usa,Florida,Unprovoked,Surfing,M,,,,Foot bitten,0,surfing,unknown
2014,8.0,Usa,Florida,Unprovoked,Boogie boarding,M,8.0,13.0,,Laceration to ankle,0,surfing,unknown
2014,8.0,South Africa,Western Cape Province,Unprovoked,Surfing,M,20.0,14.0,White shark,Lower limbs & thigh bitten,0,surfing,white shark
2014,9.0,Usa,Florida,Unprovoked,Surfing,M,,11.0,,Minor injury to left foot,0,surfing,unknown
2014,9.0,Australia,New South Wales,Unprovoked,Swimming,M,50.0,10.0,7' shark,FATAL,1,swimming,unknown
2014,9.0,Usa,Alabama,Unprovoked,Fishing,M,43.0,13.0,Bull shark,Leg bitten,0,fishing,bull shark
2014,9.0,Usa,Massachusetts,Watercraft,Kayaking,F,,18.0,"White shark, 12' to 14'","No injury, shark bit kayak",0,kayaking / boating,white shark
2014,9.0,Usa,Florida,Provoked,Fishing,M,52.0,20.0,3' to 4' shark,Bitten twice on the leg by a shark he was attempting to free from his line PROVOKED INCIDENT,0,fishing,unknown
2014,9.0,Spain,Catalonia,Unprovoked,Playing with an air mattress,M,16.0,,,Lacerations to right hand,0,wading / standing,unknown
2014,10.0,Usa,Hawaii,Unprovoked,Surfing,F,34.0,11.0,"Tiger shark, 12'",Lacerations to fingers,0,surfing,tiger shark
2014,10.0,Australia,New South Wales,Provoked,Surfing,M,20.0,18.0,,Laceration to dorsum of left foot when he stepped on the shark     PROVOKED INCIDENT,0,surfing,unknown
2014,10.0,Usa,Hawaii,Unprovoked,Stand-Up Paddleboarding,F,,10.0,Tiger shark,"No injury, paddleboard bitten",0,surfing,tiger shark
2014,10.0,Usa,Hawaii,Unprovoked,Stand-Up Paddleboarding,M,,8.0,,"No injury, paddleboard bitten",0,surfing,unknown
2014,10.0,Usa,California,Watercraft,Canoeing,F,,,,"No injury to occupant, canoe bitten",0,kayaking / boating,unknown
2014,10.0,Australia,New South Wales,Unprovoked,Surfing,F,13.0,6.0,1 m shark,"Lacerations to left calf & ankle, puncture wounds to left foot",0,surfing,unknown
2014,10.0,Usa,South Carolina,Unprovoked,Standing in inner tube,F,7.0,,"Bull shark, 3' to 4'",Lacerations to left foot,0,wading / standing,bull shark
2014,10.0,Usa,Florida,Unprovoked,Body surfing or Boogie boarding,F,,15.0,,Laceration to right hand/wrist,0,surfing,unknown
2014,10.0,Australia,Western Australia,Watercraft,Kayaking,M,,17.0,,"Kayak deflated, no injury to occupants",0,kayaking / boating,unknown
2014,10.0,Usa,Florida,Unprovoked,Surfing,M,29.0,11.0,Blacktip shark,Foot bitten,0,surfing,blacktip / spinner shark
2014,10.0,Usa,Florida,Unprovoked,Fishing,F,40.0,,,Thigh bitten,0,fishing,unknown
2014,10.0,Usa,Florida,Unprovoked,Surfing,M,15.0,11.0,Blacktip shark,Foot bitten,0,surfing,blacktip / spinner shark
2014,10.0,Usa,California,Watercraft,Kayaking,M,,14.0,"White shark, 18' to 20'","No injury to occupant, shark/s holded  kayak",0,kayaking / boating,white shark
2014,10.0,Usa,California,Watercraft,Kayaking,M,,11.0,White shark,"No injury to occupant, shark/s holded  kayak",0,kayaking / boating,white shark
2014,10.0,Usa,California,Unprovoked,Surfing,M,28.0,17.0,8' to 10' shark,Lacerations to knee,0,surfing,unknown
2014,10.0,Australia,Western Australia,Unprovoked,Surfing,M,23.0,11.0,"2 white shark: 13' & 9""8""","Left arm & right hand severed, lacerations to both legs",0,surfing,white shark
2014,11.0,Australia,Western Australia,Unprovoked,Surfing,M,13.0,6.0,,Minor injuries to right leg,0,surfing,unknown
2014,11.0,Mauritius,Cargados Carajos Shoals (St. Brandon),Provoked,Fishing,M,39.0,,,"FATAL, arm bitten by shark hauled on deck             PROVOKED INCIDENT",1,fishing,unknown
2014,11.0,Australia,Western Australia,Watercraft,Fishing,M,,,White shark,"Shark chasing fish bumped boat, no injury to occupants",0,fishing,white shark
2014,11.0,Usa,Florida,Unprovoked,Surfing,M,44.0,13.0,2' shark,Laceration to left hand,0,surfing,unknown
2014,11.0,Usa,Hawaii,Unprovoked,Snorkeling,M,53.0,13.0,1.5 m shark,Laceration to left upper leg,0,diving / snorkeling,unknown
2014,11.0,Australia,New South Wales,Unprovoked,Surfing,M,,6.0,,Minor injury to lower leg and foot,0,surfing,unknown
2014,11.0,Usa,Florida,Unprovoked,Surfing,M,18.0,16.0,,Minor injuries to hand & arm,0,surfing,unknown
2014,12.0,Australia,New South Wales,Unprovoked,Surfing,,,,2 m shark,Lacerations to both feet,0,surfing,unknown
2014,12.0,Australia,Western Australia,Unprovoked,Spearfishing,M,17.0,,"White shark, 4 to 5 m",FATAL,1,spearfishing,white shark
2014,12.0,Greece,,Sea Disaster,,,,,Shark involvement prior to death still to be determined,"Of 9 bodies recovered, one was bitten by a shark",0,other,unknown
2014,12.0,Usa,California,Unprovoked,Surfing,M,50.0,11.0,"White shark, 8' to 10'",Injury to hip/leg,0,surfing,white shark
2014,12.0,Australia,Victoria,Provoked,Fishing,M,,,1.5 m shark,Laceration to calf when he fell on shark he had caught PROVOKED INCIDENT,0,fishing,unknown
2014,12.0,Australia,Queensland,Unprovoked,Spearfishing,M,17.0,11.0,Tiger shark,FATAL,1,spearfishing,tiger shark
2015,,Australia,Western Australia,Provoked,Swimming,M,19.0,,Wobbegong shark,Minor lacerations to forearm when he grabbed shark by its tail     PROVOKED INCIDENT,0,swimming,other identified species
2015,1.0,Australia,Queensland,Watercraft,Rowing,M,57.0,5.0,"Bull shark, 1.3 m","No injury, shark's teeth scratched hull",0,kayaking / boating,bull shark
2015,1.0,Usa,Hawaii,Provoked,Shark fishing,M,20.0,3.0,4' shark,Lacerations to calf by hooked shark PROVOKED INCIDENT,0,fishing,unknown
2015,1.0,Australia,New South Wales,Unprovoked,Surfing,M,,,,"No injury, surfboard dented",0,surfing,unknown
2015,1.0,South Africa,Eastern Cape Province,Unprovoked,Floating,M,24.0,,,Foot bitten,0,swimming,unknown
2015,1.0,Usa,Florida,Watercraft,Fishing,M,,,White shark,No injury but shark bit trolling motor & rammed boat,0,fishing,white shark
2015,1.0,Australia,New South Wales,Watercraft,Fishing,M,,13.0,5 m shark,"Shark bumped boat, no injury to occupants",0,fishing,unknown
2015,1.0,Australia,New South Wales,Unprovoked,Filming,M,17.0,,1.5 m shark,Bitten on hand & wrist,0,other,unknown
2015,1.0,Bahamas,Abaco Islands,Unprovoked,Snorkeling,F,34.0,16.0,White shark or oceanic whitetip shark,Severe bite to right flank,0,diving / snorkeling,white shark
2015,1.0,South Africa,Eastern Cape Province,Unprovoked,Surfing,M,15.0,8.0,"Raggedtooth shark, 1.3 m","Lacerations to lower left leg, puncture wounds to sole of left foot",0,surfing,unknown
2015,1.0,Usa,Florida,Unprovoked,,M,12.0,,"""A small shark""",Leg bitten,0,other,unknown
2015,2.0,Atlantic Ocean,,Watercraft,Transatlantic Rowing,,,,White shark,"No injury, shark bit rudder",0,kayaking / boating,white shark
2015,2.0,Reunion,d’Étang-Salé,Unprovoked,Swimming,F,22.0,18.0,"Tiger shark, 3.5 m",FATAL,1,swimming,tiger shark
2015,2.0,Australia,New South Wales,Unprovoked,Surfing,M,41.0,10.0,3.5 to 4 m shark,FATAL,1,surfing,unknown
2015,2.0,Australia,New South Wales,Unprovoked,Surfing,M,35.0,6.0,2 m to  3 m shark,Laceration & puncture wounds to right flank & hip,0,surfing,unknown
2015,2.0,Australia,New South Wales,Unprovoked,Bodysurfing,M,,,1.8 m shark,5 minor puncture wounds to lower left leg,0,surfing,unknown
2015,3.0,South Africa,Eastern Cape Province,Watercraft,Kayak Fishing,M,36.0,,"White shark, 4 m",No injury but kayak bitten,0,fishing,white shark
2015,3.0,Egypt,Red Sea Protectorate,Unprovoked,Swimming,M,52.0,,Mako shark,FATAL,1,swimming,other identified species
2015,3.0,Usa,Hawaii,Unprovoked,Standing / Snorkeling,M,58.0,11.0,"Tiger shark, 8 to 12 feet",Lacerations to left forearm. Lacerations to left hand and thigh,0,diving / snorkeling,tiger shark
2015,3.0,French Polynesia,Bora Bora,Unprovoked,Hand feeding sharks,M,9.0,10.0,Blacktip shark,Hand bitten,0,other,blacktip / spinner shark
2015,3.0,Australia,New South Wales,Watercraft,Fishing,M,,,,Bruised in falling overboard as shark bumped boat,0,fishing,unknown
2015,3.0,Mexico,Sinaloa,Provoked,Fishing,M,36.0,10.0,,Right hand bitten by hooked shark PROVOKED INCIDENT,0,fishing,unknown
2015,3.0,French Polynesia,Central Tuamotu,Unprovoked,Sitting in the water,M,,,Blacktip Reef shark,Thigh bitten,0,other,blacktip / spinner shark
2015,4.0,Usa,Hawaii,Unprovoked,Snorkeling,F,65.0,9.0,,FATAL,1,diving / snorkeling,unknown
2015,4.0,Usa,Florida,Unprovoked,Wading,M,63.0,16.0,3- to 4-foot shark,Lacerations to left calf,0,wading / standing,unknown
2015,4.0,Australia,South Australia,Unprovoked,Surfing,M,26.0,9.0,"White shark, 6 m",Leg severed at mid-thigh,0,surfing,white shark
2015,4.0,Usa,Florida,Unprovoked,Photographing the shark,M,48.0,,"Blue shark, 8 to 9 feet",Lacerations to shoulder and left bicep,0,other,other identified species
2015,4.0,Reunion,Saint-Gilles-les-Bains,Unprovoked,Surfing,M,13.0,9.0,Bull shark,FATAL,1,surfing,bull shark
2015,4.0,Australia,New South Wales,Unprovoked,Paddle boarding,M,,7.0,,Ankle injured,0,surfing,unknown
2015,4.0,Usa,Florida,Unprovoked,Spearfishing,M,70.0,,Bull shark,Injuries to head & torso,0,spearfishing,bull shark
2015,5.0,Usa,Florida,Unprovoked,Standing,F,14.0,15.0,,Left foot bitten,0,wading / standing,unknown
2015,5.0,Usa,Florida,Unprovoked,Wading,F,19.0,13.0,,Minor lacerations to dorsum of right foot,0,wading / standing,unknown
2015,5.0,French Polynesia,Rangiroa,Unprovoked,Spearfishing,M,19.0,8.0,1m to 1.2 m shark,Lacerations to right forearm,0,spearfishing,unknown
2015,5.0,Usa,Florida,Unprovoked,Swimming,F,13.0,,,"Puncture wounds to lower left leg and ankle, shallow lacerations to foot, deep laceration to Achilles tendon",0,swimming,unknown
2015,5.0,Usa,Florida,Unprovoked,Surfing,M,18.0,10.0,5' shark,2 puncture wounds to  dorsum of left foot,0,surfing,unknown
2015,5.0,Usa,South Carolina,Unprovoked,,M,30.0,14.0,6' shark,Laceration to foot,0,other,unknown
2015,5.0,New Caledonia,,Unprovoked,Snorkeling,M,50.0,,"Bull shark, 3.5 m",FATAL,1,diving / snorkeling,bull shark
2015,5.0,Usa,Florida,Unprovoked,Swimming,M,,15.0,,"Lacerations to lower left leg, ankle & foot",0,swimming,unknown
2015,5.0,Australia,New South Wales,Unprovoked,Surfing,M,,15.0,White shark,Injuries to left arm & right hand,0,surfing,white shark
2015,5.0,South Africa,Eastern Cape Province,Unprovoked,Diving,M,29.0,13.0,"White shark, 3.5 m","Injuries to leg, left arm & both hands",0,diving / snorkeling,white shark
2015,6.0,Australia,New South Wales,Unprovoked,Surfing,M,,,,Hand bitten,0,surfing,unknown
2015,6.0,Usa,South Carolina,Unprovoked,Playing in the water,M,12.0,18.0,4' to 5' shark,Shallow lacerations & puncture to lateral left leg,0,wading / standing,unknown
2015,6.0,Usa,North Carolina,Unprovoked,Swimming,M,18.0,16.0,Bull shark,"Injuries to right calf, buttock and both hands",0,swimming,bull shark
2015,6.0,South Africa,Western Cape Province,Unprovoked,Body Boarding,M,19.0,14.0,White shark,"Right leg severed, multiple lacerations to left leg",0,surfing,white shark
2015,6.0,South Africa,Western Cape Province,Unprovoked,Surfing,M,23.0,16.0,"White shark, 2m to 3 m",Multiple lacerations to torso & leg,0,surfing,white shark
2015,6.0,Usa,South Carolina,Unprovoked,Standing,M,43.0,11.0,4' shark,Puncture wounds to foot,0,wading / standing,unknown
2015,6.0,Usa,North Carolina,Unprovoked,Body surfing?,M,47.0,11.0,,Multiple lacerations to back,0,surfing,unknown
2015,6.0,Usa,North Carolina,Unprovoked,Swimming,M,6.0,12.0,Sandtiger shark,Minor injury to foot,0,swimming,tiger shark
2015,6.0,Usa,South Carolina,Unprovoked,Standing,M,9.0,,small shark,Minor injury to calf,0,wading / standing,unknown
2015,6.0,Puerto Rico,,Unprovoked,Spearfishing,M,36.0,,,Injury to hand,0,spearfishing,unknown
2015,6.0,Usa,Florida,Unprovoked,Swimming,M,10.0,13.0,,Minor injury to calf,0,swimming,unknown
2015,6.0,Usa,North Carolina,Unprovoked,Wading,M,16.0,17.0,Bull shark,Arm amputated below shoulder,0,wading / standing,bull shark
2015,6.0,Usa,North Carolina,Unprovoked,Wading,F,12.0,16.0,Bull shark,Left arm amputated at elbow & severe injury to leg,0,wading / standing,bull shark
2015,6.0,Usa,California,Unprovoked,,F,,,Mako shark,Severe laceration to leg,0,other,other identified species
2015,6.0,Usa,North Carolina,Unprovoked,Boogie boarding,F,13.0,12.0,4' shark,Minor lacerations to foot,0,surfing,unknown
2015,6.0,Usa,Florida,Unprovoked,Playing,M,11.0,10.0,"Bull shark, 5'",Lacerations to right calf,0,wading / standing,bull shark
2015,6.0,Usa,Florida,Unprovoked,Attempting to rescue a shark,F,17.0,,small nurse shark,Puncture wound to finger,0,other,nurse shark
2015,6.0,Reunion,Le Port,Unprovoked,Surfing,M,47.0,15.0,"Bull shark, 2.5 m",Left forearm bitten,0,surfing,bull shark
2015,6.0,Australia,New South Wales,Unprovoked,Surf skiing,M,71.0,11.0,"White shark, 3 m","No injury, knocked off ski",0,surfing,white shark
2015,7.0,Australia,New South Wales,Unprovoked,Surfing,M,52.0,6.0,White shark,"Lacerations and puncture wounds to hip, thigh, arm and hand",0,surfing,white shark
2015,7.0,Costa Rica,Guanacaste,Unprovoked,Surfing,M,47.0,,,Minor inuries to toes,0,surfing,unknown
2015,7.0,Usa,Florida,Unprovoked,Surfing,M,25.0,19.0,"Blacktip or spinner shark, 4'",Minor injury to sole of foot,0,surfing,blacktip / spinner shark
2015,7.0,Australia,Tasmania,Unprovoked,Scallop diving on hookah,M,46.0,10.0,"White shark, 3.9 to 4.2 m",FATAL,1,diving / snorkeling,white shark
2015,7.0,Usa,California,Provoked,Kayak Fishing,M,31.0,,"Mako shark, 100-lb",No injury to occupant. Kayak bitten by gaffed shark. PROVOKED INCIDENT,0,fishing,other identified species
2015,7.0,Australia,Victoria,Unprovoked,Surfing,M,40.0,,"Bronze whaler shark, 1.5m",Left hand bitten,0,surfing,other identified species
2015,7.0,Reunion,,Unprovoked,Surfing,M,45.0,,"Bull shark, 2m",Arm bitten,0,surfing,bull shark
2015,7.0,South Africa,Eastern Cape Province,Unprovoked,Surfing,M,34.0,,White shark,No injury,0,surfing,white shark
2015,7.0,Usa,California,Unprovoked,Surfing,M,38.0,8.0,"White shark, 7'","No injury, shark bumped & damaged board",0,surfing,white shark
2015,7.0,Bahamas,Grand Bahama Island,Unprovoked,Spearfishing,F,23.0,,6' shark,Lacerations to lower leg & ankle,0,spearfishing,unknown
2015,7.0,Usa,North Carolina,Unprovoked,,M,32.0,,,Lacerations to right hand & forearm,0,other,unknown
2015,7.0,Australia,New South Wales,Unprovoked,Surfing,M,52.0,9.0,White shark,"No injury, shark bit surfboard",0,surfing,white shark
2015,7.0,Australia,New South Wales,Unprovoked,Body boarding,M,32.0,9.0,White shark,Significant injuries to lower legs,0,surfing,white shark
2015,7.0,Usa,North Carolina,Unprovoked,Swimming,M,68.0,12.0,6' to 7' shark,"Injuries to torso, hip, lower leg & hands",0,swimming,unknown
2015,8.0,Usa,California,Unprovoked,Surfing,F,54.0,10.0,"White shark, 11' to 12'","No injury, surfboard bitten",0,surfing,white shark
2015,8.0,Usa,California,Unprovoked,Surfing,M,21.0,10.0,"White shark, 10' to 12'","No injury, shark struk sufer's leg and his board",0,surfing,white shark
2015,8.0,Australia,New South Wales,Unprovoked,Surfing,M,38.0,17.0,,Severe laceration to left buttock & thigh,0,surfing,unknown
2015,8.0,Usa,South Carolina,Unprovoked,Surfing,M,15.0,12.0,4' shark,"Injuries to left calf, arm and hand",0,surfing,unknown
2015,8.0,Usa,Florida,Unprovoked,Walking,F,10.0,15.0,3' shark,Lacerations to right leg,0,wading / standing,unknown
2015,8.0,Usa,California,Watercraft,Kayak Fishing,M,22.0,7.0,"White shark, 13'","No injury, kayak bitten",0,fishing,white shark
2015,8.0,Usa,California,Provoked,Spearfishing,M,57.0,8.0,Hammerhead shark. 6' to 7',Right hand bitten  PROVOKED INCIDENT,0,spearfishing,other identified species
2015,9.0,Usa,Florida,Unprovoked,Surfing,M,22.0,16.0,"Blacktip shark, 5' to 6'","Laceration to heel, puncture wounds to dorsum of foot",0,surfing,blacktip / spinner shark
2015,9.0,Australia,Queensland,Unprovoked,Snorkeling,F,7.0,,,Laceration to leg,0,diving / snorkeling,unknown
2015,9.0,Usa,California,Watercraft,Kayak fishing,M,,10.0,"White shark, 19'","No injury, kayak damaged",0,fishing,white shark
2015,9.0,Usa,Florida,Unprovoked,Surfing,M,14.0,16.0,juvenile shark,Minor injury to left ankle,0,surfing,unknown
2015,9.0,Usa,Hawaii,Unprovoked,Spearfishing,M,27.0,15.0,"Tiger shark, 13'",Severe laceration to left leg,0,spearfishing,tiger shark
2015,9.0,Usa,Florida,Unprovoked,Wading,M,12.0,12.0,4' shark,Significant injuries to leg,0,wading / standing,unknown
2015,9.0,Usa,Florida,Unprovoked,Photographing fish,M,16.0,7.0,,Injury to right hand / wrist,0,fishing,unknown
2015,9.0,Usa,California,Watercraft,Kayak Fishing,M,,,Hammerhead shark,No injury,0,fishing,other identified species
2015,9.0,Usa,Florida,Unprovoked,Swimming,M,,19.0,,Lacerations to calf,0,swimming,unknown
2015,9.0,Usa,Florida,Unprovoked,Surfing,M,20.0,15.0,,Injury to right foot,0,surfing,unknown
2015,9.0,Australia,New South Wales,Unprovoked,Surfing,M,42.0,6.0,6' shark,Minor laceration to hand,0,surfing,unknown
2015,9.0,Usa,California,Unprovoked,Stand-Up Paddleboarding,F,50.0,17.0,"White shark, 11' to 12'","No injury, shark struck board, tossing her into the sea",0,surfing,white shark
2015,9.0,Usa,California,Provoked,Kayak Fishing,M,29.0,14.0,Hammerhead shark.,Laceration to dorsum of foot by hooked shark  PROVOKED INCIDENT,0,fishing,other identified species
2015,9.0,Australia,New South Wales,Unprovoked,Surf-skiing,M,62.0,11.0,"White shark, 2.5 m",Inuries to lower left leg & ankle,0,surfing,white shark
2015,9.0,Usa,South Carolina,Unprovoked,,M,,16.0,4' shark?,Right foot bitten,0,other,unknown
2015,9.0,Thailand,Phuket,Unprovoked,Wading,F,37.0,8.0,small shark,Left foot & ankle bitten,0,wading / standing,unknown
2015,9.0,Fiji,,Unprovoked,Spearfishing,M,,,Tiger shark,Leg bitten,0,spearfishing,tiger shark
2015,10.0,Australia,Western Australia,Unprovoked,Spearfishing,M,50.0,,,Minor injury,0,spearfishing,unknown
2015,10.0,Usa,Hawaii,Unprovoked,Body boarding,M,10.0,14.0,,"Lacerations & puncture wounds to right thigh, calf & ankle",0,surfing,unknown
2015,10.0,South Africa,Western Cape Province,Unprovoked,Surfing,M,42.0,15.0,"White shark, 3 to 3.5m","Lacerations to right calf, knee & hip",0,surfing,white shark
2015,10.0,Usa,Florida,Unprovoked,Surfing,M,21.0,14.0,5' shark,Lacerations to left hand,0,surfing,unknown
2015,10.0,Usa,Florida,Unprovoked,Surfing,M,21.0,13.0,"Spinner shark, 5'",Left foot bitten,0,surfing,blacktip / spinner shark
2015,10.0,Mozambique,Inhambane Province,Unprovoked,Fishing for shrimp,F,35.0,,,FATAL,1,fishing,unknown
2015,10.0,Usa,Hawaii,Unprovoked,Swimming,M,44.0,11.0,"Tiger shark, 7'",Severe injuries to lower legs. Foot later surgically amputated.,0,swimming,tiger shark
2015,10.0,Usa,California,Watercraft,Fishing,M,,11.0,Hammerhead sp.,"No injury, shark rammed kayak repeatedly",0,fishing,other identified species
2015,10.0,Usa,South Carolina,Unprovoked,Boogie boarding,F,9.0,16.0,,Laceration to forearm,0,surfing,unknown
2015,10.0,Usa,Hawaii,Unprovoked,Surfing,M,25.0,10.0,"Tiger shark, 13'","Left leg severed below the knee, defense injuries to left hand",0,surfing,tiger shark
2015,10.0,Mozambique,Inhambane Province,Unprovoked,Fishing,M,,,,"Arm severely injured, surgically amputated",0,fishing,unknown
2015,10.0,Australia,Western Australia,Unprovoked,Surfing,M,18.0,16.0,,Foot injured,0,surfing,unknown
2015,10.0,Usa,Florida,Unprovoked,Body boarding,M,22.0,13.0,,2 lacerations to ankle,0,surfing,unknown
2015,10.0,Usa,Texas,Unprovoked,Wading,M,13.0,10.0,4' to 5' shark,Foot & hands bitten,0,wading / standing,unknown
2015,10.0,Usa,Florida,Unprovoked,Surfing,M,14.0,8.0,"Blacktip shark, 4' to 5'",Severe lacerations to left hand,0,surfing,blacktip / spinner shark
2015,11.0,Ecuador,Galapagos Islands,Unprovoked,Snorkeling,M,55.0,10.0,Galapagos shark,Lacerations to left calf,0,diving / snorkeling,other identified species
2015,11.0,Usa,Florida,Unprovoked,Surfing,M,,,,Right heel injured,0,surfing,unknown
2015,11.0,Usa,Florida,Unprovoked,Swimming,F,,11.0,,Leg injured,0,swimming,unknown
2015,11.0,Usa,Florida,Unprovoked,Surfing,M,28.0,,"Spinner shark, 7'",Lacerations to hand,0,surfing,blacktip / spinner shark
2015,11.0,Australia,New South Wales,Unprovoked,Surfing,M,20.0,18.0,"Bull shark, 2.8 to 3.1 m",Injury to left thigh,0,surfing,bull shark
2015,11.0,Usa,Hawaii,Unprovoked,Swimming,M,54.0,11.0,,Laceration to right ankle,0,swimming,unknown
2015,11.0,Usa,Florida,Unprovoked,Wading,F,28.0,14.0,3' to 5' shark,Injury to right ankle/calf & hand,0,wading / standing,unknown
2015,11.0,Mozambique,Inhambane Province,Unprovoked,Fishing,M,19.0,4.0,,"Arms severely injured, surgically amputated",0,fishing,unknown
2015,12.0,South Africa,KwaZulu-Natal,Watercraft,Fishing,M,,,"White shark, 3 m","No injury, kayak damaged",0,fishing,white shark
2015,12.0,Spain,Grand Canary Island,Unprovoked,Swimming,F,38.0,,"Silky shark, 6.5'",Lacerations to left forearm,0,swimming,unknown
2015,12.0,Usa,Hawaii,Unprovoked,Paddle boarding,M,71.0,,9' shark,"No injury, shark bit board",0,surfing,unknown
2015,12.0,Australia,New South Wales,Unprovoked,Surfing,M,43.0,7.0,"Bronze whaler shark, 6'","No injury, shark leapt on surfboard",0,surfing,other identified species
2015,12.0,Brazil,Pernambuco,Unprovoked,Scuba diving,M,32.0,,"Tiger shark, 1.5 m",Right hand & part of forearm removed,0,diving / snorkeling,tiger shark
2015,12.0,Aruba,,Unprovoked,Sea disaster,M,58.0,,,FATAL,1,other,unknown
2015,12.0,Australia,New South Wales,Watercraft,Fishing,,,10.0,"White shark, 3.5 m","No injury, shark rammed boat & bit motor",0,fishing,white shark
2015,12.0,Bahamas,,Unprovoked,Lobster fishing,M,26.0,,Bull shark,"Bitten on thigh, abdomen & hand",0,fishing,bull shark
2015,12.0,South Africa,Eastern Cape Province,Unprovoked,Swimming / Wading,F,22.0,,,Lacerations to both hands and forearms,0,swimming,unknown
2016,,Bahamas,,Unprovoked,Scuba Diving,M,,,"Lemon shark, 9'",Face bruised when partly blind shark collided with him,0,diving / snorkeling,other identified species
2016,,Spain,Canary Islands,Unprovoked,Wading,F,10.0,,Angel shark,"5 tiny puncture marks to lower leg, treated with hydrogen peroxide",0,wading / standing,unknown
2016,,Australia,South Australia,Unprovoked,Fishing,M,,,Bronze whaler,Puncture wounds to right calf,0,fishing,other identified species
2016,,Australia,Queensland,Unprovoked,Surfing,M,,,Wobbegong shark,Laceration to right foot,0,surfing,other identified species
2016,1.0,South Africa,KwaZulu-Natal,Watercraft,Fishing,M,,,,"No injury, shark capsized kayak",0,fishing,unknown
2016,1.0,Usa,Hawaii,Unprovoked,Surfing,M,,14.0,"Reef shark, 5'",Lacerations to both hands,0,surfing,other identified species
2016,1.0,Usa,Hawaii,Unprovoked,Surfing,F,15.0,11.0,,No injury,0,surfing,unknown
2016,1.0,Usa,Texas,Unprovoked,Spearfishing,M,,9.0,Bull sharks x 2,"Bruised ribs & tail bone, speargun broken and wetsuit cut",0,spearfishing,bull shark
2016,1.0,United Arab Emirates,Fujairah Emirate,Watercraft,Fishing,M,,,Mako shark,"No injury to occupants, shark leapt into boat",0,fishing,other identified species
2016,1.0,Usa,Hawaii,Unprovoked,Paddle boarding,M,48.0,,"Tiger shark, 14'",No injury,0,surfing,tiger shark
2016,1.0,Australia,Queensland,Unprovoked,Wading,M,11.0,,Blacktip shark,Laceration to right calf,0,wading / standing,blacktip / spinner shark
2016,1.0,Australia,Queensland,Unprovoked,Spearfishing,M,31.0,11.0,3 m shark,Lacerations to arms & leg,0,spearfishing,unknown
2016,2.0,New Caledonia,South Province,Unprovoked,Kite surfing,M,21.0,19.0,,Puncture wounds to right thigh,0,surfing,unknown
2016,2.0,New Caledonia,South Province,Unprovoked,Spearfishing,M,31.0,16.0,,Forearm bitten,0,spearfishing,unknown
2016,2.0,Dominican Republic,Altagracia Province,Unprovoked,Wading,F,,15.0,,Avulsion injury to lower leg,0,wading / standing,unknown
2016,2.0,Australia,Queensland,Unprovoked,Walking,F,45.0,13.0,,Foot nipped,0,wading / standing,unknown
2016,2.0,Australia,New South Wales,Unprovoked,Windsurfing,M,40.0,,,"No injury, shark bit board",0,surfing,unknown
2016,2.0,Brazil,Balneário Camboriú,Unprovoked,Swimming,M,41.0,,Sandtiger shark,Lacerations to scalp,0,swimming,tiger shark
2016,3.0,Usa,Hawaii,Unprovoked,Snorkeling,F,46.0,11.0,,Minor injury to left foot,0,diving / snorkeling,unknown
2016,3.0,Australia,New South Wales,Unprovoked,Surfing,M,22.0,19.0,,Severe injury to thigh,0,surfing,unknown
2016,3.0,Australia,New South Wales,Unprovoked,Surfing,M,41.0,11.0,,"No injury, board dented",0,surfing,unknown
2016,3.0,Bahamas,,Provoked,,M,9.0,,"Nurse shark, 2.5-ft",Minor injury to chest PROVOKED INCIDENT,0,other,nurse shark
2016,3.0,Usa,Florida,Unprovoked,Body surfing,M,19.0,13.0,,Lacerations to right foot and ankle,0,surfing,unknown
2016,3.0,Fiji,Vanua Levu,Unprovoked,Diving for beche-de-mer,M,45.0,,,FATAL,1,diving / snorkeling,unknown
2016,3.0,Usa,Florida,Unprovoked,,M,12.0,,,Superficial injury to foot,0,other,unknown
2016,3.0,Brazil,Santa Catarina State,Unprovoked,Swimming,M,41.0,,Sandtiger shark,Minor injury to head,0,swimming,tiger shark
2016,4.0,Indonesia,Bali,Unprovoked,Surfing,M,24.0,7.0,"Bull shark, 6'",Elbow bitten,0,surfing,bull shark
2016,4.0,Usa,Florida,Unprovoked,Surfing,M,15.0,17.0,,Minor injury to left foot,0,surfing,unknown
2016,4.0,South Africa,Western Cape Province,Unprovoked,Surf-skiing,M,,8.0,White shark,"No injury, surf-ski bitten",0,surfing,white shark
2016,4.0,Australia,New South Wales,Unprovoked,Swimming,M,12.0,12.0,Wobbegong shark,Minor puncture wound to foot,0,swimming,other identified species
2016,4.0,French Polynesia,Tuamotos,Provoked,Spearfishing,M,26.0,,"Grey reef shark, 2 m","Severe lacerations to right forearm, hand and calf from speared shark PROVOKED INCIDENT",0,spearfishing,other identified species
2016,4.0,Usa,Florida,Unprovoked,Spearfishing,M,26.0,,"Bull shark, 7'",Multiple bites to right arm,0,spearfishing,bull shark
2016,4.0,New Caledonia,Grand Terre,Unprovoked,Walking,F,69.0,10.0,"Tiger shark, 2.5 m",FATAL,1,wading / standing,tiger shark
2016,4.0,Usa,Florida,Unprovoked,Fishing,M,34.0,,5' to 6' shark,Left hand bitten,0,fishing,unknown
2016,5.0,Australia,Western Australia,Unprovoked,Surfing,M,29.0,16.0,White shark,FATAL,1,surfing,white shark
2016,5.0,Usa,California,Unprovoked,Swimming,F,52.0,16.0,,Injuries to arm and shoulder,0,swimming,unknown
2016,5.0,Usa,Florida,Unprovoked,Swimming,M,13.0,15.0,5' shark,Injury to posterior right leg,0,swimming,unknown
2016,5.0,Usa,Florida,Unprovoked,Swimming,F,57.0,12.0,,Puncture wounds to thigh,0,swimming,unknown
2016,5.0,Usa,Florida,Unprovoked,Swimming,F,22.0,18.0,"Bull shark, 4' to 5'",Lacerations and puncture wounds to foot and ankle,0,swimming,bull shark
2016,5.0,Usa,Florida,Unprovoked,Swimming,F,11.0,17.0,,"Back, arm & hand injured",0,swimming,unknown
2016,5.0,Usa,Florida,Unprovoked,Swimming,M,48.0,,"Blacktip shark, 4'",Ankle bitten,0,swimming,blacktip / spinner shark
2016,5.0,Usa,Florida,Provoked,Teasing a shark,F,23.0,13.0,"Nurse shark, 2'",Arm grabbed PROVOKED INCIDENT,0,other,nurse shark
2016,5.0,Usa,Hawaii,Unprovoked,Floating,M,59.0,15.0,,Minor lacerations to right shoulder,0,swimming,unknown
2016,5.0,New Zealand,North Island,Provoked,Fishing,M,39.0,,"Mako shark, 1.5 m [5']",Foot bitten by landed shark PROVOKED INCIDENT,0,fishing,other identified species
2016,5.0,Usa,Louisiana,Unprovoked,Wading,F,33.0,,"Blacktip shark, juvenile",Minor injury to left foot,0,wading / standing,blacktip / spinner shark
2016,6.0,Usa,South Carolina,Unprovoked,,M,35.0,16.0,3' to 4' shark,Minor injury,0,other,unknown
2016,6.0,Usa,North Carolina,Unprovoked,Surfing,M,11.0,14.0,,Foot injured,0,surfing,unknown
2016,6.0,Columbia,Isla Providencia,Unprovoked,Scuba Diving,M,59.0,11.0,"Caribbean reef shark, 4.5'",Severe bite to right hand,0,diving / snorkeling,other identified species
2016,6.0,South Africa,Western Cape Province,Unprovoked,Spearfishing,M,43.0,,White shark,Injuries to left leg & right hand,0,spearfishing,white shark
2016,6.0,Usa,South Carolina,Unprovoked,Floating,M,42.0,15.0,3' to 5' shark,Lacerations and punctures to foot,0,swimming,unknown
2016,6.0,Usa,Florida,Unprovoked,Wading,M,,14.0,,Injuries to right calf,0,wading / standing,unknown
2016,6.0,Usa,Hawaii,Unprovoked,Surfing,M,,6.0,3' to 4' shark,Single puncture wound to arm,0,surfing,unknown
2016,6.0,Australia,Western Australia,Provoked,Spearfishing,M,19.0,,5' shark,No injury but shark punctured his wetsuit after he prodded it with his spear PROVOKED INCIDENT,0,spearfishing,unknown
2016,6.0,Usa,Texas,Unprovoked,Floating in tube,F,6.0,17.0,3' to 4' shark,Injury to lower leg,0,swimming,unknown
2016,6.0,Usa,North Carolina,Unprovoked,Standing,M,19.0,15.0,3' shark,Laceration to wrist,0,wading / standing,unknown
2016,6.0,Usa,Florida,Unprovoked,Swimming,M,64.0,8.0,,Leg bitten,0,swimming,unknown
2016,6.0,Australia,Western Australia,Unprovoked,Diving,F,60.0,11.0,3+ m shark,FATAL,1,diving / snorkeling,unknown
2016,6.0,Egypt,Suez,Unprovoked,Swimming,M,23.0,,Mako shark,"Leg severely bitten, surgically amputated above the knee",0,swimming,other identified species
2016,6.0,New Caledonia,,Unprovoked,Kite surfing,M,,,3 m shark,Laceration to heel,0,surfing,unknown
2016,7.0,Spain,Alicante Province,Unprovoked,Swimming,M,40.0,11.0,Blue shark,Lacerations to right hand,0,swimming,other identified species
2016,7.0,China,Hong Kong,Unprovoked,Swimming,M,72.0,,,Lacerations to leg,0,swimming,unknown
2016,7.0,Australia,Western Australia,Watercraft,,M,,,White shark,"No injury, shark nudged kayak repeatedly",0,other,white shark
2016,7.0,Usa,Florida,Provoked,Lobstering,M,43.0,,"Nurse shark, 4'",Laceration to left forearm PROVOKED INCIDENT,0,fishing,nurse shark
2016,7.0,Australia,New South Wales,Unprovoked,Surfing,M,18.0,12.0,,"No injury. Leg rope severed, knocked off board by shark",0,surfing,unknown
2016,7.0,Japan,Kochi Prefecture,Unprovoked,Surfing,M,29.0,19.0,,Lacerations to left leg,0,surfing,unknown
2016,7.0,Australia,Tasmania,Unprovoked,Surfing,M,36.0,,,Calf bumped but no injury,0,surfing,unknown
2016,7.0,Bahamas,Abaco Islands,Unprovoked,Spearfishing,M,,,"Bull shark, 6'",Lacerations to face and right leg,0,spearfishing,bull shark
2016,7.0,Australia,Queensland,Provoked,Fishing,M,31.0,,"reef shark, 1m",Laceration to left calf from hooked shark PROVOKED INCIDENT,0,fishing,other identified species
2016,7.0,Usa,Alabama,Watercraft,Fishing,,,,"Tiger shark, 10'","No injury, shark bit trolling motor",0,fishing,tiger shark
2016,7.0,Usa,Florida,Unprovoked,Surfing,F,9.0,,,Minor injury to leg,0,surfing,unknown
2016,7.0,Usa,Florida,Unprovoked,,F,11.0,11.0,,Minor injury to toes,0,other,unknown
2016,7.0,Usa,California,Unprovoked,Kite surfing,M,61.0,17.0,"White shark, 10' to 12'","No injury, board damaged",0,surfing,white shark
2016,7.0,Usa,South Carolina,Unprovoked,Swimming,M,,,,Puncture wounds to foot,0,swimming,unknown
2016,7.0,Usa,California,Watercraft,Fishing,M,,,White shark,"No injury. Hull bitten, tooth fragment recovered",0,fishing,white shark
2016,7.0,Usa,Massachusetts,Provoked,Fishing,M,59.0,10.0,dogfish shark,Fin of hooked shark injured fisherman's forearm. . PROVOKED INCIDENT,0,fishing,unknown
2016,7.0,Usa,California,Watercraft,Fishing,M,,,White shark,"No injury. Hull bitten, tooth fragment recovered",0,fishing,white shark
2016,7.0,Usa,Florida,Unprovoked,Swimming,F,42.0,14.0,,"Buttocks, thigh, left hand & wrist injured",0,swimming,unknown
2016,7.0,Australia,Queensland,Provoked,Fishing,M,34.0,22.0,Tawny nurse shark,Right thigh injured by hooked pregnant female shark PROVOKED INCIDENT,0,fishing,nurse shark
2016,8.0,Usa,Florida,Unprovoked,Surfing,M,25.0,15.0,"Bull shark, 6'",Lacerations to right foot,0,surfing,bull shark
2016,8.0,Usa,Florida,Unprovoked,Surfing,M,37.0,14.0,,Minor injury to ankle,0,surfing,unknown
2016,8.0,Reunion,,Unprovoked,Surfing,M,20.0,17.0,"Bull shark, 3.5 m","Right arm severed, ankle severely bitten",0,surfing,bull shark
2016,8.0,Usa,Florida,Unprovoked,Wading,M,49.0,16.0,,Minor injury to ankle,0,wading / standing,unknown
2016,8.0,Bahamas,New Providence Island,Unprovoked,Snorkeling,M,15.0,,,Lacerations to left leg,0,diving / snorkeling,unknown
2016,8.0,Usa,Hawaii,Unprovoked,SUP Foil boarding,M,21.0,16.0,"Tiger shark, 10'","No inury, shark & board collided",0,surfing,tiger shark
2016,8.0,Usa,Florida,Unprovoked,Surfing,M,22.0,,Blacktip shark,Big toe bitten,0,surfing,blacktip / spinner shark
2016,9.0,Australia,New South Wales,Unprovoked,Surfing,M,17.0,9.0,"White shark, 3.5 m",4 deep lacerations to thigh,0,surfing,white shark
2016,9.0,Usa,Florida,Unprovoked,Surfing,M,16.0,13.0,,Minor injury to thigh,0,surfing,unknown
2016,9.0,Usa,Florida,Unprovoked,Surfing,M,36.0,11.0,,Lacerations to hands,0,surfing,unknown
2016,9.0,Usa,Florida,Unprovoked,Surfing,M,43.0,10.0,,Lacerations to lower leg,0,surfing,unknown
2016,9.0,Usa,California,Unprovoked,Surfing,M,43.0,,,"No injury, board bitten",0,surfing,unknown
2016,9.0,Australia,Victoria,Unprovoked,Surfing,M,,,,Struck by fin on chest & leg,0,surfing,unknown
2016,9.0,Australia,Victoria,Unprovoked,Surfing,M,,,2 m shark,No injury: Knocked off board by shark,0,surfing,unknown
2016,9.0,Australia,Western Australia,Watercraft,Fishing,,,,,Shark rammed boat. No injury to occupant,0,fishing,unknown
2016,9.0,Usa,Florida,Unprovoked,Wading,M,,15.0,3' to 4' shark,Minor injury to arm,0,wading / standing,unknown
2016,9.0,Usa,Hawaii,Unprovoked,Swimming,F,51.0,14.0,"Tiger shark, 10'",Severe lacerations to shoulder & forearm,0,swimming,tiger shark
2016,9.0,New Caledonia,North Province,Unprovoked,Kite surfing,M,50.0,15.0,,FATAL,1,surfing,unknown
2016,9.0,Usa,South Carolina,Unprovoked,Boogie boarding,F,12.0,,,Lacerations & punctures to lower right leg,0,surfing,unknown
2016,9.0,Australia,Western Australia,Unprovoked,Surfing,M,,,,"No inury, board broken in half by shark",0,surfing,unknown
2016,9.0,Usa,Florida,Unprovoked,Body boarding,M,9.0,,,Foot bitten,0,surfing,unknown
2016,9.0,Usa,California,Unprovoked,Spearfishing,M,22.0,,"White shark, 8' to 10'",Two toes broken & lacerated,0,spearfishing,white shark
2016,10.0,Usa,Florida,Unprovoked,Surfing,M,41.0,,,Lacerations to right foot and ankle,0,surfing,unknown
2016,10.0,Usa,Florida,Unprovoked,Surfing,M,42.0,,,Lacerations to right hand,0,surfing,unknown
2016,10.0,Australia,New South Wales,Unprovoked,Surfing,M,36.0,7.0,,Lacerations to left thigh,0,surfing,unknown
2016,10.0,Usa,Hawaii,Unprovoked,Surfing,M,36.0,17.0,6' to 8' shark,Left arm and leg injured,0,surfing,unknown
2016,10.0,Australia,Queensland,Unprovoked,Surfing,M,,18.0,,Torso nipped,0,surfing,unknown
2016,10.0,Usa,Hawaii,Unprovoked,Snorkeling,F,66.0,9.0,,Injuries to left calf,0,diving / snorkeling,unknown
2016,10.0,Australia,New South Wales,Unprovoked,Surfing,M,25.0,10.0,,Minor wound to lower right leg & surfboard bitten,0,surfing,unknown
2016,10.0,Usa,Oregon,Unprovoked,Surfing,M,29.0,16.0,,Wounds to upper thigh and lower leg,0,surfing,unknown
2016,10.0,Mozambique,Inhambane Province,Unprovoked,Fishing,M,,,Unknown,Injuries to legs and abdomen,1,fishing,unknown
2016,10.0,Usa,Florida,Unprovoked,Surfing,M,21.0,11.0,,Cuts to dorsal surface of left foot,0,surfing,unknown
2016,10.0,Usa,Florida,Unprovoked,Surfng,M,32.0,17.0,,Minor injuries,0,surfing,unknown
2016,11.0,Australia,Victoria,Provoked,Fishing,M,73.0,11.0,"Broadnose sevengill shark, 1.5 m",Laceration to right hand by hooked & gaffed shark. PROVOKED INCIDENT,0,fishing,other identified species
2016,11.0,Usa,Hawaii,Unprovoked,Floating,F,58.0,10.0,Tiger shark,Injuries to right calf and thigh,0,swimming,tiger shark
2016,12.0,Usa,Florida,Unprovoked,Surfing,M,16.0,17.0,,Lacerations to right forearm,0,surfing,unknown
2016,12.0,Australia,Western Australia,Unprovoked,Snorkeling,F,,,a small shark,Buttock bitten,0,diving / snorkeling,unknown
2016,12.0,South Africa,Western Cape Province,Unprovoked,Surf skiing,M,55.0,7.0,"White shark, 4 m","No injury, but ski severely damaged",0,surfing,white shark
2016,12.0,Australia,Western Australia,Unprovoked,Free diving,M,61.0,9.0,,Punctures to left foot/ankle,0,diving / snorkeling,unknown
2016,12.0,French Polynesia,Tuamotos,Unprovoked,Fishing,M,,,,Hand injured?,0,fishing,unknown
2016,12.0,Australia,New South Wales,Provoked,Surf fishing,M,20.0,2.0,"Wobbegong shark, 2m",Lacerations to both hands while attempting to land a hooked shark PROVOKED INCIDENT,0,surfing,other identified species
2016,12.0,Australia,New South Wales,Unprovoked,Surfing,M,65.0,9.0,White shark,Injuries to foot & arm,0,surfing,white shark
2017,,Libya,,Sea Disaster,2 boats capsized,,,,Some drowned but other may have been killed by blue sharks,FATAL,1,kayaking / boating,other identified species
2017,,,,Unprovoked,Surfing,M,24.0,,,Puncture wounds to feet,0,surfing,unknown
2017,,Australia,Queensland,Unprovoked,Snorkeling,M,7.0,,Cookiecutter shark,Calf injured,0,diving / snorkeling,other identified species
2017,,Solomon Islands,,Unprovoked,Spearfishing,M,,,,Foot bitten,0,spearfishing,unknown
2017,,Bahamas,40 miles off Grand Bahama Island,Unprovoked,Spearfishing,M,,,,Severe lacerations to left hand,0,spearfishing,unknown
2017,,Mexico,Tabasco,Provoked,Fishing,M,32.0,,"Tiger shark, 100 kg",Hand bitten by hooked shark PROVOKED INCIDENT,0,fishing,tiger shark
2017,,Bahamas,,Unprovoked,Feeding sharks,F,,,,Fingernail pulled off,0,other,unknown
2017,,United Kingdom,South Devon,Unprovoked,Surfing,M,30.0,,"3m shark, probably a smooth hound","Bruise to leg, cuts to hand sustained when he hit the shark",0,surfing,unknown
2017,,Australia,Queensland,Provoked,Attempting to lasso a shark,M,29.0,,9' shark,Thigh nipped PROVOKED INCIDENT,0,other,unknown
2017,,Bahamas,The Exuma Cays,Unprovoked,Washing hands,M,58.0,,Lemon shark,Abrasions & lacerations to left leg and hand,0,other,other identified species
2017,,Usa,,Unprovoked,Not stated,M,13.0,,Unknown,Shoulder injuries,0,other,unknown
2017,1.0,Brazil,Pernambuco,Unprovoked,Swimming,M,21.0,13.0,,Minor laceration to ring finger,0,swimming,unknown
2017,1.0,Usa,Florida,Unprovoked,,M,,14.0,,Puncture wounds to lower arm or hand,0,other,unknown
2017,1.0,Australia,Queensland,Unprovoked,Scuba Diving,M,55.0,12.0,"Bull shark, 4 m","Multiple injuries to arm, wrist and torso",0,diving / snorkeling,bull shark
2017,1.0,Australia,Queensland,Unprovoked,Swimming,M,57.0,13.0,,Injury to hand,0,swimming,unknown
2017,1.0,Usa,Florida,Unprovoked,,M,,,,Minor injury to hand,0,other,unknown
2017,1.0,Indonesia,Bali,Unprovoked,Surfing,M,48.0,7.0,"Bull shark, 1 m",Injury to right wrist & forearm,0,surfing,bull shark
2017,1.0,Usa,Florida,Unprovoked,Wading,M,47.0,12.0,,Minor injuries to foot,0,wading / standing,unknown
2017,2.0,Australia,Western Australia,Unprovoked,Snorkeling,F,,,"Bull shark, 1.5",Hand bitten,0,diving / snorkeling,bull shark
2017,2.0,Australia,Western Australia,Unprovoked,Surfing,M,,,,"No injury, shark struck board",0,surfing,unknown
2017,2.0,Reunion,Saint-Andre,Unprovoked,Body boarding,M,26.0,9.0,,Fatal,1,surfing,unknown
2017,2.0,Australia,Queensland,Unprovoked,Spearfishing,M,26.0,10.0,,Left leg severely bitten,0,spearfishing,unknown
2017,2.0,Usa,Florida,Unprovoked,Swimming,M,22.0,13.0,,Injury to hand,0,swimming,unknown
2017,2.0,Brazil,Pernambuco,Provoked,Grabbing shark for a selfie,F,,,Lemon shark pup,"Minor injury to finger, PROVOKED INCIDENT",0,other,other identified species
2017,2.0,South Africa,KwaZulu-Natal,Watercraft,Fishing,M,,,Tiger shark,"Shark damaged kayak, no injury to occupant",0,fishing,tiger shark
2017,2.0,Usa,South Carolina,Watercraft,Fishing,,,,"White shark, female, 14'","Shark bit boat, no injury to occupants",0,fishing,white shark
2017,2.0,Bahamas,Bimini,Unprovoked,Scuba Diving,M,37.0,,Caribbean reef shark,Lacerations to upper right arm,0,diving / snorkeling,other identified species
2017,3.0,Usa,Florida,Unprovoked,Surfing,M,58.0,10.0,,Minor injury to left foot,0,surfing,unknown
2017,3.0,Australia,New South Wales,Unprovoked,Body boarding,M,30.0,18.0,,Minor,0,surfing,unknown
2017,3.0,Usa,California,Watercraft,Kayaking,M,,14.0,White shark,"No injury, kayak bitten",0,kayaking / boating,white shark
2017,3.0,Philippines,Luzon Island,Unprovoked,Spearfishing,M,25.0,,10' shark,Right thigh injured,0,spearfishing,unknown
2017,3.0,Mexico,Tamaulipas,Provoked,Fishing,M,,,,Finger severed by  'dead shark' on boat's deck   PROVOKED INCIDENT,0,fishing,unknown
2017,3.0,Bahamas,The Exuma Cays,Unprovoked,Floating,F,,,Nurse shark,Minor injury to hand,0,swimming,nurse shark
2017,4.0,Usa,California,Unprovoked,Swimming,F,,17.0,,Major injury to posterior thigh,0,swimming,unknown
2017,4.0,South Africa,Western Cape Province,Unprovoked,Surfing,M,14.0,17.0,,Minor injury to right calf,0,surfing,unknown
2017,4.0,Usa,South Carolina,Unprovoked,Surfing,F,33.0,11.0,,Left foot bitten,0,surfing,unknown
2017,4.0,Reunion,Saint-Leu,Unprovoked,Body boarding,M,28.0,11.0,,FATAL,1,surfing,unknown
2017,4.0,New Zealand,South Island,Unprovoked,Body boarding,F,,14.0,,Puncture wounds & laceration above knee,0,surfing,unknown
2017,4.0,"St Helena, British Overseas Territory",Ascension Island,Unprovoked,Snorkeling,F,40.0,16.0,,Calf & foot bitten,0,diving / snorkeling,unknown
2017,4.0,Usa,Florida,Unprovoked,,,,,,Minor bite to the foot,0,other,unknown
2017,4.0,Australia,Western Australia,Unprovoked,Surfing,F,17.0,16.0,White shark,FATAL,1,surfing,white shark
2017,4.0,Usa,Hawaii,Unprovoked,Surfing,M,28.0,9.0,"Tiger shark, 12'",Lower right leg severely injured,0,surfing,tiger shark
2017,4.0,Usa,Florida,Unprovoked,Surfing,M,17.0,13.0,,Lacerations to right foot,0,surfing,unknown
2017,4.0,Usa,Florida,Unprovoked,Surfing,F,,13.0,,Lacerations to right foot,0,surfing,unknown
2017,4.0,Usa,Florida,Unprovoked,Surfing,F,35.0,16.0,,Calf bitten,0,surfing,unknown
2017,4.0,Usa,Florida,Unprovoked,Paddle boarding,F,10.0,17.0,,Laceration to calf,0,surfing,unknown
2017,4.0,Usa,Florida,Unprovoked,Swimming,F,21.0,17.0,,Minor injury to left hand,0,swimming,unknown
2017,4.0,Usa,Florida,Unprovoked,Swimming,M,16.0,,,Foot injured,0,swimming,unknown
2017,4.0,Usa,Florida,Unprovoked,Swimming,F,51.0,13.0,,"Thigh nipped, minor injury",0,swimming,unknown
2017,4.0,Australia,Queensland,Unprovoked,Kakaying,M,39.0,,,"No injury, shark bit off stern of kayak",0,other,unknown
2017,4.0,Usa,Florida,Unprovoked,Swimming,F,17.0,15.0,"Bull shark, 5' to 7'",Lacerations to thighs,0,swimming,bull shark
2017,5.0,French Polynesia,Marquesas,Unprovoked,Surfing,M,,,,Injuries to hand and wrist,0,surfing,unknown
2017,5.0,Usa,South Carolina,Provoked,Touching a shark,F,20.0,,3' shark,Right hand bitten by hooked shark PROVOKED INCIDENT,0,other,unknown
2017,5.0,Usa,Florida,Unprovoked,Feeding sharks,M,,,Tiger shark,Lacerations to right arm,0,other,tiger shark
2017,5.0,United Arab Emirates,"Sharjah,",Unprovoked,Spearfishing,M,41.0,,,Right leg severely bitten,0,spearfishing,unknown
2017,5.0,Mexico,Baja California Sur,Unprovoked,Snorkeling,M,33.0,17.0,,FATAL,1,diving / snorkeling,unknown
2017,6.0,Usa,South Carolina,Unprovoked,Swimming,F,16.0,,,Left foot bitten,0,swimming,unknown
2017,6.0,Usa,Florida,Unprovoked,Surfing,M,,,,1 to 2-inch laceration behind knee,0,surfing,unknown
2017,6.0,Usa,South Carolina,Unprovoked,Swimming,F,14.0,,"Bull shark, 4' to 5'",Leg bitten,0,swimming,bull shark
2017,6.0,Reunion,,Unprovoked,Body boarding,M,34.0,10.0,"Bull shark, 2m","No injury, shark bit surfboard",0,surfing,bull shark
2017,6.0,Spain,Ibiza Island,Unprovoked,Swimming,M,82.0,12.0,,2-inch laceration to hand,0,swimming,unknown
2017,6.0,Australia,Western Australia,Unprovoked,Body boarding,M,48.0,8.0,"White shark, 4 m","No injury, board bitten",0,surfing,white shark
2017,6.0,Australia,Victoria,Unprovoked,Surfing,F,,15.0,Seven-gill shark,"No injury, knocked off board",0,surfing,other identified species
2017,6.0,Usa,Florida,Unprovoked,Surfing,M,19.0,10.0,,Laceration to left foot,0,surfing,unknown
2017,6.0,Usa,Florida,Unprovoked,Spearfishing,M,,,8' shark,Laceration to shin,0,spearfishing,unknown
2017,6.0,Bahamas,New Providence,Unprovoked,Snorkeling,F,32.0,12.0,Tiger shark,Right forearm severed,0,diving / snorkeling,tiger shark
2017,7.0,Usa,Florida,Unprovoked,Skimboarding,M,15.0,18.0,,Lacerations to lower leg,0,surfing,unknown
2017,7.0,Usa,South Carolina,Unprovoked,,F,12.0,,,Bite to left thigh / minor injury,0,other,unknown
2017,7.0,Bahamas,New Providence District,Unprovoked,Snorkeling,F,,,,Foot & ankle injured,0,diving / snorkeling,unknown
2017,7.0,"St Helena, British Overseas Territory",Ascension Island,Unprovoked,Surfing,M,37.0,17.0,,Torso bitten,0,surfing,unknown
2017,7.0,Usa,New Jersey,Unprovoked,,F,,,Sandtiger shark  2',Minor injury to hand,0,other,tiger shark
2017,7.0,Spain,Majorca,Unprovoked,Swimming,F,,,Blue shark 6',Abrasion to arm from shark's rough skin,0,swimming,other identified species
2017,7.0,Usa,Florida,Unprovoked,,F,40.0,12.0,"""A small shark""",Foot bitten,0,other,unknown
2017,7.0,Usa,California,Watercraft,Kayaking,M,40.0,11.0,"White shark, 11' to 13'","No injury, kayak bitten",0,kayaking / boating,white shark
2017,7.0,Usa,California,Unprovoked,SUP,M,50.0,7.0,"White shark, 8' to 10'","No injury, shark bit paddleboard",0,surfing,white shark
2017,7.0,Usa,Washington,Unprovoked,Surfing,M,,18.0,"White shark, 9'",Pulled off board by shark but no injury,0,surfing,white shark
2017,7.0,Australia,Western Australia,Unprovoked,Surfing,M,,11.0,,"Minor injury, grazed by shark",0,surfing,unknown
2017,7.0,Usa,California,Watercraft,Kayaking,M,,11.0,White shark,"No injury, kayak bitten",0,kayaking / boating,white shark
2017,7.0,Usa,Florida,Unprovoked,Swimming,M,46.0,15.0,"Bull shark, 4' to 5'",Lower legs bitten,0,swimming,bull shark
2017,7.0,South Africa,Eastern Cape Province,Unprovoked,Surfing,F,13.0,15.0,"White shark, 2.5 m","No injury, shark bit surfboard",0,surfing,white shark
2017,8.0,Australia,Victoria,Unprovoked,Surfing,M,37.0,10.0,"White shark, 3 m","No injury, board bitten",0,surfing,white shark
2017,8.0,Usa,Florida,Unprovoked,Wading,F,3.0,13.0,,Leg injured,0,wading / standing,unknown
2017,8.0,New Zealand,North Island,Watercraft,Canoeing,M,,,,"No injury, shark bit canoe",0,kayaking / boating,unknown
2017,8.0,Usa,Massachusetts,Unprovoked,SUP,M,69.0,10.0,"White shark, 5' to 7'",Not injured by shark but board bitten,0,surfing,white shark
2017,8.0,Bahamas,,Unprovoked,Spearfishing,M,,15.0,5' shark,Hand injured,0,spearfishing,unknown
2017,8.0,Usa,South Carolina,Unprovoked,Swimming,M,13.0,13.0,Possibly a juvenile blacktip shark,Minor cuts to sole & toes of left foot,0,swimming,blacktip / spinner shark
2017,8.0,Egypt,Red Sea Protectorate,Unprovoked,Snorkeling,F,20.0,,"Oceanic whitetip shark, 1.8 to 2 m",Bite to right leg/hip,0,diving / snorkeling,white shark
2017,8.0,Usa,Massachusetts,Provoked,Fishing,M,34.0,23.0,4' shark,Foot bitten by landed shark PROVOKED INCIDENT,0,fishing,unknown
2017,8.0,Usa,California,Watercraft,Fishing,M,,10.0,"White shark, 10'","No injury, bow of kayak bitten",0,fishing,white shark
2017,9.0,Usa,Florida,Unprovoked,Surfing,M,,,5' shark,Lacerations to lower left leg and foot,0,surfing,unknown
2017,9.0,Australia,Western Australia,Unprovoked,Surfing,M,,18.0,"White shark, 3.5 m","No injury, board damaged by shark",0,surfing,white shark
2017,9.0,Usa,Florida,Unprovoked,Surfing,M,,14.0,4' to 5' shark,Laceration to upper arm,0,surfing,unknown
2017,9.0,Usa,Florida,Unprovoked,Surfing,M,,,,Minor lacerations to sole of left foot,0,surfing,unknown
2017,9.0,Spain,Canary Islands,Unprovoked,Body surfing,M,13.0,,"Porbeagle, 1.5 m",Lacerations to right foot,0,surfing,unknown
2017,9.0,Usa,Florida,Unprovoked,Surfing,M,28.0,16.0,,Lacerations to left foot,0,surfing,unknown
2017,9.0,Australia,Westerm Australia,Watercraft,Fishing,,,,"White shark, 3.5m","sharks rammed boats, no injury to occupants",0,fishing,white shark
2017,9.0,Usa,Florida,Unprovoked,Surfing,M,18.0,18.0,5' to 6' shark,Lacerations to left foot,0,surfing,unknown
2017,9.0,Australia,Westerm Australia,Unprovoked,Swimming,M,,15.0,,Minor injuries,0,swimming,unknown
2017,9.0,Australia,New South Wales,Unprovoked,Surfing,M,35.0,6.0,"White shark, 3 to 3.5m",Minor lacerations to right hip,0,surfing,white shark
2017,9.0,South Africa,Western Cape Province,Unprovoked,"Swimming, poaching abalone",M,,,,FATAL,1,swimming,unknown
2017,9.0,Japan,Shizuoka Prefecture,Unprovoked,Surfing,M,42.0,10.0,,Injury to ankle & feet,0,surfing,unknown
2017,9.0,Usa,Florida,Unprovoked,Swimming,M,,,Nurse shark,Lacerations to abdomen,0,swimming,nurse shark
2017,9.0,Usa,Texas,Unprovoked,Swimming,F,,,,Lacerations to foot,0,swimming,unknown
2017,9.0,Usa,Florida,Unprovoked,Surfing,M,17.0,10.0,,Minor injury to right hand,0,surfing,unknown
2017,10.0,Australia,New South Wales,Unprovoked,Surfing,M,31.0,9.0,"Wobbegong shark, 1 m",Minor injury to foot,0,surfing,other identified species
2017,10.0,Usa,Hawaii,Unprovoked,Stand-Up Paddleboarding,M,,15.0,,No injury but shark bit SUP,0,surfing,unknown
2017,10.0,Mauritius,Pamplemousses,Unprovoked,Swimming,M,,,,Minor injury to foot,0,swimming,unknown
2017,10.0,Usa,Florida,Unprovoked,Surfing,M,17.0,17.0,,Lacerations to left foot,0,surfing,unknown
2017,10.0,Usa,Florida,Unprovoked,Swimming,F,60.0,8.0,,Severe lacerations to left hand & wrist,0,swimming,unknown
2017,10.0,Australia,South Australia,Unprovoked,Kayaking / Fishing,F,15.0,,"White shark, 4.5 m",Minor injuries,0,fishing,white shark
2017,10.0,New Zealand,North Island,Watercraft,Kayaking,M,,9.0,2 m shark,"No injury, shark shook kayak x3",0,kayaking / boating,unknown
2017,10.0,Usa,Florida,Unprovoked,Swimming,M,,14.0,"Spinner shark, 4 to 5 feet",Puncture wounds & lacerations to foot,0,swimming,blacktip / spinner shark
2017,10.0,Usa,Hawaii,Unprovoked,Surfing,M,54.0,18.0,"Tiger shark, 8 to 10 feet",Lacerations to left hand,0,surfing,tiger shark
2017,10.0,Usa,Hawaii,Unprovoked,Snorkeling,F,40.0,12.0,8' shark,Abrasions,0,diving / snorkeling,unknown
2017,11.0,Costa Rica,Cocos Island,Unprovoked,Scuba Diving,M,26.0,,"Tiger shark, female",Serious injury to leg,0,diving / snorkeling,tiger shark
2017,11.0,Costa Rica,Cocos Island,Unprovoked,Scuba diving,F,49.0,,"Tiger shark, female",FATAL,1,diving / snorkeling,tiger shark
2017,11.0,Usa,California,Unprovoked,Spearfishing,M,25.0,13.0,"White shark, 4.6 m",Right leg bitten,0,spearfishing,white shark
2017,11.0,Usa,Florida,Unprovoked,Surfing,F,14.0,,,Heel bitten,0,surfing,unknown
2017,11.0,Australia,New South Wales,Unprovoked,Surfing,M,25.0,16.0,2 m shark,Puncture wounds to left shoulder,0,surfing,unknown
2017,11.0,Cuba,Holquin Province,Unprovoked,Night bathing,M,22.0,23.0,Tiger shark,FATAL,1,swimming,tiger shark
2017,11.0,Usa,Hawaii,Unprovoked,Surfing,M,,14.0,,Minor cuts to lower left leg,0,surfing,unknown
2017,12.0,Usa,Hawaii,Unprovoked,Surfing,F,54.0,18.0,Tiger shark,Severe lacerations to left thigh & knee,0,surfing,tiger shark
2017,12.0,Usa,California,Unprovoked,Surfing,F,35.0,12.0,,Foot bitten,0,surfing,unknown
2017,12.0,Malaysia,Sepang,Provoked,Fishing / Wading,M,24.0,,Juvenile nurse shark,"Minor injury to thigh, PROVOKED INCIDENT",0,fishing,nurse shark
2017,12.0,Bahamas,,Unprovoked,Snorkeling,F,25.0,,Nurse shark. 5',Minor injury to arm,0,diving / snorkeling,nurse shark
2017,12.0,Australia,New South Wales,Unprovoked,Surfing,M,62.0,,Great White 6.0m,"Degloved right arm ligaments in both shoulders torn, both knee cartilages torn, pelvis displacement and shredded foot 32 stiches in all",0,surfing,white shark
2018,,Samoa,Upolo,Watercraft,Surf skiing,M,,,,"No injury, tail of surf ski bitten off",0,surfing,unknown
2018,,Bahamas,,Unprovoked,Diving,M,,,Lemon shark,Right foream bitten,0,diving / snorkeling,other identified species
2018,,Bahamas,The Exuma Cays,Unprovoked,Floating,F,19.0,,"Nurse shark, 5'",Minor injury to wrist,0,swimming,nurse shark
2018,,Thailand,Hua Hin,Unprovoked,Swimming,M,,,,Minor injury to ankle,0,swimming,unknown
2018,1.0,Australia,Western Australia,Unprovoked,,M,18.0,8.0,Bull shark,Injuries to right leg,0,other,bull shark
2018,1.0,New Caledonia,,Unprovoked,Spearfishing,M,,15.0,"Bull shark, 3 m",Injuries to abdomen and arm,0,spearfishing,bull shark
2018,1.0,French Polynesia,,Unprovoked,Surfing,M,45.0,8.0,"Sicklefin Lemon Shark,",Superficial bite to right thigh and left knee.,0,surfing,other identified species
2018,1.0,Australia,Queensland,Unprovoked,Diving,M,,15.0,Grey reef shark. 2 m,Severe laceration to left forearm,0,diving / snorkeling,other identified species
2018,1.0,Australia,New South Wales,Unprovoked,Free diving,M,28.0,,"White shark, 3.5 m","No injury, shark took his swimfin",0,diving / snorkeling,white shark
2018,1.0,Brazil,Fernando de Noronha,Unprovoked,Surfing,M,20.0,,small shark,Minor injury to left forearm,0,surfing,unknown
2018,1.0,Australia,Western Australia,Unprovoked,Surfing,M,,,Wobbegong shark?,Foot bitten,0,surfing,other identified species
2018,2.0,South Africa,KwaZulu-Natal,Unprovoked,Scuba Diving,M,38.0,,Blacktip shark,The shark & man simply collided; neither were injured,0,diving / snorkeling,blacktip / spinner shark
2018,2.0,Australia,New South Wales,Unprovoked,Swimming,F,55.0,19.0,"Juvenile white shark,  2.7 to 3.2 m",Laceratons to right leg & foot,0,swimming,white shark
2018,2.0,Australia,Victoria,Provoked,Fishing,M,34.0,,,"Shark rammed kayak, no injury to occupant  PROVOKED INCIDENT",0,fishing,unknown
2018,2.0,Australia,New South Wales,Unprovoked,Walking,M,35.0,16.0,"Bull shark, 2 m",Puncture wounds to leff foot & lower leg,0,wading / standing,bull shark
2018,2.0,Ecuador,Galapagos Islands,Unprovoked,Snorkeling,M,45.0,,Galapagos shark?,Injuries to right foot,0,diving / snorkeling,other identified species
2018,3.0,Usa,Hawaii,Unprovoked,Stand-Up Paddleboarding,M,25.0,9.0,"Tiger shark, 12'","Lacerations to right hand and arm, loss of right leg below the knee",0,surfing,tiger shark
2018,3.0,Australia,Western Australia,Unprovoked,Wading,M,10.0,17.0,Wobbegong shark,Minor injuries to legs,0,wading / standing,other identified species
2018,3.0,Australia,Victoria,Unprovoked,Swimming,M,69.0,15.0,3.5 m shark,"No injury, said to have been charged by sharks several times",0,swimming,unknown
2018,3.0,Australia,Victoria,Unprovoked,Surfing,M,18.0,7.0,1.8 m shark,"Minor injury, ankle grazed",0,surfing,unknown
2018,4.0,Usa,Texas,Provoked,Fishing,M,,,Sandtiger shark',Forearm bitten by hooked shark PROVOKED INCIDENT,0,fishing,tiger shark
2018,4.0,Costa Rica,Cocos Island,Unprovoked,Scuba diving,M,30.0,10.0,Tiger shark,"No injury, shark bit scuba gear",0,diving / snorkeling,tiger shark
2018,4.0,Australia,Western Australia,Unprovoked,Surfing,M,,16.0,,"No injury, knocked off board by shark",0,surfing,unknown
2018,4.0,Australia,Western Australia,Unprovoked,Surfing,M,60.0,9.0,3 m shark,"No injury, knocked off board by shark",0,surfing,unknown
2018,4.0,Australia,Western Australia,Unprovoked,Surfing,M,,,"White shark, 3.5 m","No injury, shark struck his leg",0,surfing,white shark
2018,4.0,Maldives,Alifu Alifu Atoll,Unprovoked,Fishing,M,32.0,21.0,Tiger shark,5-inch cut to hand,0,fishing,tiger shark
2018,4.0,South Africa,Western Cape Province,Unprovoked,Surf-skiing,M,33.0,9.0,"White shark, 2.5 m","No injury, shark bit hole in ski",0,surfing,white shark
2018,4.0,Usa,Hawaii,Unprovoked,Body boarding,M,29.0,,6' shark,Lacerations to right lower leg,0,surfing,unknown
2018,4.0,Thailand,Hua Hin,Unprovoked,Swimming,M,54.0,,Juvenile bull shark,Lacerations to foot and ankle,0,swimming,bull shark
2018,4.0,Australia,Western Australia,Unprovoked,Surfing,M,41.0,,,Laceration to right thigh,0,surfing,unknown
2018,4.0,Australia,Western Australia,Unprovoked,Surfing,M,37.0,8.0,,Lacerations to legs,0,surfing,unknown
2018,4.0,Bahamas,New Providence,Unprovoked,Surfing,M,,9.0,Tiger shark,No Injury. Shark swam away with the surf board,0,surfing,tiger shark
2018,4.0,New Caledonia,,Unprovoked,Foilboarding,M,17.0,17.0,2 m shark,"No injury, shark bit board",0,surfing,unknown
2018,4.0,Bahamas,,Unprovoked,Swimming,M,12.0,18.0,Bull shark,"2 puncture wounds to left foot, abrasion to right foot",0,swimming,bull shark
2018,4.0,South Africa,Eastern Cape Province,Unprovoked,Surfing,M,19.0,15.0,White shark,Lacerations to left knee & lower leg,0,surfing,white shark
2018,5.0,Usa,Florida,Provoked,Fishing,M,52.0,,"Lemon shark, 3'",Minor injury to foot. PROVOKED INCIDENT,0,fishing,other identified species
2018,5.0,Usa,Florida,Unprovoked,Walking,M,15.0,17.0,"Bull shark, 6'",Lower left leg bitten,0,wading / standing,bull shark
2018,5.0,Usa,Florida,Unprovoked,Standing,M,12.0,14.0,,Minor injury to foot,0,wading / standing,unknown
2018,5.0,Australia,Queensland,Provoked,Feeding sharks,M,32.0,,Grey reef shark,Minor bite to hand by captive shark. PROVOKED INCIDENT,0,other,other identified species
2018,5.0,Usa,South Carolina,Unprovoked,Boogie boarding,M,10.0,,,Injuries to lower right leg and foot,0,surfing,unknown
2018,5.0,Usa,South Carolina,Unprovoked,Swimming,M,10.0,15.0,,Severe bite to right forearm,0,swimming,unknown
2018,5.0,Australia,Westerm Australia,Provoked,Feeding sharks,F,34.0,,"Tawny nurse shark, 2m",Shallow lacerations to finger PROVOKED INCIDENT,0,other,nurse shark
2018,5.0,South Africa,Eastern Cape Province,Unprovoked,Surfing,M,,11.0,,"Minor injury, marks on board",0,surfing,unknown
2018,6.0,Usa,California,Watercraft,Paddling,F,57.0,18.0,White shark,"No injury to occupant, outrigger canoe and paddle damaged",0,surfing,white shark
2018,6.0,Usa,Florida,Provoked,Fishing,M,,,Nurse shark,Injury to fingers while removing hook from shark          PROVOKED INCIDENT,0,fishing,nurse shark
2018,6.0,Usa,Georgia,Unprovoked,Standing,F,11.0,14.0,,Minor injury to left thigh,0,wading / standing,unknown
2018,6.0,Australia,New South Wales,Unprovoked,Surfing,M,,,2 m shark,Minor injury to lower leg,0,surfing,unknown
2018,6.0,Mexico,Colima,Provoked,Free diving,M,,,"Tiger shark, 3m",Lacerations to leg & hand PROVOKED INCIDENT,0,diving / snorkeling,tiger shark
2018,6.0,Australia,New South Wales,Unprovoked,Kite surfing,M,,,,"No injury, board bitten",0,surfing,unknown
2018,6.0,Brazil,Pernambuco,Unprovoked,Swimming,M,18.0,,Tiger shark,FATAL,1,swimming,tiger shark
2018,6.0,Egypt,,Unprovoked,Scuba Diving,M,,,Oceanic whitetip shark,Laceration to right thigh,0,diving / snorkeling,white shark
2018,7.0,Usa,Florida,Unprovoked,Surfing,M,14.0,,,Minor cuts to hand,0,surfing,unknown
2018,7.0,China,Guizhou Province,Provoked,Putting hand in shark tank,F,6.0,,,Lacerations to fingers PROVOKED INCIDENT,0,other,unknown
2018,7.0,Usa,New York,Unprovoked,Boogie Boarding,M,13.0,12.0,Sandtiger shark,Minor puncture wounds to leg,0,surfing,tiger shark
2018,7.0,Usa,New York,Unprovoked,Wading,F,12.0,11.0,Sandtiger shark,Lacerations to lower leg,0,wading / standing,tiger shark
2018,7.0,Usa,California,Provoked,Wading,F,58.0,14.0,"Salmon shark, juvenile",Surf washed the dying shark against her foot PROVOKED INCIDENT,0,wading / standing,unknown
2018,7.0,Usa,Florida,Unprovoked,Wading,M,17.0,15.0,,Foot bitten,0,wading / standing,unknown
2018,7.0,Usa,Florida,Unprovoked,Surfing,M,30.0,15.0,,Lacerations to left foot,0,surfing,unknown
2018,7.0,Usa,Florida,Unprovoked,Surfing,M,14.0,11.0,,Minor injury to foot,0,surfing,unknown
2018,7.0,Usa,South Carolina,Unprovoked,Boogie boarding,F,11.0,14.0,,"Minor injury, puncture marks to left lower leg",0,surfing,unknown
2018,8.0,Usa,California,Unprovoked,Swimming,M,14.0,20.0,5' to 8' shark,Shark bumped chest but no injury,0,swimming,unknown
2018,8.0,Bahamas,Abaco Islands,Unprovoked,Spearfishing,M,29.0,,Reef shark,Lacerations to head and neck,0,spearfishing,other identified species
2018,8.0,Usa,North Carolina,Unprovoked,Surfing,M,14.0,10.0,,Injury to right lower leg,0,surfing,unknown
2018,8.0,Italy,"Chieti, Province",Unprovoked,Playing,M,24.0,,,Calf bitten,0,wading / standing,unknown
2018,8.0,Bahamas,Abaco Islands,Unprovoked,Standing,F,56.0,8.0,Nurse shark,Injury to lower left leg,0,wading / standing,nurse shark
2018,8.0,Usa,Massachusetts,Unprovoked,Swimming,M,61.0,16.0,White shark,"Lacerations to leg, hip and hand",0,swimming,white shark
2018,8.0,Usa,Texas,Unprovoked,Spearfishing,M,42.0,10.0,"Said to involve a bull shark, 5' to 6'",Laceration to right leg above the knee,0,spearfishing,bull shark
2018,8.0,Usa,North Carolina,Unprovoked,Standing,M,16.0,,Said to involve a blacktip shark,Injury to calf,0,wading / standing,blacktip / spinner shark
2018,8.0,Usa,North Carolina,Unprovoked,Swimming/Standing,F,,10.0,,Injury to right calf,0,swimming,unknown
2018,8.0,Egypt,,Unprovoked,Snorkeling,M,42.0,15.0,Tiger shark,FATAL,1,diving / snorkeling,tiger shark
2018,9.0,Usa,California,Unprovoked,Diving,M,13.0,6.0,"White shark, 11'",Traumatic injuries to upper torso,0,diving / snorkeling,white shark
2018,9.0,Australia,Northern Territory,Unprovoked,,M,17.0,,Bull shark,Knee bitten,0,other,bull shark
2018,9.0,Usa,California,Watercraft,Fishing,M,55.0,15.0,White shark,"No injury, shark nicked kayak",0,fishing,white shark
2018,9.0,Fiji,Vanua Levu,Provoked,Diving,M,,15.0,Nurse shark,Abrasion to leg when he kicked the shark PROVOKED INCIDENT,0,diving / snorkeling,nurse shark
2018,9.0,Bahamas,Abaco Islands,Unprovoked,Spearfishing,F,32.0,13.0,Blacktip shark,Lacerations to fingers,0,spearfishing,blacktip / spinner shark
2018,9.0,Jamaica,St. Marys Parish,Unprovoked,Spearfishing,M,43.0,,,FATAL,1,spearfishing,unknown
2018,9.0,Australia,Queensland,Unprovoked,Swimming,F,12.0,13.0,,Serious injury to left thigh,0,swimming,unknown
2018,9.0,Australia,Queensland,Unprovoked,Swimming,F,46.0,17.0,,Serious injury to anterior right thigh,0,swimming,unknown
2018,9.0,Usa,Massachusetts,Unprovoked,Boogie boarding,M,26.0,12.0,White shark,FATAL,1,surfing,white shark
2018,9.0,Usa,Florida,Unprovoked,Surfing,M,39.0,13.0,,Ankle bitten,0,surfing,unknown
2018,9.0,Usa,Hawaii,Unprovoked,Stand-Up Paddleboarding,M,23.0,8.0,"Tiger shark, 10' to 12'",Right arm bitten,0,surfing,tiger shark
2018,9.0,Usa,Florida,Unprovoked,Surfing,M,,9.0,,Calf bitten,0,surfing,unknown
2018,9.0,Ireland,County Cork,Provoked,Fishing,M,40.0,18.0,"Blue shark, 47kg",Forearm bitten by hooked shark PROVOKED INCIDENT,0,fishing,other identified species
2018,10.0,Usa,California,Unprovoked,Kayak fishing,M,,8.0,White shark,"No injury, kayak bitten",0,fishing,white shark
2018,10.0,Australia,Western Australia,Unprovoked,Surfing,M,,9.0,,Knocked off board by a  shark.   No injury,0,surfing,unknown
2018,10.0,Usa,Florida,Unprovoked,Surfing,F,,,3' to 4' shark,Injury to right foot,0,surfing,unknown
2018,10.0,Usa,Florida,Unprovoked,Surfing,M,29.0,,,Minor injury to toe,0,surfing,unknown
2018,10.0,Usa,California,Unprovoked,Diving / Filming,M,,,"White shark, 17' female",Injury to right hand / wrist,0,diving / snorkeling,white shark
2018,10.0,Australia,New South Wales,Unprovoked,Body Surfing,M,50.0,7.0,Bull shark?,Injury to upper right arm,0,surfing,bull shark
2018,10.0,New Zealand,North Island,Unprovoked,Surfing,M,25.0,18.0,"White Shark, 3.2m to 3.5m",Severe lacerations to arm and hand and cut to face,0,surfing,white shark
2018,10.0,Usa,Florida,Unprovoked,Surfing,F,,,Spinner shark,Black eye,0,surfing,blacktip / spinner shark
2018,10.0,Australia,Queensland,Provoked,Fishing,M,55.0,,"""reef shark""",Injury to upper left arm by hooked shark PROVOKED INCIDENT,0,fishing,other identified species
2018,11.0,Australia,New South Wales,Unprovoked,Surfing,M,,18.0,Wobbegong shark,Cut to left foot,0,surfing,other identified species
2018,11.0,Usa,Florida,Unprovoked,Surfing,M,48.0,17.0,,Lacerations to left foot,0,surfing,unknown
2018,11.0,Australia,Northern Territory,Unprovoked,Spearfishing,M,17.0,10.0,Reef shark x 2,Severe lacerations to left arm and right leg,0,spearfishing,other identified species
2018,11.0,Australia,New South Wales,Unprovoked,Surfing,M,24.0,13.0,,Injuries to calf and hand,0,surfing,unknown
2018,11.0,Australia,Queensland,Watercraft,Kayaking,M,31.0,6.0,"Tiger shark, 13'","No injury to occupant, kayak bitten",0,kayaking / boating,tiger shark
2018,11.0,South Africa,KwaZulu-Natal,Unprovoked,Fishing,M,41.0,,"White shark, 3m",Surf-ski bitten but no injury to occupant,0,fishing,white shark
2018,11.0,Australia,Western Australia,Unprovoked,Body Boarding,M,20.0,8.0,Sandtiger shark,Injuries to lower left leg and foot,0,surfing,tiger shark
2018,11.0,Bahamas,Exumas,Unprovoked,Swimming,M,8.0,13.0,Nurse shark,Arc of shallow lacerations to back,0,swimming,nurse shark
2018,11.0,Australia,New South Wales,Unprovoked,Surfing,M,42.0,6.0,5' shark,20 cm injury to left calf,0,surfing,unknown
2018,11.0,Australia,Queensland,Unprovoked,Swimming,M,33.0,17.0,,FATAL,1,swimming,unknown
2018,11.0,Egypt,,Unprovoked,Scuba diving,M,,,Oceanic whitetip shark,Calf muscle removed,0,diving / snorkeling,white shark
2018,12.0,Mexico,Sonora,Unprovoked,Diving,M,35.0,11.0,Tiger shark,FATAL,1,diving / snorkeling,tiger shark
2018,12.0,Australia,New South Wales,Provoked,,M,48.0,11.0,Wobbegong shark,Bitten on foot when he stepped on the shark  PROVOKED INCIDENT,0,other,other identified species
2018,12.0,New Zealand,North Island,Unprovoked,Spearfishing,M,24.0,11.0,"Mako shark, 7'",Injuries to leg and hand,0,spearfishing,other identified species
2018,12.0,New Zealand,North Island,Unprovoked,Spearfishing,M,50.0,8.0,Bronze whaler 2.5m,No injury,0,spearfishing,other identified species
2018,12.0,Australia,New South Wales,Unprovoked,Surfing,M,36.0,7.0,,Five deep lacerations to lower right leg,0,surfing,unknown
2019,,Usa,Guam,Unprovoked,Surfing,M,,,Juvenile shark,Minor injury to left thigh,0,surfing,unknown
2019,,New Zealand,Chatham Islands,Unprovoked,Scuba diving,M,45.0,,"White shark, 3m",Shark rammed him but no injury,0,diving / snorkeling,white shark
2019,,Australia,Tasmania,Unprovoked,Abalone diving,M,,,,Bumped by shark but no injury,0,diving / snorkeling,unknown
2019,,Australia,New South Wales,Unprovoked,Spearfishing,M,18.0,14.0,"Grey nurse shark, 3 m female",3 puncture marks to left forearm,0,spearfishing,nurse shark
2019,1.0,Reunion Island,,Unprovoked,Fishing,M,41.0,9.0,,FATAL,1,fishing,unknown
2019,1.0,Australia,Western Australia,Unprovoked,Swimming,F,15.0,11.0,Wobbegong shark,Minor injury to left foot,0,swimming,other identified species
2019,1.0,Usa,California,Unprovoked,Surfing,M,19.0,10.0,"White shark, 4.6m",Cuts to both lower legs,0,surfing,white shark
2019,2.0,Usa,California,Unprovoked,Surfing,M,,8.0,6' to 7' shark,"No injury, shark bumped leg",0,surfing,unknown
2019,2.0,Australia,New South Wales,Unprovoked,Surfing,M,41.0,6.0,,Lacerations/puncture marks to thigh,0,surfing,unknown
2019,2.0,Brazil,Fernando de Noronha,Unprovoked,Surfing,M,31.0,17.0,Lemon shark,Minor injury to face,0,surfing,other identified species
2019,2.0,Australia,Northern Territory,Unprovoked,Spearfishing,M,25.0,,"Reef shark,",Right forearm bitten,0,spearfishing,other identified species
2019,2.0,Usa,Hawaii,Unprovoked,Surfing,M,,13.0,Tiger shark,Multiple lacerations to leg,0,surfing,tiger shark
2019,2.0,Australia,New South Wales,Unprovoked,Surfing,M,50.0,6.0,,"No injury, surfboard bitten",0,surfing,unknown
2019,2.0,South Africa,KwaZulu-Natal,Watercraft,Fishing,M,,,,"No  injury to occupants, shark bit pontoon causing it to deflate.",0,fishing,unknown
2019,2.0,Usa,Florida,Unprovoked,Spearfishing,M,50.0,10.0,Bull shark,Right wrist and hand injured,0,spearfishing,bull shark
2019,3.0,Usa,Hawaii,Watercraft,Paddling an outrigger canoe,M,74.0,10.0,12' shark,"Shark bit canoe, but injury to occupant may not have been caused by the shark",0,surfing,unknown
2019,3.0,Australia,Queensland,Unprovoked,Swimming,M,25.0,12.0,"Grey reef shark, 4'",Puncture marks to left hip and buttocks,0,swimming,other identified species
2019,3.0,Usa,Florida,Unprovoked,Surfing,M,46.0,16.0,4' shark,Lacerations to foot,0,surfing,unknown
2019,3.0,Mexico,Guerrero,Unprovoked,Swimming,M,32.0,17.0,,20 cm gash to right leg,0,swimming,unknown
2019,3.0,Usa,Hawaii,Unprovoked,Swimming,M,58.0,3.0,Cookiecutter shark,Bite to abdomen,0,swimming,other identified species
2019,3.0,Usa,Florida,Unprovoked,Boogie boarding,M,11.0,14.0,Spinner shark,Lacerations to right foot,0,surfing,blacktip / spinner shark
2019,3.0,Usa,Oregon,Unprovoked,Surfing,M,,8.0,,"No injury, board bitten and dented",0,surfing,unknown
2019,3.0,South Africa,Eastern Cape Province,Provoked,Fishing,M,46.0,16.0,2.5 m shark,Lacerations to arm from shark caught in trawl net  PROVOKED INCIDENT,0,fishing,unknown
2019,4.0,Usa,Hawaii,Unprovoked,Kayaking,F,65.0,8.0,Tiger shark,Injury to right inner thigh,0,kayaking / boating,tiger shark
2019,4.0,Usa,Florida,Unprovoked,,M,25.0,17.0,,Minor injury to leg,0,other,unknown
2019,4.0,Usa,Hawaii,Unprovoked,Swimming,M,23.0,1.0,Cookiecutter shark,Bitten on left shoulder,0,swimming,other identified species
2019,4.0,China,Liaoning Province,Provoked,Diving in shark tank,F,,,Sand tiger shark,"Lacerations to face, chin and scalp",0,diving / snorkeling,tiger shark
2019,5.0,New Caledonia,Bélep Islands,Unprovoked,Fishing,M,43.0,,,FATAL,1,fishing,unknown
2019,5.0,Usa,Hawaii,Unprovoked,Swimming,M,65.0,8.0,,FATAL,1,swimming,unknown
2019,5.0,New Caledonia,Noumea,Unprovoked,Swimming,M,10.0,16.0,"Bull shark, 3.5 m",Leg severed,0,swimming,bull shark
2019,5.0,Usa,New Jersey,Unprovoked,Body Boarding,M,67.0,,Shark involvement unconfirmed but considered probable,No injury,0,surfing,unknown
2019,5.0,Fiji,,Unprovoked,Scuba diving,M,,,"Tiger shark, 4m to 5m",Laceration to head and shark bit diver's tank,0,diving / snorkeling,tiger shark
2019,5.0,Usa,Hawaii,Unprovoked,Surfing,M,,8.0,8' shark,"No injury, knocked of board by shark",0,surfing,unknown
2019,5.0,Australia,Queensland,Unprovoked,Body Surfing,M,53.0,16.0,,Laceration to right ankle,0,surfing,unknown
2019,5.0,Reunion Island,,Unprovoked,Surfing,M,28.0,16.0,,FATAL,1,surfing,unknown
2019,5.0,Usa,Hawaii,Unprovoked,Swimming with sharks,F,34.0,9.0,,Injuries to left arm and hand,0,swimming,unknown
2019,5.0,Usa,California,Unprovoked,Surfing,F,28.0,,White shark,"No injury, shark severed surfboard leash",0,surfing,white shark
2019,5.0,Brazil,Fernando de Noronha,Provoked,Fishing,M,12.0,,Lemon shark pup,Cut to toe from hooked shark PROVOKED INCIDENT,0,fishing,other identified species
2019,5.0,Usa,Florida,Unprovoked,Fishing,M,,18.0,,Injury to leg,0,fishing,unknown
2019,6.0,Usa,Florida,Unprovoked,Surfing,M,18.0,16.0,,Minor injury to foot,0,surfing,unknown
2019,6.0,Bahamas,Lucayan Archipelago,Unprovoked,Snorkeling,F,21.0,14.0,,FATAL,1,diving / snorkeling,unknown
2019,6.0,Bahamas,Abaco Islands,Unprovoked,Spearfishing,M,,,,Lacerations to left calf,0,spearfishing,unknown
2019,6.0,Usa,North Carolina,Unprovoked,Swimming,M,8.0,16.0,,Puncture wounds to leg,0,swimming,unknown
2019,6.0,Usa,Georgia,Unprovoked,Swimming,M,64.0,9.0,"Bull shark, 4' to 5'",Arc of lacerations to bicep,0,swimming,bull shark
2019,6.0,Usa,North Carolina,Unprovoked,Surfing,M,19.0,14.0,,Cuts to right foot,0,surfing,unknown
2019,6.0,Usa,North Carolina,Unprovoked,Standing,F,17.0,12.0,,Severe injuries to leg and hand,0,wading / standing,unknown
2019,7.0,Usa,Hawaii,Unprovoked,Swimming,M,49.0,22.0,Cookiecutter shark,Bite to abdomen & left leg medial thigh,0,swimming,other identified species
2019,7.0,Usa,North Carolina,Provoked,Fishing,M,,,"Blacktip shark, 5'",Arc of punctures to lower right leg by hooked shark PROVOKED INCIDENT,0,fishing,blacktip / spinner shark
2019,7.0,Usa,Florida,Unprovoked,Surfing,M,18.0,13.0,,3 lacerations to left hand,0,surfing,unknown
2019,7.0,Usa,Florida,Unprovoked,Boogie boarding,M,49.0,16.0,,Lacerations to right thigh,0,surfing,unknown
2019,7.0,Usa,Florida,Unprovoked,Surfing,M,23.0,,Blacktip or Spinner shark,Puncture wounds around left elbow,0,surfing,blacktip / spinner shark
2019,7.0,Usa,Rhode Island,Unprovoked,Surfing,M,18.0,18.0,Sandtiger shark,Foot bitten,0,surfing,tiger shark
2019,7.0,Usa,North Carolina,Unprovoked,Body-surfing,F,,16.0,shark pup,Ankle bitten,0,surfing,unknown
2019,7.0,Usa,Florida,Unprovoked,Boogie boarding,F,16.0,7.0,,Foot bitten,0,surfing,unknown
2019,7.0,South Africa,Eastern Cape Province,Unprovoked,Surfing,M,,10.0,"White shark, juvenile",Leg injured,0,surfing,white shark
2019,7.0,Australia,Queensland,Unprovoked,Paddle boarding,M,43.0,8.0,Bull shark pup,Puncture wounds to wrist,0,surfing,bull shark
2019,7.0,Mexico,Quinta Roo,Provoked,Fishing,M,,,,Leg injured,0,fishing,unknown
2019,7.0,Bahamas,Abaco Islands,Unprovoked,Snorkeling,M,32.0,17.0,,Unknown,0,diving / snorkeling,unknown
2019,8.0,Usa,Cayman Islands,Unprovoked,Spearfishing,M,70.0,,Nurse shark,Bite to posterior left knee,0,spearfishing,nurse shark
2019,8.0,Usa,Florida,Unprovoked,,M,,,,Thigh injured,0,other,unknown
2019,8.0,Usa,Florida,Provoked,Surfing,M,40.0,11.0,6.5' shark,Hand and calf bitten when he jumped off surfboard and landed on the shark PROVOKED INCIDENT,0,surfing,unknown
2019,8.0,Usa,Florida,Unprovoked,Wading,M,11.0,9.0,,Foot bitten,0,wading / standing,unknown
2019,8.0,Usa,Hawaii,Unprovoked,Swimming/ Treading water,F,26.0,8.0,,Injury to lower back and right hip,0,swimming,unknown
2019,8.0,Fiji,,Unprovoked,Spearfishing,M,32.0,12.0,Grey reef shark 1.5m,Right arm bitten,0,spearfishing,other identified species
2019,8.0,Usa,Florida,Unprovoked,Wading,M,9.0,11.0,,Puncture marks to lower leg,0,wading / standing,unknown
2019,8.0,Usa,Hawaii,Unprovoked,Surfing,M,16.0,19.0,10' to 12' shark,"No injury, board damaged",0,surfing,unknown
2019,8.0,Usa,Florida,Unprovoked,Standing,M,51.0,15.0,,Minor injuries to right foot,0,wading / standing,unknown
2019,8.0,Usa,Florida,Unprovoked,Surfing,F,21.0,16.0,,Minor cuts to right foot,0,surfing,unknown
2019,8.0,Usa,Florida,Unprovoked,Surfing,M,20.0,15.0,,Bite to left hand and wrist,0,surfing,unknown
2019,8.0,Usa,Florida,Unprovoked,Spearfishing / Diving,M,37.0,,,Laceration to left arm and hands,0,spearfishing,unknown
2019,9.0,Australia,Northern Territory,Provoked,Fishing,M,45.0,,1+ m shark,Hooked shark bit his leg. PROVOKED INCIDENT,0,fishing,unknown
2019,9.0,Usa,Hawaii,Unprovoked,Surfing,F,,9.0,6' to 7' shark,"No injury, back of board bitten",0,surfing,unknown
2019,9.0,Usa,Florida,Unprovoked,Swimming,M,,17.0,,Laceration to arm,0,swimming,unknown
2019,9.0,Usa,Florida,Unprovoked,Surfing,M,13.0,16.0,2' shark,Lacerations to left foot,0,surfing,unknown
2019,9.0,Usa,Hawaii,Unprovoked,Snorkeling,,,10.0,"Galapagos shark, 5'-9'",Minor injuries,0,diving / snorkeling,other identified species
2019,9.0,Usa,South Carolina,Unprovoked,,F,22.0,,,Foot bitten,0,other,unknown
2019,9.0,Australia,Western Australia,Unprovoked,Spearfishing,M,,9.0,14' white shark,"No injury, shark bit swim fin",0,spearfishing,white shark
2019,10.0,Australia,Queensland,Unprovoked,Snorkeling,M,,10.0,Tiger shark,Raddon’s right foot was severed and Maggs sustained serious lacerations to his lower right leg.,0,diving / snorkeling,tiger shark
2019,10.0,Usa,Florida,Provoked,Surfing,M,32.0,12.0,4' to 5' shark,Minor cuts when he jumped off his board and landed on the shark. PROVOKED INCIDENT,0,surfing,unknown
2019,10.0,Australia,Queensland,Unprovoked,Surfing,M,17.0,17.0,7' shark,"No injury, surfboard bitten",0,surfing,unknown
2019,10.0,Usa,Florida,Unprovoked,Surfing,M,20.0,12.0,,Lacerations to right foot,0,surfing,unknown
2019,10.0,Australia,New South Wales,Unprovoked,Surfing,M,29.0,16.0,"White shark, 3.5 m","No injury, surfboard severely damaged",0,surfing,white shark
2019,10.0,Usa,California,Watercraft,Kayaking,M,51.0,16.0,White shark,"No injury, shark bit kayak",0,kayaking / boating,white shark
2019,11.0,Usa,Florida,Unprovoked,Surfing,M,9.0,,Juvenile blacktip shark,"No injury, knocked from his board by the shark",0,surfing,blacktip / spinner shark
2019,11.0,Australia,Queensland,Unprovoked,Snorkeling,M,30.0,18.0,,Lacerations to foot,0,diving / snorkeling,unknown
2019,11.0,Mexico,Guerrero,Provoked,Fishing,M,,15.0,,Lacerations to arm from hooked shark PROVOKED INCIDENT,0,fishing,unknown
2019,11.0,Israel,,Unprovoked,Snorkeling,M,,,,"No injury, swim fin bitten",0,diving / snorkeling,unknown
2019,11.0,French Polynesia,Moorea,Provoked,Feeding sharks,M,9.0,,5' blacktip shark,Multiple lacerations to right arm,0,other,blacktip / spinner shark
2019,11.0,Usa,Florida,Unprovoked,Surfing,M,30.0,,4' to 5' blacktip shark,Lacerations to left foot,0,surfing,blacktip / spinner shark
2019,11.0,Mexico,Baja,Unprovoked,Snorkeling,M,23.0,,,Bite to right forearm,0,diving / snorkeling,unknown
2019,11.0,South Africa,Eastern Cape Province,Watercraft,Kayaking fishing,M,,6.0,"White shark, 4 m","No injury, kayak damaged",0,fishing,white shark
2019,11.0,Usa,California,Unprovoked,Surfing,F,,8.0,Juvenile white shark?,"No inury, knocked from board",0,surfing,white shark
2019,12.0,Australia,Queensland,Unprovoked,Swimming,M,,12.0,"Shovelnose ""shark"" which is a ray, not a shark)",Minor injury to hand,0,swimming,unknown
2019,12.0,Seychelles,Praslin,Unprovoked,Swimming,F,45.0,19.0,,Arm bitten,0,swimming,unknown
2019,12.0,Papua New Guinea,Central Province,Unprovoked,Spearfishing,M,33.0,16.0,,FATAL,1,spearfishing,unknown
2019,12.0,South Africa,Eastern Cape Province,Unprovoked,Surf skiing,M,,7.0,,"No injury, shark bit surf ski",0,surfing,unknown
2019,12.0,New Zealand,Southland,Unprovoked,Boogie boarding,F,17.0,,,Laceration to thigh,0,surfing,unknown
2019,12.0,Usa,California,Unprovoked,Surfing,M,37.0,16.0,,Right leg bitten,0,surfing,unknown
2019,12.0,Australia,Western Australia,Unprovoked,Free diving,M,57.0,9.0,,Arm bitten,0,diving / snorkeling,unknown
2019,12.0,Cuba,Holquin,Unprovoked,Swimming,M,22.0,23.0,,FATAL,1,swimming,unknown
2019,12.0,Usa,Hawaii,Unprovoked,Stand-Up Paddleboarding,M,57.0,10.0,10'-12' tiger shark,"No injury, inflatable paddle board was bitten by the shark",0,surfing,tiger shark
2020,,New Zealand,North Island,Provoked,Kayak fishing,M,,,"White shark, 2.5 to 3 m","PROVOKED INCIDENT No injury, shark nudged kayak repeatedly",0,fishing,white shark
2020,,Bahamas,Exumas,Provoked,Floating,F,24.0,,,PROVOKED INCIDENT  Scratches to left wrist,0,swimming,unknown
2020,1.0,Australia,New South Wales,Unprovoked,Surfing,M,59.0,8.0,"""A small shark""",Laceration ot left ankle and foot,0,surfing,unknown
2020,1.0,New Zealand,Southland,Unprovoked,Surfing,F,13.0,20.0,Broadnose seven gill shark?,Minor injury to lower leg,0,surfing,other identified species
2020,1.0,Usa,North Carolina,Unprovoked,Surfing,M,26.0,14.0,,Lacerations to foot,0,surfing,unknown
2020,1.0,Thailand,Phang Nga Province,Unprovoked,Swimming,M,75.0,7.0,,Calf bitten,0,swimming,unknown
2020,1.0,Australia,Queensland,Unprovoked,Swimming,F,7.0,17.0,Lemon shark,Lacerations to leg,0,swimming,other identified species
2020,1.0,Australia,Western Australia,Unprovoked,Scuba diving,M,57.0,13.0,White shark,FATAL,1,diving / snorkeling,white shark
2020,1.0,New Caledonia,,Unprovoked,,M,12.0,,,Right leg bitten,0,other,unknown
2020,2.0,New Zealand,North Island,Unprovoked,Surfing,M,60.0,11.0,White shark,"Minor injury, surfboard bitten",0,surfing,white shark
2020,2.0,Usa,Maui,Unprovoked,Stand-Up Paddle boarding,M,,9.0,Tiger shark,"No injury, but paddleboard bitten",0,surfing,tiger shark
2020,2.0,French Polynesia,Marquesas,Unprovoked,Canoeing,M,,6.0,,"No injury, but canoe was scratched",0,kayaking / boating,unknown
2020,3.0,Usa,California,Unprovoked,Stand-Up Paddleboarding,M,,,,"No injury, paddleboard bitten",0,surfing,unknown
2020,3.0,Usa,Florida,Unprovoked,Surfing,M,,12.0,,Left foot bitten,0,surfing,unknown
2020,3.0,Usa,Florida,Unprovoked,Surfing,M,,10.0,,Left foot bitten when he jumped on the shark  PROVOKED INCIDENT,0,surfing,unknown
2020,3.0,Australia,Queensland,Unprovoked,,F,,,,Arm injured,0,other,unknown
2020,3.0,Fiji,Vanua Levu,Unprovoked,Spearfishing,M,26.0,,,Lacerations to right elbow,0,spearfishing,unknown
2020,4.0,Australia,New South Wales,Unprovoked,Swimming,F,,8.0,,Lacerations to foot,0,swimming,unknown
2020,4.0,Usa,Florida,Unprovoked,Surfing,F,,10.0,"Bull shark, 6'",Foot bitten,0,surfing,bull shark
2020,4.0,Australia,Queensland,Unprovoked,Swimming,M,23.0,17.0,,FATAL,1,swimming,unknown
2020,4.0,Australia,New South Wales,Unprovoked,Surfing,M,38.0,10.0,6' shark,Right hand bitten,0,surfing,unknown
2020,5.0,Bahamas,Abaco Islands,Unprovoked,Spearfishing,M,,,"Bull shark, 8'",Lacerations to left hand,0,spearfishing,bull shark
2020,5.0,Australia,Queensland,Unprovoked,Spearfishing,M,18.0,,Bull shark,"No injury, swim fin bitten",0,spearfishing,bull shark
2020,5.0,Thailand,"Muang district of Satun province,",Unprovoked,Playing,M,12.0,,Bull shark,Left foot bitten,0,wading / standing,bull shark
2020,5.0,Spain,Canary Islands,Unprovoked,Playing,M,9.0,,Angel shark,Lacerations to both feet,0,wading / standing,unknown
2020,5.0,French Polynesia,Tahiti,Unprovoked,Snorkeling,,,,Blacktip shark,Leg bitten,0,diving / snorkeling,blacktip / spinner shark
2020,5.0,Usa,California,Unprovoked,Surfing,M,26.0,13.0,White shark,FATAL,1,surfing,white shark
2020,5.0,Australia,Victoria,Unprovoked,Surfing,M,,16.0,,Leg injured,0,surfing,unknown
2020,5.0,Usa,California,Unprovoked,Swimming,F,57.0,14.0,5' to 6' shark,2 lacerations to foot,0,swimming,unknown
2020,6.0,Usa,Florida,Unprovoked,Playing,M,7.0,,Juvenile bull shark?,Cuts to lower leg,0,wading / standing,bull shark
2020,6.0,Usa,North Carolina,Unprovoked,Body Surfing,M,16.0,16.0,,Injury to thigh,0,surfing,unknown
2020,6.0,Bahamas,Exumas,Unprovoked,,,,,,,0,other,unknown
2020,6.0,South Africa,KwaZulu-Natal,Unprovoked,Surf skiing,F,,14.0,,"No inury, ski damaged",0,surfing,unknown
2020,6.0,New Caledonia,South Province,Unprovoked,Windsurfing,M,30.0,,Tiger shark,FATAL,1,surfing,tiger shark
2020,6.0,Australia,New South Wales,Unprovoked,Surfing,M,60.0,10.0,"White shark, 3.5 m",FATAL,1,surfing,white shark
2020,6.0,Usa,Hawaii,Unprovoked,Surfing,M,,8.0,Tiger shark?,Cut to index finger of hand,0,surfing,tiger shark
2020,7.0,Usa,Florida,Unprovoked,Surfing,F,22.0,17.0,,Lacerations to foot,0,surfing,unknown
2020,7.0,Usa,Alabama,Unprovoked,Swimming,M,14.0,13.0,Blacktip or Spinner shark,Lacerations to foot and toes,0,swimming,blacktip / spinner shark
2020,7.0,Australia,Western Australia,Unprovoked,Surfing,M,28.0,14.0,"White shark, 4m",Lacerations to leg,0,surfing,white shark
2020,7.0,Usa,Florida,Unprovoked,Diving,M,38.0,,"Lemon shark, 8'",Lower leg bitten,0,diving / snorkeling,other identified species
2020,7.0,French Polynesia,Tuamotu Islands,Unprovoked,Swimming,M,4.0,,"Blacktip reef shark, juvenile",Leg bitten,0,swimming,blacktip / spinner shark
2020,7.0,Usa,Maine,Unprovoked,Swimming,F,63.0,15.0,"White shark, 11'?",FATAL,1,swimming,white shark
2020,7.0,Usa,Bahamas,Unprovoked,Spearfishing,M,23.0,12.0,"Reef shark, 5' to 6 '",Lacerations to legs,0,spearfishing,other identified species
2020,7.0,Usa,Florida,Unprovoked,Standing,M,11.0,,,Foot bitten,0,wading / standing,unknown
2020,7.0,Usa,North Carolina,Unprovoked,Treading water,M,,17.0,Bull shark. 6.5',Left calf & foot bitten,0,swimming,bull shark
2020,7.0,Usa,Florida,Unprovoked,Wading,F,12.0,,,Right leg bitten,0,wading / standing,unknown
2020,7.0,Australia,Tasmania,Unprovoked,Fishing,M,10.0,13.0,White shark,"Lacerations to arm, head & chest",0,fishing,white shark
2020,7.0,Usa,Florida,Unprovoked,Wading,F,14.0,,"Bull shark, 4' to 6'",Severe bite to right foot,0,wading / standing,bull shark
2020,7.0,Australia,Queensland,Unprovoked,Snorkeling,F,29.0,11.0,2 m shark,Injury to lower left leg and ankle,0,diving / snorkeling,unknown
2020,7.0,Australia,New South Wales,Unprovoked,Surfing,M,15.0,14.0,"White shark, 2.5 m",FATAL,1,surfing,white shark
2020,7.0,Usa,Florida,Unprovoked,Surfing,F,15.0,8.0,,Minor injury to right foot,0,surfing,unknown
2020,7.0,Australia,Queensland,Unprovoked,Spearfishing,M,36.0,14.0,,FATAL,1,spearfishing,unknown
2020,8.0,Australia,New South Wales,Watercraft,Fishing / Filming sharks feeding on whale carcass,,,,White shark,"Shark bit boat, no injury to occupant",0,fishing,white shark
2020,8.0,Usa,South Carolina,Unprovoked,Surfing,M,12.0,11.0,,Injury to right foot and ankle,0,surfing,unknown
2020,8.0,Usa,California,Unprovoked,Kayak fishing,M,,,White shark,"No injury, kayak damaged",0,fishing,white shark
2020,8.0,Usa,Florida,Unprovoked,Standing,M,23.0,15.0,,Minor injury to foot,0,wading / standing,unknown
2020,8.0,Usa,Florida,Unprovoked,Surfing,M,14.0,,4' to 5' shark,Lacerations to sole of left foot,0,surfing,unknown
2020,8.0,Usa,Florida,Unprovoked,Boogie boarding,F,50.0,11.0,,Minor lacerations to left leg,0,surfing,unknown
2020,8.0,Australia,New South Wales,Unprovoked,Surfing,F,35.0,9.0,"White shark, 2-to 3m",Lacerations to right calf and posterior thigh,0,surfing,white shark
2020,8.0,Usa,Florida,Provoked,Fishing,M,55.0,16.0,"Blacktip shark, 6'",Injury to left forearm by hooked shark PROVOKED INCIDENT,0,fishing,blacktip / spinner shark
2020,8.0,Usa,Virgin Islands,Unprovoked,Snorkeling,F,,14.0,"Nurse shark, 5'",Lacerations to hand and wrist,0,diving / snorkeling,nurse shark
2020,8.0,Usa,North Carolina,Unprovoked,Surfing,M,54.0,14.0,,"No Injury, but board bitten",0,surfing,unknown
2020,9.0,Usa,Florida,Provoked,,M,,,Small nurse shark,Minor lacerations to right foot when he stepped on the shark PROVOKED INCIDENT,0,other,nurse shark
2020,9.0,Usa,Florida,Unprovoked,Snorkeling,M,30.0,10.0,Bull shark,Severe bite to shoulder,0,diving / snorkeling,bull shark
2020,9.0,Australia,Queensland,Provoked,Fishing,M,,16.0,"""whitetip shark""",Arm bitten by hooked shark PROVOKED INCIDENT,0,fishing,white shark
2020,9.0,Australia,New South Wales,Unprovoked,Foil-boarding,M,,,White shark,"No injury, board bitten",0,surfing,white shark
2020,9.0,Usa,Florida,Unprovoked,Surfing,M,15.0,10.0,,Cuts to right hand and wrist,0,surfing,unknown
2020,9.0,Usa,Florida,Unprovoked,Surfing,M,25.0,8.0,,Left arm bitten,0,surfing,unknown
2020,9.0,Australia,Queensland,Unprovoked,Surfing,M,46.0,17.0,"White shark, 3m",FATAL,1,surfing,white shark
2020,9.0,Usa,Hawaii,Unprovoked,Snorkeling,F,70.0,16.0,8' shark,Ankle bitten,0,diving / snorkeling,unknown
2020,9.0,Usa,Florida,Unprovoked,,M,,,"Nurse shark, juvenile",Minor injury to forearm,0,other,nurse shark
2020,10.0,Usa,Florida,Unprovoked,Swimming,M,17.0,16.0,"Blacktip shark, 6' to 7'",Minor injuries,0,swimming,blacktip / spinner shark
2020,10.0,Bahamas,Grand Bahama Island,Unprovoked,Spearfishing,M,,,"""Reef shark""",Hand/wrist bitten,0,spearfishing,other identified species
2020,10.0,Usa,"Franklin County, Florida",Unprovoked,Surfing,M,,13.0,,Hand bitten,0,surfing,unknown
2020,10.0,Egypt,South Sinai,Unprovoked,Snorkeling,,,,,"Boy lost arm, dive guide lost leg,",0,diving / snorkeling,unknown
2020,10.0,Australia,Queensland,Unprovoked,Spearfishing,M,59.0,12.0,,Severe injury to thigh,0,spearfishing,unknown
2020,10.0,Australia,Western Australia,Unprovoked,Surfing,M,52.0,10.0,4m shark,FATAL,1,surfing,unknown
2020,10.0,Usa,Florida,Unprovoked,Body Surfing,M,31.0,,Blacktip shark,Laceration to lower leg,0,surfing,blacktip / spinner shark
2020,10.0,Australia,Western Australia,Unprovoked,Surfing,M,17.0,10.0,Bronze whaler 1.5m,"No injury, knocked off board when shark grabbed his leg rope",0,surfing,other identified species
2020,11.0,Usa,Hawaii,Unprovoked,Snorkeling,F,35.0,14.0,,Severe injury to torso,0,diving / snorkeling,unknown
2020,11.0,New Caledonia,South Province,Unprovoked,Snorkeling,F,,,"Tiger shark, 4m",Three 3-inch lacerations to thigh,0,diving / snorkeling,tiger shark
2020,11.0,Australia,Western Australia,Unprovoked,Body boarding,M,59.0,8.0,Bull shark,FATAL,1,surfing,bull shark
2020,11.0,Australia,New South Wales,Unprovoked,Surfing,M,13.0,6.0,,"Minor injury to left foot, leg and finger",0,surfing,unknown
2020,12.0,Usa,California,Unprovoked,Swimming,M,,,White shark,No injury. Swim fin bittten,0,swimming,white shark
2020,12.0,Maldives,Raa Atoll,Unprovoked,Fell off fishing boat,M,40.0,9.0,,Injuries to leg,0,fishing,unknown
2020,12.0,St Martin,,Unprovoked,Swimming,F,39.0,14.0,Tiger shark,FATAL,1,swimming,tiger shark
2020,12.0,Australia,Western Australia,Unprovoked,Surfing,M,,7.0,,"No injury, Board bitten",0,surfing,unknown
2020,12.0,Usa,Hawaii,Unprovoked,Surfing,M,56.0,7.0,"Tiger shark. 14'3""",FATAL,1,surfing,tiger shark
2020,12.0,Usa,Oregon,Unprovoked,Surfing,M,20.0,15.0,,Non-life-threatening to left lower leg & foot,0,surfing,unknown
2020,12.0,Australia,South Australia,Unprovoked,Surfing,M,29.0,14.0,White shark,Non-life-threatening injuries to buttock and thigh,0,surfing,white shark
2020,12.0,Egypt,South Sinai,Unprovoked,Scuba diving,F,42.0,,Oceanic whitetip shark,Left shoulder bitten,0,diving / snorkeling,white shark
2021,,Australia,Queensland,Unprovoked,Spearfishing,M,24.0,10.0,Bull shark,Laceration to leg,0,spearfishing,bull shark
2021,,Mexico,Quintana Roo,Unprovoked,Diving,M,14.0,,,Lacerations,0,diving / snorkeling,unknown
2021,,Bahamas,,Provoked,Jackass Team's publicity stunt for Discovery Channel's Shark Week 2021,M,,,,Lacerations to right hand  PROVOKED INCIDENT,0,other,unknown
2021,1.0,Australia,Western Australia,Unprovoked,Swimming,F,46.0,10.0,,Puncture wounds to foot,0,swimming,unknown
2021,1.0,New Zealand,North Island,Unprovoked,Swimming,M,61.0,20.0,Juvenile shark,Minor puncture wound to arm,0,swimming,unknown
2021,1.0,Australia,New South Wales,Unprovoked,Swimming,M,58.0,18.0,,Severe lacerations to left arm,0,swimming,unknown
2021,1.0,Usa,Florida,Watercraft,Fishing,,,,White shark,No injury to occupants,0,fishing,white shark
2021,1.0,Usa,Hawaii,Unprovoked,Snorkeling,M,73.0,7.0,"8"" shark",Puncture wounds to left calf,0,diving / snorkeling,unknown
2021,1.0,Australia,South Australia,Unprovoked,Snorkeling,M,32.0,17.0,White shark,FATAL,1,diving / snorkeling,white shark
2021,1.0,Australia,Western Australia,Unprovoked,Swimming,M,57.0,,3m Bull shark,Serious injury to left leg,0,swimming,bull shark
2021,1.0,Brazil,Pernambuco,Unprovoked,Surfing,M,52.0,,,Puncture wounds to right hand,0,surfing,unknown
2021,1.0,Australia,Western Australia,Unprovoked,Swimming,M,54.0,7.0,"Bull shark, 6.5 to 10 '",Severe injury to leg and broken him,0,swimming,bull shark
2021,1.0,Australia,Victoria,Unprovoked,Swimming,M,7.0,17.0,,Injury to leg,0,swimming,unknown
2021,1.0,St Kitts / Nevis,The Narrows,Unprovoked,Swimming / Kayaking,F,26.0,9.0,,"Severe injury to left leg, resulting in amputation above the knee",0,swimming,unknown
2021,1.0,New Zealand,North Island,Unprovoked,Swimming,F,19.0,17.0,,FATAL,1,swimming,unknown
2021,1.0,Usa,Florida,Unprovoked,Surfing,M,19.0,10.0,,"No injury, board damaged",0,surfing,unknown
2021,1.0,Usa,Florida,Unprovoked,Surfing,M,17.0,10.0,,1.5 cut to ankle,0,surfing,unknown
2021,1.0,Usa,Hawaii,Unprovoked,Swimming,F,68.0,8.0,,Significant injury to right lower leg,0,swimming,unknown
2021,2.0,New Caledonia,,Unprovoked,Swimming,M,57.0,11.0,"Tiger shark, 4 m",Right leg bitten but death due to heart attack,1,swimming,tiger shark
2021,2.0,Australia,Queensland,Provoked,Fishing,M,,17.0,"Bull shark, 80cm",Superficial wound       PROVOKED INCIDENT,0,fishing,bull shark
2021,2.0,Usa,Hawaii,Unprovoked,Surfing,M,,16.0,,"No injury, surfboard bitten",0,surfing,unknown
2021,2.0,Australia,South Australia,Watercraft,Surf skiing,M,17.0,19.0,Bronze whaler shark,"No injury, surf ski bitten",0,surfing,other identified species
2021,2.0,Usa,Maui,Watercraft,Kayaking,M,,14.0,White shark,"No injury, kayak bitten",0,kayaking / boating,white shark
2021,3.0,Usa,Florida,Unprovoked,,M,,13.0,,Cuts to both feet,0,other,unknown
2021,3.0,Australia,Western Australia,Unprovoked,Spearfishing,M,27.0,12.0,"Whaler or bull shark, 2m",Injury to calf,0,spearfishing,bull shark
2021,3.0,French Polynesia,Marquesas,Unprovoked,Swimming,M,10.0,,,,0,swimming,unknown
2021,3.0,Usa,Florida,Unprovoked,,F,16.0,11.0,3' to 5' shark,"Injuries to hands, arm and knees",0,other,unknown
2021,3.0,Usa,Florida,Unprovoked,Swimming,M,7.0,,,Lacerations to right hand,0,swimming,unknown
2021,3.0,Usa,Florida,Unprovoked,Body surfing,M,9.0,14.0,,Left shoulder bitten,0,surfing,unknown
2021,3.0,Australia,Western Australia,Unprovoked,Paddle boarding,M,75.0,15.0,"Blacktip whaler,      Carcharhinus tilstoni, 2m","No injury, board bitten",0,surfing,blacktip / spinner shark
2021,3.0,Usa,Florida,Unprovoked,Wading,M,20.0,,"Blacktip shark, 6'",Left forearm bitten,0,wading / standing,blacktip / spinner shark
2021,3.0,New Caledonia,Loyalty Islands,Unprovoked,Spearfishing,M,16.0,,Tiger shark,Left leg bitten,0,spearfishing,tiger shark
2021,4.0,Usa,Florida,Unprovoked,Surfing,F,64.0,9.0,,Foot bitten,0,surfing,unknown
2021,4.0,Usa,Florida,Unprovoked,Boggie boarding,M,54.0,,,Right leg bitten,0,surfing,unknown
2021,4.0,French Polynesia,Tahiti,Unprovoked,Canoeing,M,25.0,8.0,,"No injury, canoe bitten",0,kayaking / boating,unknown
2021,4.0,New Caledonia,,Unprovoked,Stand Up Paddleboarding,M,53.0,,,FATAL,1,surfing,unknown
2021,4.0,Usa,Hawaii,Unprovoked,Swimming,F,57.0,8.0,Tiger shark,Puncture wound to knee,0,swimming,tiger shark
2021,4.0,Australia,Western Australia,Unprovoked,,M,,15.0,,Laceration to foot,0,other,unknown
2021,4.0,Usa,North Carolina,Provoked,Tagging sharks,,,,"Mako shark, 4 juvenile","No injury to occupants, shark bit boat after being tagged",0,other,other identified species
2021,4.0,South Africa,KwaZulu-Natal,Unprovoked,Spearfishing,M,38.0,,1.3m shark,Minor injury to head,0,spearfishing,unknown
2021,4.0,South Africa,Eastern Cape Province,Unprovoked,Body boarding,M,38.0,11.0,White shark,FATAL,1,surfing,white shark
2021,4.0,Usa,Florida,Unprovoked,Swimming,M,36.0,,,1-inch cut to leg,0,swimming,unknown
2021,5.0,New Caledonia,Nouville,Provoked,Spearfishing,M,,,,Presumed fatal  PROVOKED INCIDENT,1,spearfishing,unknown
2021,5.0,Usa,South Carolina,Unprovoked,Swimming,M,26.0,,5' shark,Minor injuries to foot and ankle,0,swimming,unknown
2021,5.0,Australia,Western Australia,Unprovoked,Spearfishing,M,48.0,11.0,,Lacerations to right hand and forearm,0,spearfishing,unknown
2021,5.0,Australia,New South Wales,Unprovoked,Surfing,M,59.0,11.0,"White shark, 4.5 m",FATAL,1,surfing,white shark
2021,5.0,Usa,Hawaii,Unprovoked,Kite Foiling,M,35.0,16.0,5 to 8-ff tiger shark,2- to 3-inch cuts to posterior thigh,0,surfing,tiger shark
2021,5.0,Belize,Ambergris Key,Provoked,Baiting sharks,M,57.0,10.0,8 ft shark,Right hand bitten,0,other,unknown
2021,5.0,Usa,Florida,Unprovoked,Wading,F,21.0,11.0,,Nick on foot,0,wading / standing,unknown
2021,5.0,Usa,Hawaii,Unprovoked,Surfing,M,14.0,16.0,5.5 ft shark,Lacerations to shin and calf,0,surfing,unknown
2021,5.0,Jamaica,Westmoreland Parish,Unprovoked,Spearfishing,M,53.0,8.0,,FATAL,1,spearfishing,unknown
2021,6.0,Usa,California,Unprovoked,Canoeing,M,15.0,7.0,,Hand injured,0,kayaking / boating,unknown
2021,6.0,Usa,North Carolina,Unprovoked,Swimming,F,7.0,11.0,,Calf bitten,0,swimming,unknown
2021,6.0,Usa,California,Unprovoked,Swimming,M,38.0,9.0,"White shark, 6' to 8'",Posterior right thigh bitten,0,swimming,white shark
2021,6.0,Jordan,Aqaba,Unprovoked,Parasailing,M,36.0,,,Foot bitten,0,kayaking / boating,unknown
2021,6.0,Australia,Western Australia,Unprovoked,Surfing,M,25.0,14.0,,Lacerations to calf and ankle,0,surfing,unknown
2021,6.0,Usa,Florida,Unprovoked,Standing,M,12.0,15.0,,Left arm bitten,0,wading / standing,unknown
2021,6.0,Usa,Florida,Unprovoked,Swimming,M,14.0,14.0,7' to 8' shark,"""superficial injuries:",0,swimming,unknown
2021,6.0,Usa,Florida,Unprovoked,Standing,M,12.0,,,Right calf bitten,0,wading / standing,unknown
2021,6.0,Usa,Florida,Unprovoked,Standing,M,71.0,,,Minor injury to right foot,0,wading / standing,unknown
2021,6.0,England,West Sussex,Provoked,Fishing,M,51.0,,"Tope shark, 6'",Calf bitten by hooked shark PROVOKED INCIDENT,0,fishing,unknown
2021,6.0,Australia,Western Australia,Unprovoked,Snorkeling,M,10.0,11.0,"Bronze whaler shark, 2 m",Foot bitten,0,diving / snorkeling,other identified species
2021,7.0,Usa,Florida,Provoked,Fishing,M,47.0,11.0,,Hands bitten while attempting to unhook shark               PROVOKED INCIDENT,0,fishing,unknown
2021,7.0,Usa,North Carolina,Unprovoked,Standing,M,15.0,13.0,,Lower left leg bitten,0,wading / standing,unknown
2021,7.0,Usa,Georgia,Unprovoked,Surfing,M,58.0,,small blacktip shark,Lower left leg bitten,0,surfing,blacktip / spinner shark
2021,7.0,Australia,Western Australia,Provoked,Fishing,M,34.0,20.0,"Sickelfin lemon shark, 3m",Leg bitten when he jumped on the sharkPROVOKED INCIDENT,0,fishing,other identified species
2021,7.0,Usa,New York,Unprovoked,Swimming,M,,11.0,A small shark,Minor injury to calf,0,swimming,unknown
2021,7.0,Brazil,Pernambuco,Unprovoked,Squatting in the water,M,32.0,,,Lacerations to poster thigh and buttock,0,other,unknown
2021,7.0,Thailand,Chanthaburi Province,Provoked,Moving captive shark,M,55.0,,"Bull shark, +100kg",Lacerations to lower right leg PROVOKED INCIDENT,0,other,bull shark
2021,7.0,Usa,California,Unprovoked,Surfing,F,,,,No injury,0,surfing,unknown
2021,7.0,Australia,Western Australia,Unprovoked,Surfing,M,,12.0,"White shark, 3m","No injury, knocked off board by shark",0,surfing,white shark
2021,7.0,Usa,Florida,Unprovoked,Boogie boarding,M,11.0,16.0,,Leg bitten,0,surfing,unknown
2021,7.0,South Africa,Eastern Cape Province,Unprovoked,Surfing,M,38.0,7.0,,Injuries to leg and torso,0,surfing,unknown
2021,7.0,Usa,Florida,Unprovoked,Playing,F,9.0,16.0,"Spinner shark, 4'?",Right foot bitten,0,wading / standing,blacktip / spinner shark
2021,7.0,Usa,Florida,Unprovoked,Spearfishing,M,36.0,,,Shark involvement prior to death not confirmed,1,spearfishing,unknown
2021,7.0,Brazil,Pernambuco,Unprovoked,Wading,M,51.0,13.0,,FATAL,1,wading / standing,unknown
2021,7.0,Australia,New South Wales,Unprovoked,Surfing,M,25.0,16.0,"White shark, 3m",Left forearm broken & lacerated,0,surfing,white shark
2021,7.0,Usa,Florida,Unprovoked,Standing,M,8.0,16.0,2' to 3' shark,Puncture wound to calf,0,wading / standing,unknown
2021,7.0,Usa,BAHAMAS,Provoked,Spearfishing,F,19.0,,Said to involve a bull shark,PROVOKED INCIDENT Lacerations to right hand,0,spearfishing,bull shark
2021,7.0,Ecuador,Galapagos,Unprovoked,Diving,M,31.0,,Galapagos shark,Single bite to right thigh,0,diving / snorkeling,other identified species
2021,8.0,Usa,Texas,Unprovoked,Boogie boarding,M,,11.0,,Lacerations both sides of lower leg immediately above the ankle,0,surfing,unknown
2021,8.0,Usa,Florida,Unprovoked,Surfing,M,41.0,6.0,Bull shark,Left ankle and foot bitten,0,surfing,bull shark
2021,8.0,Canada,Nova Scotia,Unprovoked,Swimming,F,21.0,17.0,,Thigh injured,0,swimming,unknown
2021,8.0,Australia,Queensland,Provoked,Harassing sharks,M,,,,"No Injury, jet ski bitten PROVOKED INCIDENT",0,other,unknown
2021,8.0,Usa,Florida,Unprovoked,Surfing,M,35.0,10.0,,Minor cuts to right foot and ankle,0,surfing,unknown
2021,8.0,Usa,Florida,Unprovoked,Snorkeling,M,15.0,7.0,,Lacerations to legs,0,diving / snorkeling,unknown
2021,8.0,Usa,South Carolina,Unprovoked,,M,,11.0,Blacktip shark,Lacerations to lower body,0,other,blacktip / spinner shark
2021,8.0,Usa,Maryland,Unprovoked,Swimming,F,12.0,15.0,Blacktip shark,Lacerations and puncture wounds to lower left leg,0,swimming,blacktip / spinner shark
2021,9.0,Usa,Florida,Unprovoked,Surfing,M,,13.0,,Minor injury to right arm,0,surfing,unknown
2021,9.0,Australia,New South Wales,Unprovoked,Surfing,M,31.0,10.0,White xhark,FATAL,1,surfing,white shark
2021,9.0,British Overseas Territory,Turks and Caicos,Unprovoked,,M,,,,Wrist bitten,0,other,unknown
2021,9.0,Usa,Louisiana,Unprovoked,"Fishing, fell in water",M,64.0,14.0,,Severe injury to leg,0,fishing,unknown
2021,10.0,Australia,Queensland,Unprovoked,Swimming,M,34.0,,,Lacerations and puncture to left leg,0,swimming,unknown
2021,10.0,Usa,Florida,Unprovoked,Surfing,M,25.0,,,`Left foot bitten,0,surfing,unknown
2021,10.0,Usa,Florida,Unprovoked,Swimming,M,,12.0,,Injury to lower left leg,0,swimming,unknown
2021,10.0,Usa,California,Unprovoked,Surfing,M,38.0,9.0,,Injury to posterior left thigh,0,surfing,unknown
2021,11.0,Usa,Hawaii,Unprovoked,Spearfishing,F,27.0,10.0,,Leg bitten,0,spearfishing,unknown
2021,11.0,Australia,Western Australia,Unprovoked,Swimming,M,57.0,10.0,,FATAL,1,swimming,unknown
2021,11.0,Brazil,São Paulo.,Unprovoked,Swimming,M,,,,Laceration to lower right leg,0,swimming,unknown
2021,11.0,New Zealand,North Island,Unprovoked,Surfing,M,26.0,,Broadnose seven gill shark,Fingers lacerated,0,surfing,other identified species
2021,12.0,New Zealand,South Island,Unprovoked,Swimming,F,9.0,,,Laceration to big toe,0,swimming,unknown
2021,12.0,Usa,Los Angeles,Unprovoked,Boogie Boarding,M,31.0,,Great White Shark,Fatal bite to chest,1,surfing,white shark
2021,12.0,Usa,Florida,Unprovoked,Wing Foil Surfing,F,42.0,,Blacktip or spinner shark,Punctures to leg,0,surfing,blacktip / spinner shark
2021,12.0,Australia,Victoria,Unprovoked,Swimmingq,F,15.0,19.0,,Lacerations to right calf and hand,0,swimming,unknown
2021,12.0,Australia,Victoria,Unprovoked,Swimming,M,15.0,19.0,,Lacerations to back,0,swimming,unknown
2021,12.0,Usa,Hawaii,Unprovoked,Surfing,M,,,Blacktip reef shark,Arm bitten,0,surfing,blacktip / spinner shark
2022,,Australia,,Unprovoked,Paddleboarding,M,32.0,,,"No injury, knocked off board by shark chasing a turtle",0,surfing,unknown
2022,,Bahamas,,Provoked,,F,37.0,,Nurse shark,Minor injury,0,other,nurse shark
2022,1.0,Australia,New South Wales,Unprovoked,Swimming,M,,,Wobbegong shark,Foot bitten,0,swimming,other identified species
2022,1.0,Australia,Western Australia,Unprovoked,Snorkeling,M,,,Wobbegong shark,"Knees, ankles & feet bitten",0,diving / snorkeling,other identified species
2022,1.0,South Africa,KwaZulu-Natal,Provoked,Fishing for sharks,M,,7.0,,"PROVOKED INCIDENT               No injury to occupants, shark bit ski",0,fishing,unknown
2022,1.0,New Zealand,South Island,Unprovoked,Swimming,F,13.0,16.0,Sevengill shark,Puncture wounds,0,swimming,other identified species
2022,1.0,Usa,Florida,Unprovoked,Wing Foil Surfing,F,42.0,14.0,Blacktip or spinner shark,Punctures to leg,0,surfing,blacktip / spinner shark
2022,1.0,Australia,New South Wales,Unprovoked,,F,42.0,6.0,,Minor lacerations to lower thigh,0,other,unknown
2022,1.0,Australia,Western Australia,Unprovoked,Surfing,M,,,,"No injury, knocked off board",0,surfing,unknown
2022,2.0,Usa,California,Unprovoked,Boogie boarding,M,42.0,11.0,White shark,FATAL,1,surfing,white shark
2022,2.0,Australia,Queensland,Unprovoked,Fihing,M,,,"Tiger shark, 3 m",Lacerations to left thigh,0,other,tiger shark
2022,2.0,Australia,New South Wales,Unprovoked,Swimming,M,36.0,16.0,,FATAL,1,swimming,unknown
2022,2.0,Mexico,Sonora,Unprovoked,Surface Supplied  Diving,M,56.0,10.0,3m shark,FATAL,1,surfing,unknown
2022,2.0,Usa,Florida,Unprovoked,Surfing,M,18.0,17.0,,Puncture wounds to foot,0,surfing,unknown
2022,2.0,Australia,Western Australia,Unprovoked,Floating in inflatable pool ring,F,20.0,11.0,White shark,Torso bitten,0,swimming,white shark
2022,3.0,Usa,Florida,Provoked,Fishing,M,,,,Knee bitten                    PROVOKED INCIDENT,0,fishing,unknown
2022,3.0,Columbia,Isla De San Andres,Unprovoked,Swimming,M,56.0,,Tiger shark,FATAL,1,swimming,tiger shark
2022,3.0,New Zealand,South Island,Unprovoked,Surfing,M,,,,"No injury, shark leapt on surfboard",0,surfing,unknown
2022,3.0,Australia,New South Wales,Unprovoked,Surfing,M,32.0,15.0,Bull shark,Lacerations and punctures to leg and foot,0,surfing,bull shark
2022,3.0,Australia,New South Wales,Unprovoked,Swimming,M,,16.0,,,0,swimming,unknown
2022,3.0,Usa,Florida,Unprovoked,Surfing,M,20.0,15.0,,Bite to right foot,0,surfing,unknown
2022,3.0,Usa,Florida,Provoked,Fishing,M,21.0,15.0,"Blacktip shark, 5' to 6'",Minor injuries to knee and calf of left leg                            PROVOKED INCIDENT,0,fishing,blacktip / spinner shark
2022,3.0,Australia,New South Wales,Unprovoked,Surfing,M,,7.0,,"No injury, board bitten",0,surfing,unknown
2022,4.0,French Polynesia,Tahiti,Unprovoked,,M,22.0,,"Tiger shark, 2 to 2.5m",Cut to knee,0,other,tiger shark
2022,4.0,Usa,Florida,Unprovoked,,M,56.0,16.0,,Laceration to lower leg,0,other,unknown
2022,4.0,Usa,Alabama,Unprovoked,Swimming,M,17.0,,,Bite to right foot,0,swimming,unknown
2022,4.0,Usa,Florida,Unprovoked,Standing,M,,16.0,4' shark,Bite near big toe,0,wading / standing,unknown
2022,4.0,Usa,New Jersey,Provoked,Feeding sharks & stingrays,F,12.0,,Epaulette shark,Finger nipped by captive shark PROVOKED INCIDENT,0,other,unknown
2022,4.0,Usa,Florida,Unprovoked,Kayaking,M,,10.0,,No injury to occupants. Kayak bitten,0,kayaking / boating,unknown
2022,5.0,Australia,Western Australia,Unprovoked,Surfing,,,,"Bronze whaler shark, 2m",Knocked off board by a  shark.   No injury,0,surfing,other identified species
2022,5.0,Australia,Western Australia,Unprovoked,Diving,M,20.0,,Bull shark,No Injury,0,diving / snorkeling,bull shark
2022,5.0,Belize,Ambergris Cay,Provoked,Spearfishing,M,,,5' shark,Right hand and forearm bitten PROVOKED INCIDENT,0,spearfishing,unknown
2022,5.0,Maldives,,Unprovoked,Fishing,M,62.0,,,Right cakf bitten when he fell overboard,0,fishing,unknown
2022,5.0,French Polynesia,Bora Bora,Unprovoked,,,,,,Hand bitten,0,other,unknown
2022,5.0,Usa,Georgia,Provoked,Fishing,M,,19.0,Atlantic blacktip shark,Thumb bitten by hooked shark PROVOKED INCIDENT,0,fishing,blacktip / spinner shark
2022,5.0,Thailand,Phuket,Unprovoked,Playing in the water,M,8.0,,1m shark,Laceration to left calf,0,wading / standing,unknown
2022,6.0,Usa,New York,Unprovoked,Swimming,M,,13.0,Shark involvement not confirmed,Injury to right foot,0,swimming,unknown
2022,6.0,Usa,Florida,Unprovoked,Scalloping,F,17.0,15.0,9' shark,Severe bites to leg,0,other,unknown
2022,6.0,Usa,Florida,Unprovoked,Swimming,F,35.0,20.0,,Laceration to leg,0,swimming,unknown
2022,6.0,Usa,Florida,Unprovoked,Jumped into water,M,,,,Laceration to leg,0,wading / standing,unknown
2022,6.0,South Africa,Western Cape Province,Unprovoked,Swimming,M,,14.0,While shark,FATAL,1,swimming,unknown
2022,6.0,Jamaica,,Unprovoked,Fishing,M,,,"Tiger shark, 15'",Right arm severed,0,fishing,tiger shark
2022,6.0,Usa,Florida,Unprovoked,,F,,,,Leg bitten,0,other,unknown
2022,6.0,Usa,California,Unprovoked,Swimming,M,62.0,10.0,"White shark, 16'",Stomach and leg injuries including a broken femur,0,swimming,white shark
2022,6.0,Usa,South Carolina,Unprovoked,,M,,,,,0,other,unknown
2022,6.0,Australia,Western Australia,Unprovoked,Swimming,F,,12.0,,Minor injury,0,swimming,unknown
2022,7.0,England,Cornwall,Unprovoked,Snorkeling,F,,12.0,Blue shark,Minor injury to leg,0,diving / snorkeling,other identified species
2022,7.0,Usa,Florida,Unprovoked,Lobstering,M,13.0,,Nurse shark,Injury to upper lip,0,fishing,nurse shark
2022,7.0,Usa,Florida,Unprovoked,Wading,M,33.0,15.0,Blacktip shark?,Minor bite to left  foot,0,wading / standing,blacktip / spinner shark
2022,7.0,Usa,New York,Unprovoked,Surfing,M,16.0,17.0,6' shark,Four-inch cut to right foot,0,surfing,unknown
2022,7.0,Usa,Noirth Carolina,Unprovoked,Surfing,F,,,,Lacerations to lower leg,0,surfing,unknown
2022,7.0,Usa,Florida,Provoked,Fishing,M,,17.0,Lemon shark  6',Fingrt bitten while releasing hooked shark PROVOKED INCUDEBT,0,fishing,other identified species
2022,7.0,Usa,Florida,Unprovoked,,F,40.0,13.0,"""A small shark""",Minor lacerations to left calf,0,other,unknown
2022,7.0,Usa,New York,Unprovoked,,M,49.0,18.0,,Left wrist and buttocks bitten,0,other,unknown
2022,7.0,Usa,New York,Unprovoked,Surfing,M,41.0,7.0,Thought to involve a 4' sandtiger shark,Two-inch laceration to leg,0,surfing,tiger shark
2022,7.0,Usa,Florida,Unprovoked,Surfing,M,,,6' shark,Minor injury to foot,0,surfing,unknown
2022,7.0,Usa,New York,Unprovoked,Lifeguard Training Exercise,M,17.0,11.0,,Minor injury to foot,0,other,unknown
2022,7.0,Japan,Okinawa,Unprovoked,Snorkeling,M,60.0,,,FATAL,1,diving / snorkeling,unknown
2022,7.0,Usa,Florida,Unprovoked,Surfing,M,28.0,11.0,,Foot bitten,0,surfing,unknown
2022,7.0,Usa,New York,Unprovoked,Lifeguard Exercises,M,,10.0,5'shark,Injuries to chest and right hand,0,other,unknown
2022,7.0,Indonesia,Bali,Unprovoked,Surfing,F,,,,Lacerations to foot,0,surfing,unknown
2022,7.0,Egypt,"Hurghada, Red Sea Governorate",Unprovoked,Snorkeling,F,,,Oceaniic whitetip shark/tiger shark,FATAL,1,diving / snorkeling,white shark
2022,7.0,Egypt,"Hurghada, Red Sea Governorate",Unprovoked,Swimming,F,68.0,,"Oceaniic whitetip shark/tiger shark, 2m shark",FATAL,1,swimming,white shark
2022,8.0,Australia,New South Wales,Unprovoked,Surfing,M,14.0,7.0,Bronze whaler,Puncture wounds to right hand & forearm,0,surfing,other identified species
2022,8.0,Australia,New South Wales,Unprovoked,Kayaking,M,,,"White shark, 3 m","No injury, kayak bitten in half",0,kayaking / boating,white shark
2022,8.0,Usa,South Carolina,Unprovoked,Swimming,F,,11.0,,Minor injury to leg,0,swimming,unknown
2022,8.0,Usa,South Carolina,Unprovoked,Standing,F,,12.0,Blacktip shark,Multiple lLacerations to right forearm,0,wading / standing,blacktip / spinner shark
2022,8.0,Australia,Westerm Australia,Unprovoked,Spearfishing,M,17.0,,White shark,Lacerations to lower legs,0,spearfishing,white shark
2022,8.0,Usa,Florida,Unprovoked,Snorkeling,M,10.0,16.0,"Bull shark, 9'","Lower left leg severely bitten, necessitating surgical amputation",0,diving / snorkeling,bull shark
2022,8.0,Usa,California,Unprovoked,Paddleboarding,M,,11.0,,"No injury, board bitten",0,surfing,unknown
2022,9.0,South Africa,Western Cape Province,Unprovoked,Swimming,F,39.0,7.0,"White shark, 13'",FATAL,1,swimming,white shark
2022,9.0,Usa,Florida,Unprovoked,Spearfishing,M,26.0,,Bu.ll,Severe injuries to right arm,0,spearfishing,unknown
2022,9.0,Bahamas,,Unprovoked,Snorkeling,F,58.0,14.0,Bull shark,FATAL,1,diving / snorkeling,bull shark
2022,9.0,Usa,Hawaii,Unprovoked,Swimming  or Snorkeling,F,51.0,16.0,,Injuries to left arm and right hand,0,diving / snorkeling,unknown
2022,10.0,Usa,California,Unprovoked,Surfing,M,,17.0,,Minor inury from shark's fin,0,surfing,unknown
2022,10.0,Usa,Louisiana,Sea Disaster,Fishing,M,40.0,,,Minor injuries to hands,0,fishing,unknown
2022,10.0,Bahamas,,Unprovoked,Diving,M,,,,Torso bitten,0,diving / snorkeling,unknown
2022,10.0,Usa,Mississippi,Provoked,Fishing,M,,,5'shark,Minor injuries,0,fishing,unknown
2022,10.0,Usa,Hawaii,Unprovoked,Snorkeling,M,51.0,,Tiger shark?,"No injury, swim fin bitten",0,diving / snorkeling,tiger shark
2022,10.0,Australia,South Australia,Unprovoked,Surf skiing,M,19.0,11.0,3m shark,"No injury, ski holed by shark",0,surfing,unknown
2022,10.0,Usa,Florida,Provoked,Fishing,M,15.0,,Juvenile nurse shark,Minor injury to leg by hooked shark,0,fishing,nurse shark
2022,10.0,Usa,Louisiana,Unprovoked,Shipwreck,M,40.0,,,Hand bitten,0,other,unknown
2022,10.0,Australia,Western  Australia,Unprovoked,Spearfishing,M,38.0,11.0,Bull shark,"Multiple injuries to left shoulder, arm and hand",0,spearfishing,bull shark
2022,10.0,Australia,Victoria,Unprovoked,Surfing,M,17.0,19.0,,Lacerations to foot,0,surfing,unknown
2022,10.0,Usa,California,Unprovoked,Surfing,M,31.0,15.0,"White shark, 13'",Thigh injured,0,surfing,white shark
2022,11.0,Usa,Florida,Unprovoked,Swimming,F,10.0,,,Foot bitten,0,swimming,unknown
2022,11.0,Usa,California,Unprovoked,Swimming,F,50.0,10.0,Juvenile white shark,Shallow punctures & lacerations to right thigh,0,swimming,white shark
2022,11.0,Usa,Florida,Provoked,Fishing,M,29.0,15.0,,Right knee & thigh bitten by hooked shark,0,fishing,unknown
2022,12.0,South Africa,KNZ,Provoked,Diving/Shark Feeding,M,26.0,9.0,Blacktip,Hamd bitten,0,diving / snorkeling,blacktip / spinner shark
2022,12.0,Usa,Hawaii,Unprovoked,Swimming,M,68.0,8.0,Tiger  shark?,"Lower left torso, defensive wounds to hands",0,swimming,tiger shark
2022,12.0,Australia,New South ales,Unprovoked,Swimming,M,15.0,16.0,,Lower leg.h bitten,0,swimming,unknown
2022,12.0,Usa,Samoa,Unprovoked,Diving,M,43.0,12.0,,Left leg bitten,0,diving / snorkeling,unknown
2022,12.0,Usa,Hawaii,Unprovoked,Snorkeling,F,60.0,12.0,Tiger shark,Fatal attack,1,diving / snorkeling,tiger shark
2022,12.0,Usa,Texas,Unprovoked,Surfing,M,,,Blacktip,Foot bitten,0,surfing,blacktip / spinner shark
2023,,Coral Sea,,Watercraft,On a round-the-world expedition,M,,1.0,Cookiecutter sharks,Catamaran severely damaged by sharks. No injurty to the 3 men onboard,0,other,other identified species
2023,,South Africa,Eastern Cape Province,Watercraft,Watching the sardine run,,,,,"No injury to occupants, shark defated boat",0,other,unknown
2023,,Usa,Hawaii,Unprovoked,Filming,M,,,Tiger sharks,Sharks bit their inflatable boats,0,other,tiger shark
2023,,New Caledonia,South Province,Unprovoked,Swimming,M,49.0,10.0,Bull shark,"Hands, back and thigh inujured",0,swimming,bull shark
2023,,Usa,Florida,Unprovoked,Swimming,M,34.0,14.0,,Lacerations to leg,0,swimming,unknown
2023,1.0,Australia,Queensland,Unprovoked,Fishing,M,8.0,,A small shark,Minor injury to chest,0,fishing,unknown
2023,1.0,Mexico,Gulf of California,Unprovoked,Diving with  surface-supplied air,M,53.0,11.0,,Fatal,1,surfing,unknown
2023,1.0,Usa,Florida,Provoked,Spearishing,M,30.0,14.0,Mako shark,Knocked spear out of his hands and fin bitten,0,spearfishing,other identified species
2023,1.0,Maldives,Vaavu Atoll,Provoked,Snorkeling at Shark Feeding site,F,30.0,,Nurse shark,Minor injury to shoulder and back,0,diving / snorkeling,nurse shark
2023,2.0,Brazil,Pernambuco,Unprovoked,Surfing,M,32.0,16.0,,Injuries to left thih and calf,0,surfing,unknown
2023,2.0,Usa,Florida,Unprovoked,Surfing,M,60.0,17.0,,Injury to lower leg,0,surfing,unknown
2023,2.0,Australia,Western Australia,Unprovoked,Swimming,F,16.0,15.0,Bull shark,Fatal,1,swimming,bull shark
2023,3.0,Usa,Florida,Unprovoked,Kite-Surfing,M,67.0,14.0,,Lacertions to right calf,0,surfing,unknown
2023,3.0,Cuba,Artemisa,Provoked,Fishing,M,17.0,,,Arm bitten,0,fishing,unknown
2023,3.0,Australia,Western Australia,Unprovoked,Wading,M,,18.0,,Lower left leg and foot injured,0,wading / standing,unknown
2023,3.0,Usa,Hawaii,Unprovoked,Swimming,M,60.0,12.0,Blacktip reef shark 5',Left hand and  left leg.,0,swimming,blacktip / spinner shark
2023,3.0,Australia,Western Australia,Unprovoked,Surf-sking,F,,8.0,5m to 6m shark,,0,surfing,unknown
2023,3.0,Brazil,Pernambuco,Unprovoked,Swimming,F,15.0,14.0,,Left arm severly injured,0,swimming,unknown
2023,3.0,Brazil,Pernambuco,Unprovoked,Swimming,M,14.0,,,Right thigh bitten resulting in surgical amputation,0,swimming,unknown
2023,4.0,Australia,Western Australia,Unprovoked,Swimming,M,,11.0,1m shark,Minor injuries,0,swimming,unknown
2023,4.0,Australia,Western Australia,Unprovoked,Snorkeling,M,11.0,15.0,,Cuts to leg,0,diving / snorkeling,unknown
2023,4.0,Usa,Florida,Unprovoked,Spearfishing,M,,,"Bull shark, 6'",Minor injury to lower right leg,0,spearfishing,bull shark
2023,4.0,Australia,Western Australia,Unprovoked,Surfing,M,30.0,7.0,"Bronze whaler shark, 1.5 m",Bite to right arm,0,surfing,other identified species
2023,4.0,Usa,Florida,Unprovoked,Windsurfing,F,,15.0,,Lacerations to leg,0,surfing,unknown
2023,4.0,Usa,Florida,Watercraft,Kayak fishing,M,,7.0,,"No injury, kayak damaged",0,fishing,unknown
2023,4.0,Usa,Hawaii,Unprovoked,Surfing,M,58.0,7.0,"Tiger shark, 8'-10'",Injuries to right foot,0,surfing,tiger shark
2023,5.0,French Polynesia,Tahiti,Unprovoked,Kite surfing,F,25.0,14.0,"Grey reef shark, 2 m",Buttock bitten,0,surfing,other identified species
2023,5.0,New Caledonia,Poum,Unprovoked,Spearfishing,M,42.0,11.0,,"Fatal, bite to leg, shoulder and head",1,spearfishing,unknown
2023,5.0,Turks And Caicos,Providenciales Island,Unprovoked,Snorkeling,F,22.0,15.0,Caribbean reef shark,Left foot severed,0,diving / snorkeling,other identified species
2023,5.0,Usa,Utah,Provoked,Shark Feeding,F,26.0,0.0,"18"" - 23"" Horn shark",Bitten on hand minor injury,0,other,unknown
2023,5.0,Usa,New Jersey,Unprovoked,Surfing,F,15.0,15.0,,Lacerations to left foot and calf,0,surfing,unknown
2023,5.0,Usa,Florida,Provoked,Fishing,M,35.0,20.0,,PROVOKED INCIDENT   Hooked shark bit his foot,0,fishing,unknown
2023,5.0,Usa,Florida,Unprovoked,Spearfishing,M,20.0,15.0,,,0,spearfishing,unknown
2023,5.0,Usa,South Carolina,Unprovoked,Swimming,F,24.0,17.0,,Minor inuries to right knee,0,swimming,unknown
2023,5.0,Australia,South Australia,Unprovoked,Surfing,M,46.0,10.0,White shark,FATAL,1,surfing,white shark
2023,5.0,Usa,Florida,Unprovoked,Sitting,F,13.0,,"Bull shark, 4'",Multiple bites,0,other,bull shark
2023,5.0,Usa,Hawaii,Provoked,Kayak fishing,M,,,Tiger shark,"Shark bit kayak, no inury to occupant",0,fishing,tiger shark
2023,5.0,Cuba,Mayabeque,Provoked,Spearfishing,M,,,Bull shark,FATAL,1,spearfishing,bull shark
2023,5.0,Usa,Florida,Unprovoked,Spearfishing,M,22.0,11.0,,Injury to lower leg,0,spearfishing,unknown
2023,5.0,South Africa,Easten Cape Province,Unprovoked,Surfing,M,,19.0,,Leg injured,0,surfing,unknown
2023,5.0,South Africa,Easten Cape Province,Unprovoked,Diving for crayfish,M,39.0,,,Shoulder injured,0,diving / snorkeling,unknown
2023,6.0,Usa,Florida,Unprovoked,Swimming,F,,,,Multiple puncture wounds to right thigh,0,swimming,unknown
2023,6.0,Usa,Florida,Unprovoked,Fishing,M,,10.0,,Hand bitten,0,fishing,unknown
2023,6.0,Egypt,Red Sea Protectorate,Unprovoked,Swimming,M,24.0,15.0,"Tiger shark, 13'",Fatal,1,swimming,tiger shark
2023,7.0,Usa,Florida,Unprovoked,Surfing,M,22.0,9.0,,Ankle injured,0,surfing,unknown
2023,7.0,Usa,Florida,Unprovoked,Spearfishing,M,22.0,15.0,,Lower leg bitten,0,spearfishing,unknown
2023,7.0,Usa,Florida,Unprovoked,Swimming,F,26.0,20.0,,Superficial injuries to abomen and thighs,0,swimming,unknown
2023,7.0,Australia,Western Australia,Unprovoked,Surfing,M,,8.0,Wfite shark,Laceration to leg,0,surfing,unknown
2023,7.0,Australia,Western Australia,Unprovoked,Snorkeling,M,77.0,,Wobbegong shark,Lower left leg bitten,0,diving / snorkeling,other identified species
2023,7.0,Usa,South Carolina,Unprovoked,Boogie boarding,M,60.0,13.0,8' shark,Right foot injured,0,surfing,unknown
2023,7.0,Colombia,San Andrés Island,Unprovoked,Freediving,M,38.0,,Oceanic whitetip shark,"Lower right leg bittenLa Patria, 7/20/2023w",0,diving / snorkeling,white shark
2023,7.0,Usa,Florida,Unprovoked,Sitting,M,49.0,14.0,,Superficial injury to back,0,other,unknown
2023,7.0,Usa,Florida,Unprovoked,Surfing,M,21.0,15.0,,Severe injury to foot,0,surfing,unknown
2023,7.0,Ecuador,Galapagos Islands,Unprovoked,Snorkeling,F,42.0,,,Serious injury to right leg,0,diving / snorkeling,unknown
2023,7.0,Usa,New York,Unprovoked,Standing,F,,16.0,4' shark,Puncture wounds to thigh,0,wading / standing,unknown
2023,7.0,Usa,New York,Unprovoked,Swimming,M,49.0,13.0,3' shark,Injury to right hand,0,swimming,unknown
2023,7.0,Usa,New York,Unprovoked,Swimming,M,47.0,13.0,,Laceration to right knee,0,swimming,unknown
2023,7.0,Usa,New York,Unprovoked,Surfing,M,15.0,17.0,,Injury to left heel and toes,0,surfing,unknown
2023,7.0,Usa,New York,Unprovoked,Swimming,F,15.0,13.0,Sand tiger shark,3 small puncture wounds to left leg,0,swimming,tiger shark
2023,8.0,Usa,North Carolina,Unprovoked,Wading,,9.0,9.0,,Minor injury to shoulder,0,wading / standing,unknown
2023,8.0,Usa,California,Watercraft,Kayak fishing,M,19.0,13.0,,"Shark bit kayak, no injury to occupant",0,fishing,unknown
2023,8.0,Spain,Valencia,Unprovoked,Wading,M,35.0,,Blue shark,Minor lacerations to right foot,0,wading / standing,other identified species
2023,8.0,Portugal,Norte,Provoked,Fishing,M,,19.0,Blue shark,Leg bitten,0,fishing,other identified species
2023,8.0,Samoa,Savai'i island,Unprovoked,Towing a dead whale out to sea,M,,,,FATAL,1,other,unknown
2023,8.0,Usa,New York,Unprovoked,Wading,F,65.0,17.0,,Laceration to left posterior thigh,0,wading / standing,unknown
2023,9.0,Usa,South Carolina,Unprovoked,Swimming,M,,16.0,,Non-lifethreatening injuries,0,swimming,unknown
2023,9.0,Egypt,South Sinai,Unprovoked,Swimming,F,34.0,,Tiger shark?,"Left arm severely bitten, surgically amputated",0,swimming,tiger shark
2023,9.0,Usa,Florida,Unprovoked,Surfing,M,,,,Bite to lower back,0,surfing,unknown
2023,9.0,Usa,Florida,Unprovoked,Surfing,M,,,,Left hand bitten,0,surfing,unknown
2023,9.0,Usa,Florida,Unprovoked,Wading,F,37.0,,,Right foot bitten,0,wading / standing,unknown
2023,10.0,Australia,South Australia,Unprovoked,Surfing,M,55.0,10.0,"White Shark, 4.5 m",FATAL,1,surfing,white shark
2023,10.0,Usa,Hawaii,Unprovoked,Surfing,M,30.0,15.0,8' tiger shark,Bite to right thigh,0,surfing,tiger shark
2023,10.0,Mexico,Quintana Roo,Provoked,Fishing,M,59.0,,,Both arms injured,0,fishing,unknown
2023,10.0,Australia,Western Australia,Watercraft,Fishing,M,,17.0,"Bronze whaler, 6'",Dinghy damaged by shark. No injurty to the 5 men onboard,0,fishing,other identified species
2023,10.0,Belize,Belize District,Unprovoked,Snorkeling,F,8.0,,"Nurse shark, 5' to 6'",Foot injured,0,diving / snorkeling,nurse shark
2023,10.0,Usa,Hawaii,Unprovoked,Surfing,M,50.0,16.0,10' tiger shark,Left leg and hand injured,0,surfing,tiger shark
2023,10.0,Usa,California,Unprovoked,Surfing,M,52.0,15.0,,Minor linjury to left lower leg,0,surfing,unknown
2023,10.0,Usa,Hawaii,Unprovoked,Surfing,F,45.0,13.0,10' to 12' Galapagos shark,Minor injury. Shark bit surfboard,0,surfing,other identified species
2023,10.0,Australia,South Australia,Unprovoked,Swimming,F,64.0,7.0,,Minor injury. Shark bit surfboard,0,swimming,unknown
2023,10.0,Usa,California,Unprovoked,Swimming,M,52.0,10.0,,Body not recovered,1,swimming,unknown
2023,11.0,Australia,Queensland,Unprovoked,Swimming,M,21.0,11.0,1.8m bull shark,Puncture wounds to right upper arm,0,swimming,bull shark
2023,11.0,Bahamas,Grand  Bahama Island,Unprovoked,Scuba diving,F,47.0,10.0,,FATAL,1,diving / snorkeling,unknown
2023,11.0,Australia,South Australia,Unprovoked,Free diving,F,32.0,13.0,,Injuries to scalp and face,0,diving / snorkeling,unknown
2023,11.0,Usa,Florida,Unprovoked,Swimming,M,66.0,10.0,,Lacerations to right forearm,0,swimming,unknown
2023,11.0,Australia,Westerm Australia,Unprovoked,Spearfishing,M,,14.0,Lemon shark,Minor injury,0,spearfishing,other identified species
2023,11.0,New Zealand,North Island,Unprovoked,Free diving,M,,9.0,White shark,Minor injury. Wetsuit shredded,0,diving / snorkeling,white shark
2023,12.0,Usa,Hawaii,Unprovoked,Surfing,M,39.0,11.0,,FATAL,1,surfing,unknown
2023,12.0,Mexico,Sonora,Unprovoked,Free diving,M,22.0,13.0,White shark,FATAL,1,diving / snorkeling,white shark
2023,12.0,Australia,South Australia,Unprovoked,Surfing,M,15.0,13.0,"White shark, 13'",FATAL,1,surfing,white shark
2023,12.0,Australia,New South Wales,Unprovoked,Surfing,M,16.0,16.0,,Injury to right thigh,0,surfing,unknown
2023,12.0,Australia,Western Australia,Unprovoked,Foil Boarding,M,46.0,15.0,Broze whaler?,Puncture wounds to right ankle,0,surfing,other identified species
2023,12.0,New Zealand,South Island,Unprovoked,Wading,F,21.0,2.0,Sevengill shark,Significant injury to leg,0,wading / standing,other identified species
2023,12.0,Australia,Queensland,Unprovoked,Snorkeling,M,20.0,16.0,,Leg severely  injured,0,diving / snorkeling,unknown
2023,12.0,Bahamas,New Providence   Isoad,Unprovoked,Paddle boarding,F,44.0,11.0,,FATAL,1,surfing,unknown
2023,12.0,Mexico,Jalisco,Unprovoked,Swimming,F,26.0,,,FATAL,1,swimming,unknown
2024,1.0,Australia,Western Australia,Unprovoked,Surfing,M,,,1m shark species unknown,Not stated minor injuries,0,surfing,unknown
2024,1.0,Hawaii,Maui,Unprovoked,Surfing,M,61.0,,Not stated,Right leg severted below knee,0,surfing,unknown
2024,1.0,Australia,New  South Wales,Unprovoked,Swimming,F,29.0,20.0,Bull shark,Right leg bitten,0,swimming,bull shark
2024,1.0,Bahamas,Paradise Island,Unprovoked,Swimming,M,10.0,16.0,,Right leg injured,0,swimming,unknown
2024,1.0,Australia,South Australia,Unprovoked,Surfing,M,64.0,13.0,White shark,Leg bitten,0,surfing,white shark
2024,1.0,South Africa,Eastern Cape Province,Provoked,Fishing,M,62.0,,Raggedtooth shark,Provoked incident. Lacerations and puncture wounds to hand and calf from hooked shark,0,fishing,unknown
2024,2.0,Australia,Queensland,Unprovoked,Spearfishing,M,,,Not stated,Not stated but reported as minor injuries both arms,0,spearfishing,unknown
2024,2.0,Usa,California,Unprovoked,Swimming ocean training,M,46.0,9.0,Not specified,Significant bites to torso left arm and hand,0,swimming,unknown
2024,2.0,Maldive Islands,Maahvah Laamu Atoll,Unprovoked,Military ocean training,M,23.0,,Not specified,Wounds to lower extremities Fatal,1,other,unknown
2024,2.0,Usa,South Carolina,Unprovoked,Spearfishing,M,65.0,13.0,3m Sandbar shark,Bitten on left arm,0,spearfishing,other identified species
2024,2.0,Australia,Western Australia,Unprovoked,Swimming,F,46.0,11.0,Tiger shark,Leg bitten,0,swimming,tiger shark
2024,2.0,India,Maharashtra,Unprovoked,Fishing,M,32.0,,"Bull shark, 7'",Calf of lower left leg injured,0,fishing,bull shark
2024,2.0,Trinidad,,Provoked,Spearfishing,M,,6.0,Blacktip reef shark,Shoulder bitten,0,spearfishing,blacktip / spinner shark
2024,3.0,Australia,Queensland,Unprovoked,Swimming,F,13.0,16.0,Tiger shark,"Minor injuries to back, abdomen and legs",0,swimming,tiger shark
2024,3.0,Usa,Hawaii,Unprovoked,Surfing,M,,,Tiger shark 8',"No injury, shark bit surfboard",0,surfing,tiger shark
2024,3.0,Usa,Hawaii,Unprovoked,Swimming,F,11.0,13.0,3' to 4' shark,Lacerations to left foot,0,swimming,unknown
2024,4.0,Usa,Texas,Unprovoked,Swimming,F,,,Bull shark 6 ft,Bite to left leg calf muscle removed,0,swimming,bull shark
2024,4.0,Usa,Floria,Unprovoked,Playing football in the water,M,21.0,0.0,Not specified,Minor injury to right foot four tendons ruptured,0,wading / standing,unknown
2024,4.0,Usa,Florida,Unprovoked,Swimming,M,,0.0,6ft shark,Bite to left leg,0,swimming,unknown
2024,4.0,Tobago,Graet Courland Bay,Unprovoked,Swimming,M,64.0,9.0,Bull shark 3m,Bite wounds to left arm and leg wounds to abdomen and left hand,0,swimming,bull shark
2024,4.0,Bahamas,Clarence Town Long Isand,Unprovoked,Jumpinf from dock to boat acidentally fell into water at marina,M,24.0,,Carribean reef shark 7ft,Bitten on left leg puncture wounds to kneecap,0,wading / standing,other identified species
2024,4.0,Australia,South Australia,Unprovoked,Fishing,M,16.0,13.0,Great White,Minor bite to left leg,0,fishing,white shark
2024,4.0,Australia,Western Australia,Unprovoked,Surfing,M,26.0,12.0,Not specified,Minor injuries left foot,0,surfing,unknown
2024,5.0,Usa,Florida,Unprovoked,Wading,M,26.0,15.0,Not specified,Minor injury to left foot,0,wading / standing,unknown
2024,5.0,Usa,Galveston,Unprovoked,Wading,F,19.0,14.0,Not specified,Bitten on left hand by 4-5ft shark,0,wading / standing,unknown
2024,5.0,Turks And Caicos,Providenciales Island,Unprovoked,snorkelling,M,27.0,15.0,Large shark,Major damage to right leg later amputated lower left leg left hand and forearm,0,diving / snorkeling,unknown
2024,5.0,French Polynesia,Gambier Islands,Unprovoked,Freediving,M,20.0,,2.5m shark,Bite left forearm several ripped tendons severed nerves deep muscle wounds,0,diving / snorkeling,unknown
2024,6.0,Belize,Gulf of Honduras,Unprovoked,Swimming - Diving,F,15.0,,Reef shark 6ft (1.8m),Right lower leg amputated after serious bite,0,diving / snorkeling,other identified species
2024,7.0,Australia,NSW,Unprovoked,Surfing,M,23.0,0.0,3m White Shark,Serious injury to leg,0,surfing,white shark
2024,7.0,Australia,Western Australia,Unprovoked,Surfing,M,41.0,,Undetermined small shall shark,Minor injury to lower left leg,0,surfing,unknown
2024,7.0,Usa,Hawaii,Unprovoked,Unconfirmed Possibly swimming near the boat harbour,F,25.0,0.0,Not stated area has Tiger and Galapogas sharks,Multiple serious lacerations to the body,0,swimming,tiger shark
2024,7.0,Usa,Florida,Unprovoked,Wading,F,15.0,,Not specified Bull shark highly suspect,Left hand bitten off and right leg bitten,0,wading / standing,bull shark
2024,7.0,Usa,Florida,Unprovoked,Swimming,F,45.0,13.0,Not specified Bull shark highly suspect,Significant injuries to pelvic and abdominal region lower left arm amputated,0,swimming,bull shark
2024,8.0,Jamaica,Montego Bay,Unprovoked,Spearfishing,M,16.0,,Reportedly Tiger Shark,Head right arm and leg severed,1,spearfishing,tiger shark
2024,8.0,Usa,Florida,Unprovoked,Diving into Water,M,14.0,15.0,4-5ft Blacktip shark,Lower left leg injury,0,diving / snorkeling,blacktip / spinner shark
2024,8.0,Australia,Western Australia,Unprovoked,Spearfishing,M,43.0,18.0,Undetermined,Not specified,0,spearfishing,unknown
2024,8.0,Maldive Islands,Nunu Atoll,Unprovoked,Swimming,M,,,Not specified,Minor injury to left leg,0,swimming,unknown
2024,9.0,Honduras,Trujillo Colon,Unprovoked,Diving for shellfish,M,33.0,,Bull shark 6-7ft,Bite to left leg,0,diving / snorkeling,bull shark
2024,9.0,Morocco,Southern Morocco,Unprovoked,Swimming - jumped off yacht,F,30.0,0.0,Reportedly a Great White,Leg severed,1,swimming,white shark
2024,10.0,Australia,Queensland,Unprovoked,Snorkeling,F,57.0,,Reported as a large Tiger shark,30cm (1ft) bite to lower calf,0,diving / snorkeling,tiger shark
2024,10.0,Usa,Florida,Unprovoked,Surfing,M,27.0,,Bull or tiger 7-8ft,Both feet bitten,0,surfing,tiger shark
2024,10.0,Honduras,Tela,Unprovoked,Swimming,M,38.0,,Bull shark,Back and thigh extensive tissue loss,0,swimming,bull shark
2024,11.0,Thailand,Phang Nga Province,Unprovoked,Swimming,F,57.0,,Unknown,Minor to  moderate injuries both legs,0,swimming,unknown
2024,11.0,New Zealand,Bay of Waitangi,Unprovoked,Diving,M,24.0,,Great White Shark,Not stated but injuries fatal,1,diving / snorkeling,white shark
2024,11.0,Maldives,Kaafu,Unprovoked,Diving,F,45.0,,Not stated,Not stated but reported as minor injuries,0,diving / snorkeling,unknown
2024,11.0,Usa,Florida,Unprovoked,Surfing,M,16.0,,Bull shark 6ft,Bite to left arm,0,surfing,bull shark
2024,12.0,Mozambique,?,Unprovoked,Diving,M,,,Unknown,Diving for sea urchins attacked by shark injuries not specified,1,diving / snorkeling,unknown
2024,12.0,Egypt,North of Marsa Alam,Unprovoked,SCUBA Diving,M,69.0,,Reportedly a Tiger Shark,Injuries to stomach preventing attack on friend,0,diving / snorkeling,tiger shark
2024,12.0,Egypt,North of Marsa Alam,Unprovoked,SCUBA Diving,M,48.0,,Reportedly a Tiger Shark,Entire calf muscle removed and bitten both arms and legs,1,diving / snorkeling,tiger shark
2024,12.0,Australia,Queensland,Unprovoked,Spearfishing,M,40.0,,Unknown,Life threatening injuries to neck and arm,1,spearfishing,unknown
2025,1.0,Australia,Western Australia,Unprovoked,Bathing,M,12.0,11.0,Not stated,Minor bite to lower body,0,swimming,unknown
2025,1.0,Australia,Western Australia,Unprovoked,Surfing,M,37.0,0.0,Bronze whaler,None - chunk of surfboard  bitten out,0,surfing,other identified species
2025,2.0,Australia,Victoria,Unprovoked,Swimming,M,,,Not stated,minor lacerations to left calf,0,swimming,unknown
2025,2.0,Australia,Western Australia,Unprovoked,Kayaking,F,35.0,15.0,Not stated,None kayak badly damaged by shark,0,kayaking / boating,unknown
2025,2.0,Australia,Queensland,Unprovoked,Snorkeling,M,29.0,3.0,Not stated,Abdominal and leg injuries,0,diving / snorkeling,unknown
2025,2.0,New Caledonia,Grande Terre,Unprovoked,Spearfishing,M,40.0,15.0,Reportedly Tiger or Bull shark,Severe arm injury and delay in medical treatment caused victim to die,1,spearfishing,tiger shark
2025,2.0,Australia,South Australia,Unprovoked,Surfing,M,28.0,10.0,Great White Shart estimated 4.8m 16 ft,Body not recovered,1,surfing,white shark
2025,3.0,Australia,WA,Unprovoked,Swimming,M,,,1.5m Tiger shark,Bumping to the body,0,swimming,tiger shark
2025,3.0,Australia,Queensland,Unprovoked,Swimming,F,17.0,,Bull shark,Bites to arm and upper body,1,swimming,bull shark
2025,3.0,Mozambique,Inhambane Province,Unprovoked,Spearfishing,M,36.0,,Described as a large terrifying animal,"Legs, buttocks and stomach",1,spearfishing,unknown
2025,4.0,Israel,Hadera,Unprovoked,Diving,M,45.0,0.0,Dusky sharks,Remains recovered several days after the attcks,1,diving / snorkeling,other identified species
2025,4.0,Bahamas,Abacos,Unprovoked,Spearfishing,M,60.0,,1.5m (5ft) Reef shark,Bite to right shin,0,spearfishing,other identified species
2025,4.0,Usa,Texas,Unprovoked,Swimming,F,18.0,,6 ft shark,Superficial wounds to leg,0,swimming,unknown
2025,5.0,Usa,California,Unprovoked,Surfing,M,42.0,0.0,Great White,No injury,0,surfing,white shark
2025,5.0,Usa,North Carolina,Unprovoked,Swimming,M,26.0,0.0,Not stated,Gash to lower left leg,0,swimming,unknown
2025,5.0,Vanuatu,South Santo,Unprovoked,Swimming,M,14.0,,Not stated,Multiple injuries to body one hand and leg bitten off,1,swimming,unknown
2025,5.0,Australia,South Australia,Unprovoked,Swimming,M,66.0,,Not stated,Injury to thigh,0,swimming,unknown
2025,6.0,Australia,NSW,Unprovoked,Swimming,M,16.0,,2m Bull shark?,Serious bites to r bicep r wrist and r leg,0,swimming,bull shark
2025,6.0,Usa,Long Island NY,Unprovoked,Swimming,F,20.0,15.0,Sand Tiger shark,Lacerations to lower left foot and leg,0,swimming,tiger shark
2025,6.0,Usa,South Carolina,Unprovoked,Swimming,F,,10.0,Small shark,Laceration to lower right leg,0,swimming,unknown
2025,6.0,Usa,South Carolina,Unprovoked,Swimming,F,12.0,0.0,Not stated,Laceration to lower right leg,0,swimming,unknown
2025,7.0,Australia,South Australia,Unprovoked,Kayaking,M,19.0,,Great White Shark est 3m (10ft),Kayak badly damaged no injury to person,0,kayaking / boating,white shark
2025,7.0,French Polynesia,Nuku Hiva,Unprovoked,Swimming,M,7.0,,Undetermined,Injuries to right forearm left hand and calf was missing,0,swimming,unknown
2025,7.0,Spain,Majorca,Unprovoked,Swimming,F,85.0,,Undetermined,Gash to leg,0,swimming,unknown
2025,7.0,Canary Islands,Fuerteventura,Unprovoked,Surfing (Hydrofoiling),M,,,Undetermined,Lacerations to left leg above the knee,0,surfing,unknown
2025,7.0,Usa,Florida,Unprovoked,Diving,M,69.0,,Lemon shark,Lacerations to right forearm,0,diving / snorkeling,other identified species
2025,7.0,Usa,Florida,Unprovoked,Surfing,M,18.0,,Undetermined,Lacerations to left foot,0,surfing,unknown
2025,7.0,Bahamas,Great Abaco Islands,Unprovoked,Spearfishing,M,66.0,,5ft (1.5m) Bull shark,Lacerations to right arm,0,spearfishing,bull shark
2025,7.0,Usa,Massachusetts,Provoked,Fishing,M,21.0,,Unknown,Injury to leg,0,fishing,unknown
2025,7.0,Usa,Florida,Unprovoked,Surfing,M,40.0,0.0,Undetermined small shall shark,Lacerations to right arm,0,surfing,unknown
2025,7.0,South Africa,KwaZulu-Natal,Unprovoked,Fishing,M,37.0,,Undetermined,Mltiple injuries to body,1,fishing,unknown
2025,7.0,Australia,NSW,Unprovoked,Swimming,F,56.0,,Bull shark,Serious lacerations above right knee.,0,swimming,bull shark
2025,7.0,Turks And Caicos,Near five Cays settlement West Caicos,Unprovoked,Swimming,F,55.0,,1.8m (6ft) bull shark,both hands bitten off and a bite to left thigh,0,swimming,bull shark
2025,8.0,Usa,Texas,Unprovoked,Swimming,F,8.0,,Not stated,Bite to leg,0,swimming,unknown
2025,8.0,Australia,NSW,Unprovoked,Surfing,M,,,5m (16.5ft) Great White,None sustained board severly damaged,0,surfing,white shark
2025,8.0,Bahamas,Atlantic Ocean near Big Grand Cay,Unprovoked,Spearfishing,M,63.0,0.0,Undetermined,Severe injuries no detail,0,spearfishing,unknown
2025,8.0,Usa,Florida,Provoked,Fishing,M,,,Lemon shark 1.8 m (6ft),Laceration to right leg below the knee,0,fishing,other identified species
2025,8.0,Australia,NSW,Unprovoked,Surfing,M,9.0,,Suspected Great White,None sustained board severely damaged,0,surfing,white shark
2025,8.0,Puerto Rico,Carolina,Unprovoked,Wading,F,39.0,,Undetermined,Bite to thigh area,0,wading / standing,unknown
2025,8.0,Jamaica,Montego Bay,Unprovoked,Paddling,F,26.0,,Small shark 1m (3ft) long,minor injuries to fingers of left hand,0,surfing,unknown
2025,9.0,Usa,Off California,Unprovoked,Swimming,M,54.0,0.0,unknown 1.2m shark,Leg and foot injury,0,swimming,unknown
2025,9.0,Costa Rica,,Provoked,Diving-Tagging sharks,M,48.0,,Tiger shark 4m,Head face and arms,0,diving / snorkeling,tiger shark
2025,9.0,Australia,NSW,Unprovoked,Surfing,M,57.0,,Great White Shark,Both legs and arm severed,1,surfing,white shark
2025,9.0,Usa,Florida,Unprovoked,Snorkeling,M,8.0,,Not stated,Bite to leg,0,diving / snorkeling,unknown
2025,10.0,Columbia,"Bolivar, del Isolate",Unprovoked,Swimming with sharks,M,14.0,,Nurse shark,Severe hand injury,0,swimming,nurse shark
2025,10.0,Australia,Queensland,Unprovoked,Fishing/swimming,M,14.0,23.0,Tiger or Bull shark,Serious abdonminal injuries,0,fishing,tiger shark
2025,10.0,Australia,South Australia,Unprovoked,Surfing,M,,,Bronze whaler?,Lacerations to calf,0,surfing,other identified species
2025,10.0,Australia,WA,Unprovoked,Surfing,M,37.0,10.0,Great White Shark,Missing body not recovered,1,surfing,white shark
2025,10.0,Bahamas,,Unprovoked,Swimming,F,24.0,,bull shark,Left foot injured,0,swimming,bull shark
2025,10.0,Bahamas,,Unprovoked,Swimming,F,20.0,,bull shark,Severed archilles tendon artery severed nerves severed.,0,swimming,bull shark
2025,11.0,Australia,NSW,Unprovoked,Swimming,M,26.0,,3m Bull shark,Serious leg injuries,0,swimming,bull shark
2025,11.0,Australia,NSW,Unprovoked,Swimming,F,25.0,,3m Bull shark,Not stated,1,swimming,bull shark
2025,11.0,Australia,Western Australia,Unprovoked,Foil Boarding,M,61.0,,Great White Shark,No Injury to self,0,surfing,white shark
2025,11.0,French Polynesia,Marquesas Islands,Unprovoked,Swimming,M,40.0,,3m shark,Deep Gash to bicep,0,swimming,unknown
2025,11.0,Usa,Hawaii,Unprovoked,Swimming,M,,,Unknown,Injuries to legs,0,swimming,unknown
2025,11.0,Usa,Texas,Unprovoked,Fishing,M,,,Not stgated,Laceration on top and undermeath right foot,0,fishing,unknown
2025,11.0,Samoa,,Unprovoked,Surfing,M,13.0,0.0,Suspected Tiger shark,Lacerations to right leg,0,surfing,tiger shark
2025,11.0,Usa,Florida,Unprovoked,Snorkeling,F,9.0,11.0,Bull shark,Right hand almost torn off,0,diving / snorkeling,bull shark
2025,11.0,Usa,Hawaii,Provoked,Diving,M,23.0,,Not stated,Bitten on the arm,0,diving / snorkeling,unknown
2025,12.0,Mozambique,Inhambe Province,Unprovoked,Not stated,,,,Unknown,One leg missing and also a portion of the other leg,1,other,unknown
2025,12.0,Australia,Western Australia,Unprovoked,SCUBA Diving,M,,,Great White Shark,None to report,0,diving / snorkeling,white shark
2025,12.0,Usa,California,Unprovoked,Swimming,F,55.0,0.0,Great White Shark,Taken by shark body recovered with multiple injuries,1,swimming,white shark
2025,12.0,Usa,Sonoma County California,Unprovoked,Surfing,M,,0.0,Suspected Great White Shark,Hand Injury,0,surfing,white shark
2025,12.0,Usa,Hawaii West Coast Big Island,Provoked,Freeing trapped shark,M,24.0,,Black Tip Reef Shark,Bite wounds to thigh,0,other,blacktip / spinner shark
2025,12.0,Usa,Florida,Unprovoked,Undisclosed,M,,0.0,Not stated,Injuries to right hand and arm,0,other,unknown
